Elevation,Slope,Aspect,TWI,LS_Factor,SDOIF,Actual_Label,Predicted_Label,Risk_Probability,Risk_Level
252.44,37.2135524,194.86772000000002,3.9743780400000004,10.16172648,1.2297242400000001,0,0,0.195,LOW
124.36,22.999199600000008,280.2313639999999,5.2323632799999995,6.614104280000001,1.2888180799999998,0,0,0.025,LOW
97.8,35.52528639999999,96.33602880000001,4.611252319999999,10.816895520000001,1.3119481999999996,1,0,0.4,MEDIUM
353.04,22.403023199999993,35.278144479999995,3.717976039999999,4.732077399999999,1.3318089599999998,0,0,0.17,LOW
46.96,35.2544592,104.70388040000003,4.312658999999999,10.0977494,1.2488162,0,0,0.245,LOW
164.96,39.0950808,232.96597199999997,3.6647691600000005,10.170995000000001,1.3673925999999996,1,0,0.43,MEDIUM
591.04,41.651872,176.17561999999998,3.660097159999999,11.076346280000001,1.3194293599999998,0,0,0.42,MEDIUM
15.8,36.017746800000005,267.8022040000001,4.391924079999999,10.630387680000002,1.2752942800000002,0,0,0.375,LOW
211.96,28.710902,89.04127080000002,3.3799013999999996,6.422786239999999,1.2651820399999998,0,0,0.1,LOW
262.12,28.498073200000004,208.352008,3.4795255199999997,6.347632039999999,1.3041766800000003,1,1,0.88,HIGH
583.0,39.343672,270.790676,3.7373098,10.437281440000001,1.3130319999999998,0,1,0.52,MEDIUM
173.48,33.188338800000004,79.3479972,4.59901488,10.019698319999998,1.282958,1,0,0.465,MEDIUM
215.08,21.35682016,243.61627199999995,4.232257400000001,4.949661764000001,1.36007544,0,0,0.165,LOW
369.76,37.211304399999996,272.67658400000005,5.973027640000001,15.084611999999998,1.36464932,0,0,0.025,LOW
575.48,32.49432039999999,293.25394800000004,5.243101360000001,10.982661680000001,1.3565375599999998,0,0,0.135,LOW
188.36,28.659564679999995,85.92396120000001,5.13869564,8.454884379320001,1.3180233199999998,0,0,0.31,LOW
259.04,31.496760800000008,198.04283200000006,4.66217832,9.19042448,1.36140932,1,0,0.5,MEDIUM
30.72,38.238936800000005,84.81859079999998,4.00257684,10.459476600000002,1.1445256000000001,1,1,0.645,MEDIUM
76.88,31.704509200000007,259.19304475999996,4.0295359600000005,8.576221479999997,1.3186908,1,0,0.43,MEDIUM
264.12,17.4776576,255.68699399999994,4.699672239999999,4.3492672400000005,1.2772674800000003,0,0,0.01,LOW
361.96,26.643915599999993,94.8163832,3.903664160000001,6.306132359999999,1.3310924400000002,1,1,0.73,HIGH
168.64,21.811828680000005,311.3130040000001,3.25032708,4.216274288,1.3114025999999996,0,0,0.295,LOW
18.24,26.401205599999997,295.37129600000003,5.7179426000000015,8.86596232,1.26000444,1,0,0.105,LOW
259.68,16.820296,195.6677476,4.4513129199999995,4.177774356,1.33149052,0,0,0.015,LOW
78.52,35.7312048,105.7361572,3.805853919999999,9.11065896,1.2913273199999997,0,0,0.29,LOW
348.0,51.6875956,133.07299999999998,3.72258156,15.021948400000001,1.3633594400000002,0,0,0.23,LOW
63.44,23.6061428,186.92951600000006,4.58454872,6.015480159999997,1.1169966400000002,0,0,0.025,LOW
322.4,27.66391012,85.040538,4.974613999999999,7.981579239999998,1.3254786800000002,1,0,0.3,LOW
146.8,27.852689599999998,69.3276484,3.2932290799999997,5.975776919999999,1.3031178799999998,1,0,0.37,LOW
316.92,31.699179200000007,219.02106799999993,4.484433360000001,9.039269919999999,1.3200301599999997,0,1,0.73,HIGH
147.48,34.7209492,311.861924,4.22086828,9.71812872,1.3016062799999997,1,0,0.31,LOW
366.6,33.6465092,163.89982399999997,3.5358467200000008,8.1275462,1.30465508,1,1,0.91,HIGH
131.28,26.425568280000004,122.321128,3.4636389199999997,5.787608164000002,1.2350908399999998,0,0,0.035,LOW
226.36,22.397310400000002,116.67870000000002,5.05591892,6.166828280000001,1.3053505200000002,0,0,0.07,LOW
253.12,32.9245216,40.163938800000004,4.234282599999999,9.05749104,1.2664517599999998,0,0,0.105,LOW
184.84,16.106154919999998,246.783262,5.27833448,4.864456303999999,1.2662613600000001,0,0,0.01,LOW
62.12,22.790054,98.7937676,5.71226228,6.679298040000001,1.2586464000000004,0,0,0.03,LOW
205.64,34.3352924,349.36814,3.49194408,8.285593119999998,1.3371386,0,0,0.385,LOW
486.88,20.1778996,152.13149199999998,5.74031136,6.061704719999999,1.3215691200000002,0,0,0.055,LOW
316.68,33.69462748,93.91325328,4.5819940400000005,9.27428613148,1.3023447600000002,0,1,0.66,MEDIUM
279.84,29.31636199999999,168.326064,4.007560160000001,7.41305424,1.3033029200000001,1,1,0.725,HIGH
255.6,17.75965147999999,310.55156800000003,5.81396608,5.140672919999999,1.33340228,0,0,0.01,LOW
156.52,33.829395999999996,176.12474184,4.52704608,9.932193599999998,1.26915268,0,0,0.22,LOW
198.88,31.00502879999999,156.052764,4.112298280000001,8.10763072,1.2922296,1,1,0.59,MEDIUM
242.0,29.2825272,82.6497704,4.394724,7.9140576,1.3215495199999998,0,0,0.265,LOW
131.04,16.030554239999994,175.04085520000004,4.20951304,2.601523831479999,1.3214091199999998,0,0,0.025,LOW
225.84,23.495618,286.2462,6.0264003200000005,7.959660439999999,1.2865097600000002,0,0,0.0,LOW
621.6,24.521016,331.17710400000004,4.790464920000002,6.64276044,1.3236926,0,0,0.06,LOW
499.76,35.3233404,66.1736808,4.6973477599999995,10.939588600000002,1.3265874,0,0,0.19,LOW
240.48,30.91540160000001,110.32741839999998,3.1006186399999995,6.586164159999998,1.3652720800000002,1,1,0.86,HIGH
231.56,44.950314000000006,227.91258399999998,2.64832272,10.125874519999998,1.2963870799999997,0,0,0.48,MEDIUM
117.24,29.48524400000001,91.87390599999999,4.109668159999999,7.4799782399999994,1.33208312,0,1,0.6,MEDIUM
173.72,30.187465599999996,171.98633999999998,4.078314840000001,7.779150679999998,1.3228589600000005,1,0,0.45,MEDIUM
330.24,29.961062400000007,235.53538,4.17602008,8.271375560000001,1.3685245999999998,1,1,0.61,MEDIUM
82.64,19.300986400000003,114.126246,5.2007590399999994,5.6766400375599995,1.31054596,1,0,0.01,LOW
367.4,16.3712502,297.39405999999997,5.812226559999999,5.105318397039999,1.2858051600000002,0,0,0.005,LOW
378.2,24.769393599999997,71.12298400000002,6.017138559999999,8.60172364,1.3016583999999998,0,0,0.055,LOW
246.16,30.177989199999992,175.823472,2.9108996400000002,6.212776544,1.2874189200000001,0,0,0.395,LOW
160.92,30.145777840000004,267.78611008,4.08782296,7.38070604,1.29491244,1,0,0.48,MEDIUM
275.64,34.547342,84.2989964,6.4616614000000006,16.10328628,1.28983328,0,0,0.17,LOW
196.16,33.63389,61.011550799999995,3.34626008,7.805966000000001,1.3136874000000003,0,0,0.34,LOW
175.68,21.450572,140.831364,4.541594560000001,5.15860548,1.102895,0,0,0.005,LOW
184.92,36.865697600000004,74.88073,3.9682001999999996,10.101945520000001,1.26062824,0,0,0.145,LOW
500.88,21.748814399999993,265.300256,4.67630948,5.437345719999999,1.31907352,0,0,0.03,LOW
191.4,33.5588568,176.82103199999997,3.6665440399999993,8.32789228,1.3081016000000003,1,1,0.6,MEDIUM
300.84,30.84802359999999,244.07824800000003,3.8616014400000007,7.644667920000001,1.2982204400000001,0,1,0.61,MEDIUM
228.2,14.255311600000002,254.86260199999998,4.20100676,2.6875253600000004,1.29221012,0,0,0.09,LOW
425.28,16.89722936,136.47479479999998,5.695624400000001,4.453310760000001,1.28802336,0,0,0.01,LOW
159.64,32.29112239999999,60.37095248,5.11861448,10.414850320000001,1.3541635200000002,1,0,0.36,LOW
22.28,18.368242399999996,220.76859679999998,5.6442805599999994,5.135464080000002,1.29167844,0,0,0.04,LOW
104.76,27.221084000000005,154.42055999999997,3.77170192,6.33923296,1.3583690799999997,1,1,0.75,HIGH
202.8,29.160673600000006,322.02129599999995,5.75821472,10.3518424,1.3204236,0,0,0.11,LOW
169.4,33.0992992,141.44637400000002,4.59058464,10.085857608,1.3117449199999998,1,0,0.5,MEDIUM
288.92,31.1138164,220.77417999999997,4.03948996,7.948502359999999,1.3046594000000002,1,1,0.845,HIGH
179.4,23.376677880000006,221.851492,3.2885405999999993,4.50064284,1.30239392,0,0,0.435,MEDIUM
42.68,30.544499599999995,138.778684,5.218693840000001,9.933131200000002,1.28739104,0,0,0.13,LOW
178.4,35.029377200000006,95.72115520000001,4.76253792,10.938535239999998,1.30733696,0,1,0.625,MEDIUM
558.0,47.793184800000006,151.40528776,3.6275966399999997,13.935973240000001,1.3497130400000001,0,1,0.53,MEDIUM
354.76,20.638474799999994,232.06424799999996,6.664303879999998,7.43458812,1.3007031200000003,0,0,0.015,LOW
166.52,19.0900556,300.83520799999997,4.456121680000001,4.338398720000001,1.30128924,0,0,0.045,LOW
264.52,29.580103599999997,314.64889999999997,3.7150353199999997,7.01164568,1.28516636,1,0,0.43,MEDIUM
296.84,21.861811999999997,343.9193240000001,5.7329948800000015,7.6700463933200025,1.28645228,0,0,0.04,LOW
74.92,34.509038000000004,184.77647200000004,3.3316057599999986,8.02951544,1.2495709999999998,0,0,0.08,LOW
257.36,32.097781600000005,124.706134,3.5480815199999993,7.471788719999999,1.28997136,1,1,0.51,MEDIUM
326.52,26.385068799999996,140.12094888000001,5.555238720000001,8.724034319999998,1.32118644,0,0,0.13,LOW
172.72,27.897943600000005,315.9156492,4.88078868,8.370723239999998,1.3357463200000002,1,0,0.395,LOW
165.84,28.481631599999993,276.90040000000005,5.7214716800000005,9.938191519999998,1.3598688800000003,0,0,0.1,LOW
96.52,29.307057599999997,77.34934679999999,3.7370938800000006,6.91344544,1.3578727600000002,0,1,0.595,MEDIUM
193.24,26.215997599999994,164.42649599999996,5.206453920000001,7.888730359999999,1.28206304,0,0,0.16,LOW
454.2,42.76551519999999,202.602136,3.849915719999999,12.04691032,1.3123497199999996,1,1,0.865,HIGH
277.64,24.946375199999988,201.100724,4.262596,6.123158920000001,1.3477863600000004,0,0,0.405,MEDIUM
121.12,24.265706799999993,133.47318799999996,4.103444840000001,5.69982516,1.3387473999999997,0,0,0.15,LOW
337.12,28.235244399999996,75.2141556,4.606772320000001,7.795814880000002,1.3553150399999998,0,0,0.36,LOW
147.08,13.201712519999996,87.83459479999999,6.08094656,3.1113213098,1.13392636,0,0,0.0,LOW
351.8,25.619654399999998,315.28980800000005,4.143495,6.40403168,1.2854257599999999,1,0,0.045,LOW
140.24,17.151649599999995,327.71564799999993,4.934444640000001,4.07461888,1.36378896,0,0,0.005,LOW
203.04,32.46489799999999,311.9233239999999,4.9531673199999995,10.03155516,1.3092379600000001,1,0,0.355,LOW
183.24,19.424721639999998,118.26610920000002,4.62769444,4.58904016448,1.26969836,0,0,0.0,LOW
55.12,26.616937320000005,249.18365800000004,7.70282124,0.6602318344400001,1.304558,0,0,0.11,LOW
128.76,29.829002279999994,246.0035916,5.658943079999999,10.361049439999999,1.3665540799999996,0,0,0.1,LOW
200.36,37.36390999999999,103.4037996,4.35935036,11.03074756,1.27733008,0,0,0.395,LOW
746.64,59.7763516,128.068142,3.7499083599999996,18.196196399999998,1.31836116,0,0,0.17,LOW
561.56,34.3714032,57.41668848000001,6.134532720000001,13.92208492,1.3266586800000002,0,0,0.04,LOW
127.0,19.0290388,272.13375999999994,4.874473879999999,3.982698916,1.3005634000000001,0,0,0.055,LOW
149.64,20.43952079999999,312.995412,4.15329972,4.52588388,1.28564144,0,0,0.04,LOW
158.76,27.61523559999999,255.88755999999995,3.7400912400000004,6.358298800000001,1.2428734,0,0,0.02,LOW
203.96,30.5570296,290.8294880000001,4.474605759999999,8.541155840000002,1.2301989999999998,0,0,0.04,LOW
147.16,16.531763480000006,93.16769679999999,4.152213,3.747902604,1.2520832800000001,0,0,0.01,LOW
199.32,39.02923239999999,66.80867208,4.418472240000001,12.33655672,1.28463888,0,0,0.43,MEDIUM
446.2,35.17334999999999,290.803112,3.5150292799999994,8.602117280000002,1.30796712,0,0,0.415,MEDIUM
496.12,36.281074,73.7888672,4.245156199999999,10.393932999999999,1.32777784,1,0,0.44,MEDIUM
319.24,35.658016799999984,190.851312,2.9455210800000002,7.804915639999999,1.31737,1,1,0.62,MEDIUM
56.92,17.16996332,240.64711200000002,6.806695599999999,5.50747248732,1.28692492,0,0,0.0,LOW
430.72,30.632931999999993,268.950548,4.585427400000001,8.978769199999999,1.3194712000000002,1,1,0.535,MEDIUM
313.92,15.18381052,287.23094399999997,3.6565178400000002,2.6619975949600003,1.3508829999999998,0,0,0.05,LOW
520.8,26.798762000000007,232.14661600000008,6.38651272,10.647239960000002,1.3196042000000003,0,0,0.0,LOW
296.28,20.090746399999997,177.22635199999996,4.266145000000001,4.78548188,1.3235558400000003,0,0,0.215,LOW
485.36,16.42077548,288.10904800000003,5.5215296799999996,4.818913319999998,1.31885244,0,0,0.02,LOW
149.4,31.754279199999992,49.41019759999999,4.4737196400000006,8.946723199999997,1.3518794800000002,1,1,0.505,MEDIUM
62.68,18.621813999999997,151.999652,4.0392322,3.8055660400000004,1.3051154,0,0,0.0,LOW
149.44,22.954654800000004,161.865916,3.9733437200000004,5.11470568,1.3166276399999999,0,0,0.24,LOW
313.32,35.819441999999995,164.393364,4.1796766,10.05937932,1.3065775999999998,1,1,0.71,HIGH
160.24,32.31658519999999,210.67995599999998,3.4515430400000002,7.50555124,1.3089451999999997,1,0,0.49,MEDIUM
131.84,29.0210916,199.14448800000002,4.92141204,8.41822908,1.2902284400000001,0,0,0.195,LOW
94.2,29.32301399999999,176.95925599999995,4.31828844,7.731598439999999,1.15779132,0,0,0.005,LOW
399.96,19.34777068,143.471292,6.50708464,6.674268520000001,1.3140621199999996,0,0,0.03,LOW
493.64,34.05387599999998,181.486924,4.7440641999999995,10.699192400000001,1.32088256,0,1,0.615,MEDIUM
487.48,24.2683096,283.29911999999996,3.9702708799999997,5.543384479999999,1.33072328,0,0,0.07,LOW
521.0,40.02274159999999,208.02400800000007,5.27926096,14.788246720000004,1.31337908,1,1,0.73,HIGH
37.76,26.4156772,196.680692,4.18990408,6.720804,1.29496148,1,0,0.255,LOW
180.56,19.91093,84.50445119999996,5.5262860000000025,5.696502840000001,1.3343674,0,0,0.065,LOW
119.64,39.53295,265.352404,6.051956079999999,5.829103168159999,1.3185968000000003,0,0,0.185,LOW
191.0,44.921747599999996,37.501673600000004,2.86264608,10.5346126,1.33189736,1,1,0.555,MEDIUM
279.4,27.238968,121.45512799999999,4.5543530400000005,7.463941400000001,1.3301619599999999,0,0,0.13,LOW
113.2,12.347426839999995,143.02635200000003,7.1836831199999995,3.533329291120001,1.3336968000000002,0,0,0.0,LOW
10.16,19.9600976,244.4954076,6.815490159999999,3.92611601352,1.1442926000000002,0,0,0.015,LOW
281.24,28.762719599999997,250.48,3.6053639200000003,6.772969639999999,1.3045406400000001,1,1,0.795,HIGH
188.88,29.1514988,64.098848,4.511954159999999,7.998466799999999,1.3483342800000002,0,0,0.35,LOW
197.96,28.2598228,300.81245200000006,5.126385720000001,8.620933560000001,1.2784698000000003,0,0,0.195,LOW
260.4,26.682626799999998,63.19116256,3.7829266800000005,6.0536591600000005,1.3002712399999996,1,0,0.465,MEDIUM
82.08,22.849551599999995,301.9620799999999,4.917038120000001,6.185958960000001,1.2910556400000002,0,0,0.085,LOW
13.68,35.93624679999999,122.74234080000002,5.73866548,13.741786680000002,1.2280054,0,0,0.395,LOW
189.28,29.76577056000001,252.97309599999997,3.0799691600000005,6.319243963999998,1.30268504,0,1,0.51,MEDIUM
303.12,34.2821388,231.03854799999996,3.8872134400000005,8.945935839999999,1.27675268,1,0,0.225,LOW
24.72,37.682931200000006,52.22128159999999,3.4656265999999993,9.348654840000002,1.1456934799999998,1,0,0.295,LOW
394.64,18.8362028,187.407592,4.109177,3.9910812399999998,1.3041403200000001,0,0,0.04,LOW
91.32,28.7357236,103.55660560000003,4.425549759999999,7.85539928,1.2922334800000002,1,0,0.255,LOW
68.12,36.0969832,199.61425199999996,3.3011374399999993,8.591075520000002,1.2954953599999999,0,0,0.49,MEDIUM
445.08,24.8981544,102.38596120000003,4.5961362800000005,6.516339439999999,1.33152704,0,0,0.1,LOW
422.32,37.003856799999994,55.46051519999999,3.3914900400000003,8.962166040000001,1.32718772,1,1,0.76,HIGH
345.76,34.164458399999994,108.69776600000002,3.0947932399999996,7.48548264,1.3410315199999996,0,0,0.445,MEDIUM
41.84,27.0411564,312.60319599999997,5.31890716,8.428668680000001,1.2753404799999999,0,0,0.06,LOW
117.6,30.326473599999996,131.41987360000002,4.81986884,9.132436160000001,1.2954534800000002,1,1,0.54,MEDIUM
227.96,24.281945599999993,297.39848799999993,3.8259524799999998,5.383346519999999,1.3568302,0,0,0.23,LOW
278.16,27.1465828,195.38412399999999,6.86997896,10.935094319999997,1.3078767999999998,0,0,0.02,LOW
132.88,16.461284120000002,109.977906,4.6572848,3.6996026880000006,1.29486336,0,0,0.005,LOW
225.96,18.616891999999993,202.66455599999998,5.383942599999998,4.991848200000001,1.3051125199999998,0,0,0.02,LOW
204.48,14.444350559999998,225.61020400000004,4.15341912,2.2807358227600005,1.3587511999999997,0,0,0.04,LOW
435.12,27.108715599999996,72.23825679999999,4.94084104,7.92946776,1.3268217600000003,0,0,0.21,LOW
327.08,29.226418799999998,189.54088800000002,5.599762439999999,9.929852439999998,1.32426008,0,0,0.105,LOW
88.36,22.476149599999996,306.304396,3.65625744,4.8533878734,1.31965492,0,0,0.075,LOW
37.56,26.572094000000003,186.51659199999997,4.2956814,6.7297443999999995,1.16549872,0,0,0.025,LOW
312.8,34.547995199999995,65.201214,3.70733072,8.751570400000002,1.30676828,1,1,0.84,HIGH
59.6,23.350525200000007,253.306624,4.63880556,6.01016044,1.27342788,0,0,0.01,LOW
215.52,34.78623720000001,177.87614711999998,4.01481036,9.24638852,1.35605616,0,1,0.69,MEDIUM
103.16,34.61702719999999,47.093514000000006,3.8817848800000005,9.10772404,1.30703968,1,1,0.68,MEDIUM
344.8,45.288618400000004,186.777744,3.24531544,11.477479920000002,1.2775395999999999,1,0,0.455,MEDIUM
52.76,15.99105672,112.39265000000002,6.329664,4.23570955204,1.3111365199999998,0,0,0.0,LOW
58.92,33.991092800000004,269.18169599999993,4.97456772,11.09433948,1.3088492800000002,0,0,0.175,LOW
123.56,26.628945199999997,183.243088,4.999554399999999,7.78195472,1.2986299600000002,0,0,0.23,LOW
239.44,32.3031784,292.15198263999997,5.878189360000001,12.01245268,1.3125971600000002,1,0,0.28,LOW
358.08,36.621435999999996,333.84931600000004,3.30312076,8.73522332,1.3121110000000002,0,0,0.19,LOW
336.2,25.25238,33.6707224,3.6607484400000008,5.58672068,1.3679089600000003,1,0,0.365,LOW
130.8,32.75133959999999,287.00470848000003,3.8511997599999996,8.297648200000003,1.2951366000000002,1,0,0.49,MEDIUM
258.68,33.348760000000006,61.241983999999995,4.5554508,9.564679400000001,1.30860144,1,0,0.4,MEDIUM
370.68,22.225752519999993,73.74864647999999,7.0507202399999995,9.041311096920001,1.3292745199999998,0,0,0.02,LOW
186.04,38.10226119999999,72.4727856,3.93615304,10.436179280000001,1.2664528,1,0,0.14,LOW
80.76,24.841378799999998,300.43702799999994,5.6220764800000005,8.056374239999998,1.27568428,0,0,0.005,LOW
125.84,32.87220559999999,34.83548168,4.38049764,9.053474679999999,1.29239976,0,0,0.235,LOW
214.04,46.798578400000004,101.30505087999998,2.9933990399999995,11.118955040000001,1.2837204400000002,1,0,0.375,LOW
109.32,28.47387880000001,38.95365640000001,5.02579932,8.614541079999999,1.298092,0,0,0.1,LOW
69.88,27.8192608,227.36632,4.7940210400000005,7.882195359999998,1.3505709599999998,0,0,0.24,LOW
155.16,23.4292444,286.67441199999996,5.250627960000002,6.7789956799999995,1.24905536,0,0,0.005,LOW
41.8,27.103234799999996,217.518624,3.8839488400000004,6.377032640000002,1.28323068,0,0,0.065,LOW
22.0,23.44006836,234.04093599999996,4.945749679999999,5.42817129496,1.26524688,0,0,0.01,LOW
257.72,32.082313199999994,325.10171199999996,3.72120264,7.987091120000001,1.3077590399999999,1,1,0.655,MEDIUM
187.0,31.5856832,205.72726399999996,3.4598329599999995,7.34160308,1.2920520400000002,0,1,0.515,MEDIUM
410.0,28.3953608,317.32648895999995,4.642077319999999,8.45140132,1.3294627599999997,0,0,0.27,LOW
48.04,22.788745199999997,294.0216519999999,5.605908959999999,7.286501519999999,1.13352492,0,0,0.12,LOW
25.48,16.100315640000005,289.86444,4.682706680000001,2.914923545719999,1.2787899600000001,1,0,0.0,LOW
46.44,26.020994,252.26132040000002,4.273309200000001,4.79597204824,1.3501923600000003,0,0,0.07,LOW
648.12,34.130232,299.17473200000006,4.20808188,9.717963880000001,1.33831696,0,0,0.065,LOW
91.8,27.181228400000006,313.99195999999995,3.3991536400000006,5.84754324,1.2683606399999998,0,0,0.045,LOW
263.36,36.1916028,84.367994,4.87514988,11.6802724,1.33731216,0,0,0.335,LOW
301.88,41.5123304,194.08172,5.62078044,16.399452399999998,1.30809452,0,0,0.25,LOW
189.04,24.3651496,169.20371079999998,4.04093512,5.761101480000001,1.32458888,0,0,0.195,LOW
55.76,18.577042000000002,111.00329199999999,5.024785480000001,4.77353484,1.2324718400000003,0,0,0.01,LOW
62.76,29.550858400000003,142.48556399999998,3.3653886800000006,6.266993359999999,1.3420046799999996,0,1,0.58,MEDIUM
143.88,34.39730399999999,119.17781599999998,4.36989364,9.863296559999998,1.36446848,0,0,0.36,LOW
550.0,35.770996399999994,294.586392,5.5334993599999995,13.16760188,1.3621706000000002,0,0,0.11,LOW
33.96,25.093839599999992,154.572804,4.4691344399999995,6.41365504,1.2745986400000002,0,0,0.015,LOW
78.92,30.804886,131.23259600000003,4.3564514800000005,8.355997400000001,1.3065128000000004,1,0,0.47,MEDIUM
509.4,16.667567199999997,58.89884760000001,5.48628384,4.91361796,1.35119408,0,0,0.015,LOW
69.08,24.383022800000006,116.87527800000002,5.928895919999999,8.225081520000002,1.28117212,0,0,0.03,LOW
75.64,31.7903856,168.04508399999997,3.9056583200000006,7.996349799999999,1.27377324,1,0,0.235,LOW
737.88,37.494230400000006,85.7530088,3.9036967199999997,10.402297199999998,1.31628364,0,0,0.015,LOW
140.6,34.7359124,104.19703960000001,3.54876992,8.479901239999998,1.35247816,1,1,0.6,MEDIUM
13.16,17.727494679999996,174.22494959999997,4.3661445200000015,3.237741084,1.1333296,0,0,0.0,LOW
163.08,26.1340268,70.3035532,4.10791832,6.289600560000001,1.3356232,0,0,0.28,LOW
100.96,23.9858872,204.79879599999995,3.9305235599999997,5.4175334799999995,1.2852503999999998,0,0,0.025,LOW
332.44,29.340813599999986,107.89237520000002,3.9621449600000007,7.332915360000002,1.28811944,0,0,0.2,LOW
334.44,26.854866000000005,217.72840399999993,4.37779468,6.966105999999999,1.3175797999999999,1,0,0.2,LOW
617.08,31.812131199999985,79.25943439999998,5.736646960000002,11.632003360000004,1.32606184,0,0,0.04,LOW
288.64,33.74662959999999,278.4461,4.043054639999999,9.049021640000001,1.3048777599999999,1,1,0.76,HIGH
155.4,35.0683524,118.3393888,3.68070228,8.83269264,1.3159410400000002,1,1,0.65,MEDIUM
206.08,42.757817199999984,90.4823728,4.1250743199999995,12.596339039999998,1.30004736,1,1,0.67,MEDIUM
268.36,35.80456920000001,129.99565399999997,5.04301272,12.765475960000002,1.3290872400000004,0,0,0.495,MEDIUM
105.72,17.412700800000003,297.79274000000004,6.082232799999999,4.362212959999999,1.3063421599999998,0,0,0.005,LOW
83.68,18.62489308,186.739044,4.94527848,4.780579287999999,1.3388545600000001,0,0,0.005,LOW
279.32,28.117477199999993,103.5200992,4.1070785600000015,7.278550919999999,1.3077359600000003,1,1,0.55,MEDIUM
197.16,28.437314799999996,136.787068,3.9111602,6.91458864,1.3193045600000002,0,1,0.705,HIGH
47.72,15.045501639999998,66.8639752,5.221163639999999,2.9796472800000005,1.28910728,0,0,0.0,LOW
430.24,46.2804244,254.28754400000003,5.512224240000002,18.544056,1.33761504,0,0,0.14,LOW
418.84,30.787099200000007,203.65622,5.56323048,11.117228399999997,1.3144784,0,0,0.135,LOW
147.72,28.79185240000001,251.95717599999992,4.854242600000001,8.205056639999999,1.29932004,0,0,0.34,LOW
119.52,37.4146264,169.48753599999998,4.6564758799999995,11.72604468,1.3368778799999999,0,0,0.2,LOW
414.48,12.723059639999999,235.56180000000003,6.009492239999998,3.3303207599999998,1.31720168,0,0,0.02,LOW
39.4,35.93981519999999,46.379050799999995,4.007311400000001,9.74862788,1.27961568,0,0,0.365,LOW
60.12,24.35247136,60.4475688,5.6300558,6.1992564566400015,1.3100284399999997,0,0,0.085,LOW
109.2,26.80492480000001,175.13082800000004,5.167389920000001,7.9617106799999995,1.29643292,1,0,0.36,LOW
339.44,32.74366559999999,32.22609631999999,3.84385484,8.301389440000001,1.27805204,0,0,0.245,LOW
541.12,31.9833864,237.43518,3.7485550000000005,7.9073280399999994,1.33638472,0,0,0.165,LOW
63.0,25.580567480000003,93.5818792,4.78631924,7.114740119999999,1.29271988,0,0,0.065,LOW
279.56,35.505174000000004,173.84004399999998,6.85208664,17.1041068,1.3646072,0,0,0.045,LOW
292.72,35.515186,157.942072,5.136778880000001,10.958129040000001,1.3167336399999998,1,1,0.715,HIGH
189.8,30.434084400000003,153.6705,3.6022160000000008,7.145551479999999,1.2997850400000002,1,1,0.785,HIGH
381.8,39.37112,182.090924,3.5889631200000003,10.1482222,1.34206892,1,1,0.605,MEDIUM
242.04,30.816735599999998,78.84672640000002,3.5271554800000002,7.1458216,1.2808907999999999,1,1,0.745,HIGH
129.56,28.826669199999987,264.925712,3.65482596,6.66856828,1.3407943600000005,0,1,0.505,MEDIUM
143.76,27.363531999999996,257.65987599999994,3.9158670000000004,6.503873479999999,1.36701564,1,1,0.6,MEDIUM
704.64,31.272825999999995,307.08860400000003,3.7138652400000005,7.5335848799999985,1.32468984,0,0,0.035,LOW
120.8,29.4948716,136.19538079999998,5.72889548,10.385646240000002,1.1010016400000002,0,0,0.08,LOW
215.92,37.7551532,207.80401999999995,2.76966212,8.112637599999998,1.3109481599999997,1,0,0.485,MEDIUM
42.48,24.2435572,231.34303200000005,3.79980124,5.003388776000001,1.2931641200000004,0,0,0.075,LOW
146.44,31.598140000000008,163.04151599999997,5.2795089200000005,10.45026464,1.33245612,0,0,0.495,MEDIUM
317.16,29.09359999999999,271.67178,4.281994279999999,7.70987156,1.33365216,0,0,0.455,MEDIUM
60.48,27.648688000000007,156.56315200000003,4.18140936,6.799499640000001,1.24923788,0,0,0.045,LOW
86.84,13.876632160000002,145.809584,6.657307520000001,2.6751038437199997,1.2967,0,0,0.0,LOW
442.36,33.860203999999996,166.528188,4.043364920000001,9.04765888,1.31168644,1,0,0.465,MEDIUM
463.08,23.6949892,55.40696839999999,3.9039944399999995,5.26216012,1.28650164,0,0,0.045,LOW
34.6,25.404030040000002,145.974498,3.638378560000001,5.917670328000001,1.09320036,1,0,0.035,LOW
100.24,29.324527600000007,307.97878399999996,3.4623639600000002,6.450620520000001,1.3427262400000002,1,1,0.525,MEDIUM
54.6,23.17134796,186.71754079999994,3.14744656,4.5220177040000005,1.2724280799999999,0,0,0.145,LOW
236.56,34.5758872,273.870852,3.3770268399999996,8.208551039999998,1.3119903199999998,1,1,0.8,HIGH
149.56,30.6051852,320.58008399999994,6.070746280000001,11.86400608,1.33599904,0,0,0.065,LOW
315.76,40.671352399999996,115.52602,3.9769309600000002,11.69790432,1.3454108799999998,1,0,0.345,LOW
189.84,26.598370839999998,194.2246612,5.43106988,7.837826241280001,1.33462908,1,0,0.19,LOW
62.44,28.644984,101.974016,3.7589175600000004,6.723588120000001,1.31924128,0,0,0.4,MEDIUM
147.64,26.985362399999996,82.44272679999999,6.17526912,10.215343080000002,1.35882976,0,0,0.1,LOW
84.44,26.8317348,127.51364800000002,5.677803719999999,9.02761108,1.2938307999999998,0,0,0.165,LOW
286.24,34.932269999999995,48.3559812,3.4967726800000003,8.474564039999997,1.3642911599999998,0,1,0.715,HIGH
349.6,42.0715152,286.5238640000001,2.47878392,8.9227216,1.3061249999999998,1,1,0.505,MEDIUM
259.08,12.413772799999998,188.5476,4.04720504,2.19925286,1.2109099600000004,0,0,0.01,LOW
51.88,26.17399292,244.47373664000006,10.6483242,0.00155769328,1.29606632,0,0,0.08,LOW
230.6,30.633018799999995,294.689224,4.4436024,8.496177040000001,1.3376424800000002,0,0,0.44,MEDIUM
88.32,26.347731200000002,112.8761488,4.575233719999999,7.13912408,1.3395208399999996,0,0,0.105,LOW
52.08,38.522101199999994,332.50651600000003,4.190281640000001,11.11911568,1.1209239599999998,0,0,0.305,LOW
68.44,24.3728872,225.17203199999997,5.651758800000001,7.788512959999999,1.2850081599999998,0,0,0.01,LOW
39.68,37.7007596,94.89540720000001,4.47455252,11.480351480000001,1.3229274000000002,1,0,0.26,LOW
226.52,25.152012400000004,294.49974800000007,4.84200476,7.0854935999999995,1.2941949199999998,1,0,0.185,LOW
85.6,29.542641999999997,54.974163600000004,3.8690336000000003,7.255890480000001,1.34034824,1,0,0.465,MEDIUM
350.44,39.310181199999995,164.544976,2.9269967199999996,9.00619032,1.2936645599999996,1,1,0.625,MEDIUM
426.48,25.6996404,303.15476248,4.8448892,7.266440959999998,1.33311312,0,0,0.07,LOW
18.12,20.75018908,83.39418720000002,5.0654727600000005,5.19072096,1.3082291600000002,1,0,0.03,LOW
295.52,14.07073696,206.34960000000004,4.224314399999999,2.6777578680000005,1.2317929600000002,0,0,0.0,LOW
733.8,45.821368000000014,251.55204800000004,3.51955556,12.098119239999996,1.3188349599999998,0,0,0.175,LOW
159.72,27.5440596,69.05685680000002,4.045057839999999,6.710192239999999,1.3458256799999995,0,0,0.275,LOW
131.8,26.849669999999996,147.95504399999996,5.463136039999999,8.813646720000001,1.3118014800000006,0,0,0.145,LOW
269.88,18.755162,241.525204,4.923827360000001,4.63296828,1.3229669599999996,0,0,0.065,LOW
181.64,21.693376799999996,83.8364628,4.0843752,4.860295800000001,1.27374076,0,0,0.0,LOW
12.12,16.5068852,173.69520599999998,4.6259434,1.8858641528799998,1.3245923599999998,0,0,0.0,LOW
440.24,30.555673999999996,179.11488799999995,3.1861378399999993,6.703178760000001,1.3013288,0,0,0.33,LOW
215.88,25.2415368,357.238504,3.7423285600000002,6.1120906,1.2897995199999999,0,0,0.23,LOW
39.2,27.07323720000001,239.414848,3.726503280000001,6.2581117200000005,1.3237689599999998,1,0,0.265,LOW
105.04,28.519393199999996,280.36036616000007,3.48874304,6.3224189200000005,1.33356084,0,1,0.605,MEDIUM
268.16,28.37863,136.01086000000004,4.3263216799999995,7.661668679999999,1.2844217599999999,0,0,0.27,LOW
218.56,41.0729036,338.22510768000006,5.017525639999999,14.3307832,1.30597276,1,0,0.15,LOW
271.8,16.56596492,268.42328799999996,6.250952800000001,4.72025183592,1.31014824,0,0,0.0,LOW
222.64,34.62441400000001,209.31634784000005,3.8913678800000002,9.585180135999998,1.26113696,0,0,0.065,LOW
266.84,27.84724228000001,92.31722840000002,4.492968640000001,7.488861440000003,1.3312629999999999,1,0,0.225,LOW
322.88,22.707894919999994,102.1883136,3.5263839200000002,4.752198227999999,1.2897055999999998,0,0,0.06,LOW
92.48,15.955293839999994,278.153546,4.658096439999999,3.5791538847999993,1.35345612,0,0,0.03,LOW
223.04,22.053288279999997,240.40393599999993,3.0352741999999995,4.144838604,1.30300392,0,0,0.44,MEDIUM
101.84,29.658511199999992,166.274732,4.7541915999999995,5.9412263008,1.2985798,0,0,0.205,LOW
30.48,16.578652960000003,197.530488,5.24888116,4.41388912844,1.2953845999999998,0,0,0.015,LOW
88.76,21.019141720000004,258.17514399999993,5.27948852,5.7375128657599985,1.35276776,0,0,0.07,LOW
141.84,36.905847200000004,94.5123756,4.6937184400000005,11.5696806,1.21666948,0,0,0.215,LOW
87.96,16.469221880000003,213.19769600000004,5.31755592,4.11379216,1.2755396800000003,0,0,0.0,LOW
54.12,25.426914399999998,141.16088,5.724356320000001,9.025875719999998,1.1191405199999997,0,0,0.02,LOW
312.48,28.313110400000006,134.95730000000003,4.43739004,7.308275560000001,1.3275814800000003,0,0,0.16,LOW
10.4,16.80140856,121.796374,5.668239160000001,2.94979427592,1.3057870399999998,0,0,0.01,LOW
186.12,33.5502308,187.001588,4.18303824,9.180448999999996,1.3009042400000002,1,1,0.655,MEDIUM
209.92,33.601802799999994,27.41105648,4.307075919999999,9.32629748,1.336278,0,0,0.165,LOW
64.56,34.05059159999999,211.81257999999997,3.781201759999999,8.701640480000002,1.2744495999999998,1,0,0.18,LOW
166.44,28.550758799999997,162.71696400000002,3.44531192,6.385275439999999,1.2936759199999996,1,0,0.32,LOW
229.24,18.57546891999999,198.0709672,5.72578512,5.21434628,1.2918498400000002,0,0,0.005,LOW
342.44,34.451507199999995,204.05628399999995,4.20178716,9.539106559999999,1.3203670000000003,0,1,0.795,HIGH
256.12,30.910370799999992,268.181908,4.869984199999999,9.406527839999999,1.29407628,1,1,0.655,MEDIUM
79.64,30.35019999999999,25.312616399999992,5.516356279999999,10.418484840000001,1.3559022,0,0,0.125,LOW
198.92,29.137411599999997,163.022488,3.8172403999999993,6.949015319999997,1.30434652,1,1,0.895,HIGH
102.52,24.207473199999995,31.173863200000014,4.68329716,6.3681298,1.29171888,0,0,0.09,LOW
143.36,35.955059999999996,147.93658399999995,5.63961712,13.465544399999999,1.3536763600000001,0,0,0.19,LOW
175.0,37.48034679999999,23.239124880000006,3.72415316,9.778633919999999,1.35872272,0,0,0.38,LOW
76.44,25.97745359999999,173.493436,4.038999560000001,6.325809040000001,1.3054915999999996,0,0,0.225,LOW
283.04,19.23637484,279.6804599999999,6.018906079999998,3.06660004656,1.33485444,1,0,0.265,LOW
508.84,45.957915599999986,118.32880479999999,4.92579312,17.33180548,1.3566763199999996,0,0,0.225,LOW
71.52,31.1145444,252.27550800000006,3.3343712799999996,7.0612337200000015,1.2836868,0,0,0.385,LOW
49.44,18.56941424,281.875752,4.2328392,3.5190483793199996,1.3532481200000004,0,0,0.07,LOW
326.24,24.148579999999995,94.45345280000001,4.52675272,6.114723440000001,1.28312192,0,0,0.025,LOW
211.04,22.268920279999996,38.236147200000005,3.9270888399999997,4.935580239999999,1.3637823599999999,1,0,0.11,LOW
303.92,22.97396948,224.34707200000005,4.16736696,5.217483879999999,1.2891193200000002,0,0,0.035,LOW
492.4,25.120268399999997,266.45732399999997,4.503411519999999,6.47151612,1.31914056,0,0,0.095,LOW
223.6,27.700780400000003,190.21927200000002,3.8643028800000003,6.585007679999999,1.2779196800000001,0,0,0.08,LOW
94.76,31.210287599999994,81.6356588,5.45611384,11.3543758,1.21387752,0,0,0.065,LOW
54.24,22.496922799999997,176.00593448000004,4.0863056,4.22909564,1.1014166,0,0,0.005,LOW
243.36,34.7535968,332.52857200000005,3.0711264400000005,7.768146840000002,1.3011259600000002,1,1,0.51,MEDIUM
261.32,30.200219599999997,274.300576,4.363850959999999,8.259960520000002,1.3128108,0,0,0.405,MEDIUM
139.64,28.853625599999997,207.73658800000004,3.3547579599999993,6.34837364,1.2879779199999999,0,0,0.12,LOW
348.48,24.775909599999995,84.2291548,3.9241891200000003,5.665045760000001,1.3317154399999998,0,0,0.15,LOW
400.64,28.2745988,336.5429919999999,3.9754138800000005,6.92165232,1.3183149999999997,0,0,0.33,LOW
84.32,30.498344400000004,297.69749200000007,3.3988281600000003,6.83569272,1.3002215199999998,0,0,0.325,LOW
403.84,44.48046359999999,302.1698119999999,4.486869479999999,14.4524824,1.36419896,0,0,0.235,LOW
432.64,47.90715720000001,183.84495600000002,3.3153056800000003,12.495158000000002,1.3655775599999995,0,0,0.16,LOW
244.76,38.23223959999999,45.99888080000001,3.583334040000001,9.779739320000001,1.3648202400000002,0,0,0.475,MEDIUM
62.08,27.7159712,244.738908,3.4020845600000005,6.227628640000001,1.15330828,0,0,0.005,LOW
353.16,38.824274,81.9162456,4.317352600000001,11.568856319999998,1.30202264,1,1,0.67,MEDIUM
174.84,27.650865999999994,80.9827484,3.4789382399999997,6.135880159999999,1.3348132799999999,0,0,0.385,LOW
99.68,28.389575599999997,114.64860999999999,4.846641400000001,8.408192,1.2636025199999998,0,0,0.1,LOW
210.4,28.18306720000001,251.34602800000002,4.139860479999999,6.8902898,1.18042348,0,0,0.005,LOW
271.44,42.4108788,329.02456800000004,3.47400472,11.011425680000002,1.3416959999999998,0,0,0.4,MEDIUM
214.28,37.4062956,223.16470799999996,3.8969624,10.071348120000001,1.3396322400000003,0,0,0.445,MEDIUM
517.12,40.9456692,108.1431132,6.339275799999999,19.38257356,1.3154339199999998,0,0,0.225,LOW
327.68,38.854914400000006,237.51837200000006,4.85979064,12.80254464,1.3119847999999998,1,1,0.525,MEDIUM
138.48,22.7433924,306.64578399999994,3.7737104000000006,4.866313680000001,1.1030920399999997,0,0,0.005,LOW
424.28,19.7023748,161.64316,5.25738796,5.383239679999999,1.3189814399999997,0,0,0.015,LOW
122.32,29.27950164,203.0065724,4.628289879999999,7.6195362,1.2989134800000002,0,0,0.28,LOW
205.96,32.00074159999999,215.33372000000003,3.53832232,7.5281836,1.3023424399999997,1,1,0.75,HIGH
741.32,15.83388508,72.4056084,3.82278908,2.950199912,1.3420619199999997,0,0,0.075,LOW
94.92,23.79560879999999,194.60785600000003,4.107680319999999,5.54427704,1.2807797999999997,0,0,0.055,LOW
194.84,26.569764400000007,256.3459476,3.3081786799999997,5.634901439999998,1.3338896,1,0,0.425,MEDIUM
363.04,30.47373759999999,98.59372080000001,3.6705956399999993,7.250247519999999,1.32895032,0,0,0.485,MEDIUM
281.84,13.011213999999997,214.032612,3.87709376,2.2481632040000004,1.3224529200000001,0,0,0.01,LOW
374.04,35.543726799999995,157.67374,4.54565984,10.97392476,1.33347768,0,1,0.515,MEDIUM
698.2,29.403699999999986,185.98348400000003,5.3052128,9.58952392,1.3340326399999998,0,0,0.025,LOW
420.88,25.1864552,82.8081584,4.80084556,6.887619880000002,1.3291738800000001,1,0,0.09,LOW
181.2,28.880337199999996,325.80669200000006,4.683524040000001,8.78851156,1.3550890800000002,0,0,0.255,LOW
743.24,26.961372400000005,146.22107999999997,4.060176640000001,6.58757492,1.3411030800000001,0,0,0.04,LOW
221.36,31.635656000000004,173.78524,3.6556885199999996,7.600525480000001,1.33637748,1,1,0.595,MEDIUM
630.76,29.427953199999987,333.75182087999997,5.0074071600000005,8.970397519999999,1.3449962,0,0,0.02,LOW
481.04,40.4645184,117.025164,5.5835568,15.739466400000001,1.33291684,1,0,0.23,LOW
97.04,29.017538400000003,64.58253776000001,4.10413288,7.35547652,1.22638328,0,0,0.025,LOW
301.4,30.7382244,74.00262399999998,5.602647440000001,10.890336839999998,1.3116587199999998,0,0,0.255,LOW
139.28,27.777732799999995,187.39752800000002,3.9062514,6.651239959999998,1.2879790799999997,0,0,0.115,LOW
201.04,29.216307200000006,336.0662439999999,4.25952264,7.731056079999999,1.36487864,0,0,0.39,LOW
128.84,25.8959816,106.33489600000003,5.286597680000001,7.535419679999998,1.32440676,0,0,0.1,LOW
174.68,8.165145319999997,112.33739600000001,6.6843102,0.9787567744000001,1.2783414000000002,0,0,0.0,LOW
33.92,36.5036924,89.20918096000001,5.1628042,12.550803840000004,1.2931747600000003,1,0,0.29,LOW
90.56,21.432570000000002,54.27585039999999,3.991100839999999,4.51759321192,1.10426984,0,0,0.01,LOW
73.0,23.8673656,84.8231824,6.882200760000001,9.761144320000001,1.27744596,0,0,0.025,LOW
341.6,32.406865999999994,80.17601399999998,4.323739239999999,9.02356516,1.3117014400000002,0,1,0.515,MEDIUM
169.48,27.884792399999995,41.196836080000004,4.85475844,8.3289224,1.2952940000000002,0,0,0.275,LOW
146.4,30.615269199999997,108.71589920000002,4.0154635999999995,7.806188120000001,1.29724612,0,1,0.53,MEDIUM
238.6,26.009645600000002,100.35676720000004,3.5131073199999996,5.596235919999999,1.3339582800000003,0,0,0.32,LOW
386.68,25.0285576,146.45837208,3.4086396000000008,5.27339924,1.2898262000000003,0,0,0.12,LOW
349.88,30.26814999999999,36.16537040000001,3.44287668,6.827556480000002,1.29090148,1,0,0.22,LOW
98.64,22.145364,123.89465200000001,5.906601160000001,7.528588319999999,1.2772105200000001,1,1,0.67,MEDIUM
138.48,28.7506532,301.874636,4.44317652,7.779037519999998,1.3586456400000002,0,0,0.35,LOW
454.4,33.21556439999999,316.448168,3.44099904,7.87676428,1.3196481599999998,1,1,0.655,MEDIUM
196.84,32.832116400000004,238.18745600000003,4.16933168,8.786090360000003,1.30668388,1,0,0.465,MEDIUM
93.2,29.715709999999998,82.0628944,4.507700120000001,8.341702280000002,1.2921417199999998,1,0,0.29,LOW
201.0,30.541449200000002,310.15837888000004,4.799715320000001,9.181735360000001,1.29841612,0,1,0.525,MEDIUM
94.88,12.66323612,200.71334600000003,4.401552919999999,1.64871170684,1.2984591999999997,0,0,0.015,LOW
78.48,25.1290676,229.8421388000001,4.53814308,6.52464984,1.36570644,0,0,0.105,LOW
150.52,29.79089,311.940304,3.2176413599999996,6.38292136,1.25783264,0,0,0.19,LOW
416.96,30.6843792,348.738668,4.52834056,8.62100352,1.35265672,0,0,0.08,LOW
413.64,33.57652079999999,138.23152399999995,3.01581496,7.3601491999999995,1.3302854,1,1,0.84,HIGH
228.2,29.346943599999985,326.863976,4.18234704,7.5417331600000015,1.28548876,1,0,0.36,LOW
151.44,19.906226240000002,145.33611599999998,5.146275800000001,5.11642777772,1.2778076399999998,0,0,0.0,LOW
100.28,26.48829719999999,57.454348399999986,3.783436320000001,6.216465320000001,1.28503968,0,0,0.235,LOW
487.76,35.674374,307.17736399999995,4.459273280000001,10.4358894,1.3237940799999999,0,0,0.33,LOW
348.56,30.983986,206.06979999999996,4.88935596,9.46903816,1.29925484,0,1,0.52,MEDIUM
30.48,22.00985012,271.17826,5.099484520000001,6.122968181,1.3140588,0,0,0.04,LOW
101.64,31.240787599999997,209.52861200000007,4.53382984,8.916847080000002,1.276396,0,0,0.27,LOW
24.28,21.54737720000001,75.35025639999999,4.23323596,4.723294559999999,1.35236428,0,0,0.075,LOW
527.52,29.2270644,149.01502399999998,3.6875496799999996,6.8353607599999995,1.34617412,0,0,0.145,LOW
496.36,33.5135036,168.64112800000004,5.04294272,10.911907679999999,1.3278293199999995,1,0,0.36,LOW
237.08,33.8243616,187.443556,3.1320546799999995,7.663031360000002,1.3021157200000002,0,1,0.925,HIGH
479.44,29.0464956,281.61756919999993,6.631562520000001,12.882877760000001,1.3539393600000003,0,0,0.035,LOW
256.32,28.270147199999997,34.86523295999999,5.586635520000001,9.35526356,1.3275740399999998,0,0,0.165,LOW
231.2,23.311273200000002,112.385594,4.45264512,5.9826032,1.29372704,0,0,0.23,LOW
164.88,37.7440384,122.649994,4.675821759999999,11.424947079999999,1.2927373999999998,0,0,0.33,LOW
176.44,19.9612528,204.93815599999994,3.3862446400000006,4.048147799999999,1.2709428400000002,0,0,0.01,LOW
140.12,32.9947872,77.5525692,3.4250882000000002,7.758652100000002,1.3525449200000004,1,1,0.795,HIGH
49.0,20.9578528,287.092152,5.184484359999999,5.737837799999999,1.2760169199999998,0,0,0.025,LOW
502.44,29.461038799999994,157.36718800000003,6.1044724399999994,11.205265879999999,1.34535116,0,0,0.075,LOW
230.08,22.5833172,115.939352,4.56880556,5.524258,1.32133736,0,0,0.035,LOW
455.16,24.178900399999996,47.272248,3.8736711199999996,5.388299920000001,1.3691184800000002,0,0,0.075,LOW
142.12,23.029506000000005,257.952404,5.34121856,6.7137107999999985,1.2591013199999999,0,0,0.005,LOW
223.68,20.349890800000004,155.97072,4.5059976,4.75987816,1.33588628,0,0,0.12,LOW
147.48,21.443980399999997,176.993084,3.60406972,4.31363392,1.28984212,0,0,0.02,LOW
20.28,14.692950679999997,293.61615,5.358465,3.5710299061199993,1.2716186,0,0,0.005,LOW
169.96,30.131037599999996,302.62675088000003,3.6189455199999996,7.088224239999999,1.36685964,1,1,0.57,MEDIUM
361.8,16.311740800000006,194.430612,4.40274856,2.910956668,1.2921436000000002,0,0,0.015,LOW
60.8,29.200203039999998,121.65525159999999,6.81013388,11.566760861759999,1.3118114,0,0,0.1,LOW
290.56,38.1912712,298.3932,3.95914576,10.73127148,1.3567251200000003,1,1,0.695,MEDIUM
153.56,25.624858400000004,71.21085760000001,5.186377240000001,7.6326611999999985,1.29803084,1,0,0.11,LOW
50.64,23.340782799999996,87.08056,4.23767116,5.550056479999999,1.3311020400000002,0,0,0.035,LOW
100.28,28.239228400000002,299.79245999999995,5.215961719999999,8.25650784,1.3571596400000001,1,1,0.525,MEDIUM
158.4,18.398950679999995,93.70435599999999,3.67816596,3.545923124,1.31937396,0,0,0.02,LOW
210.6,34.656192,233.88824799999995,3.3863239999999997,8.213637440000001,1.3024506400000002,1,1,0.765,HIGH
441.56,31.0488484,200.57332399999999,6.417368039999999,13.344313959999997,1.3320757999999997,0,0,0.04,LOW
55.84,37.47283199999999,338.4118880000001,4.23282804,10.820711399999999,1.3011038799999997,0,0,0.19,LOW
222.36,26.258427999999995,58.46459040000003,4.99251964,7.646867920000001,1.3327731999999997,0,0,0.38,LOW
103.48,28.550253599999998,330.5901079999999,5.22203592,9.01871688,1.3639958399999998,0,0,0.25,LOW
418.12,24.143358280000008,113.95203648,3.9839504800000007,5.105626999999998,1.32970292,1,0,0.165,LOW
206.4,32.38531519999999,177.12237600000003,3.56016128,7.7187177600000005,1.3103442799999996,1,0,0.475,MEDIUM
12.96,22.398093319999997,109.0706216,6.293128520000002,5.99034967916,1.30852116,0,0,0.025,LOW
421.96,28.302560799999995,108.513848,4.61563228,7.822205319999999,1.3010811600000003,0,0,0.245,LOW
46.2,21.290384000000003,293.47741199999996,3.6765338400000003,4.332077,1.2925647999999998,0,0,0.03,LOW
419.12,34.862586799999995,336.977984,5.42693676,12.666005680000001,1.327901,0,0,0.16,LOW
312.96,23.4380372,262.62407199999996,3.44385168,4.75929816,1.32099904,0,0,0.46,MEDIUM
129.48,25.170994800000003,298.51603600000004,3.9763274799999992,5.852596080000001,1.20269,0,0,0.01,LOW
476.28,30.105734,181.88874400000003,3.5336918799999997,6.457359319999999,1.31840244,1,1,0.54,MEDIUM
113.16,33.640881199999995,97.13241048,4.669687639999999,10.20256568,1.2879394799999997,0,0,0.355,LOW
189.08,28.937202800000005,206.75822399999998,5.137898799999999,9.283754879999998,1.3443456800000002,0,0,0.45,MEDIUM
394.8,26.261307199999997,343.127608,4.319169200000001,6.64574752,1.3685321200000002,0,0,0.315,LOW
239.68,25.810598240000004,113.29655168,6.28153304,9.55508908,1.3307551999999998,0,0,0.02,LOW
157.08,19.6505936,177.86326,6.60203916,6.83784948,1.3158496400000002,0,0,0.1,LOW
43.84,14.34506324,153.3221488,6.488919159999999,3.5330806352399997,1.0969423999999999,0,0,0.0,LOW
345.12,46.378625599999985,145.773044,3.2500046000000005,11.69062308,1.2987687200000002,1,0,0.385,LOW
392.2,26.463296,195.81590800000006,5.894988600000001,9.28525808,1.3180181599999998,0,0,0.065,LOW
150.72,32.0597016,230.03836568000003,5.00156196,9.136974399999998,1.2717047199999998,0,0,0.065,LOW
101.36,22.079650119999986,157.82999600000002,5.0763599600000004,6.127882080000001,1.3501814,1,0,0.095,LOW
26.68,29.6267868,146.389116,3.74563888,7.055269559999999,1.30656812,0,0,0.115,LOW
372.92,41.3837012,282.65484399999997,5.516735960000001,15.964589600000002,1.33655064,0,0,0.11,LOW
462.48,21.77744024,165.11621200000002,6.34892068,3.6676120341600007,1.3155292400000003,0,0,0.04,LOW
86.72,25.564707879999997,132.9752308,6.380640080000001,9.254117199999998,1.3007232399999997,0,0,0.015,LOW
129.12,31.23505319999999,182.51528799999997,3.580230719999999,7.383837800000001,1.31939204,0,1,0.53,MEDIUM
75.2,33.0213064,297.151872,3.2854566000000007,7.48843396,1.30977304,1,0,0.345,LOW
235.4,28.77647519999999,272.41875600000003,4.637259679999999,8.107147959999999,1.2940407200000001,1,1,0.555,MEDIUM
300.4,38.528756,99.92350960000002,5.0826118,13.597536640000001,1.34560388,0,0,0.15,LOW
299.2,29.729806000000004,237.60146,3.2012052000000004,6.49071868,1.2807614,1,0,0.285,LOW
639.64,26.6868164,229.61692799999997,4.64908696,7.31863528,1.3675304799999999,0,0,0.045,LOW
358.52,38.3509248,96.81273239999999,3.03248456,8.80033804,1.3613349599999998,1,0,0.305,LOW
143.52,41.16859400000001,322.591144,3.5532981599999993,10.71252092,1.2915202399999999,1,0,0.355,LOW
173.72,31.224764799999992,268.41713599999997,4.06449252,8.10336048,1.2970964,0,0,0.495,MEDIUM
118.84,29.14467159999999,207.76941600000006,3.809667800000001,6.938666799999997,1.3397010800000002,0,0,0.485,MEDIUM
187.16,33.5844308,258.673644,5.761211160000001,12.48543436,1.3234678,0,0,0.125,LOW
38.56,27.431484399999995,225.17645599999997,4.93923128,8.023802159999999,1.2862639200000003,1,0,0.07,LOW
275.28,29.5635136,227.623888,3.8801023999999997,7.249887159999999,1.3044883200000001,1,1,0.82,HIGH
552.84,18.8808388,112.446446,3.80189004,3.732157160000001,1.3280571199999998,0,0,0.09,LOW
305.4,26.252953199999997,112.42375600000001,4.2788493999999995,6.63459056,1.35132796,0,0,0.42,MEDIUM
275.68,33.43692080000001,329.5081716800001,3.5560186799999998,8.219849439999999,1.3677852399999997,1,1,0.565,MEDIUM
249.04,26.9945096,283.35088400000006,3.6742756399999994,6.110363719999999,1.2728802399999999,0,0,0.075,LOW
289.4,17.836288959999994,265.524896,6.181140039999999,5.206654080000001,1.29862496,0,0,0.01,LOW
355.32,30.826041599999993,342.002336,4.70248784,8.97287268,1.2877564,0,0,0.155,LOW
159.4,28.157683599999988,80.16665079999999,4.526901720000001,7.452845880000002,1.2789692000000001,0,0,0.255,LOW
149.36,19.73106692,181.60089760000002,3.2780225199999995,3.668063728000001,1.3051488400000002,0,0,0.075,LOW
334.44,53.75764639999999,161.231636,2.8880661199999995,13.3375984,1.29948172,0,0,0.22,LOW
55.52,19.205074000000003,184.12320400000002,5.1836120800000005,5.049559000000001,1.09701388,0,0,0.0,LOW
533.92,43.04746239999999,116.52693200000003,3.811985200000001,11.977564799999998,1.3120297600000002,0,0,0.315,LOW
85.64,29.183621599999995,319.59984576000005,5.403862800000001,9.61737748,1.3127746800000002,0,0,0.175,LOW
40.8,22.96143,243.69171199999997,3.6190311200000007,4.84237112,1.1602831599999996,1,0,0.06,LOW
49.84,29.90880039999999,277.76720800000004,4.360022799999999,8.161684239999998,1.2825248399999998,1,0,0.11,LOW
66.08,20.732938399999995,90.90478999999999,5.2252398399999995,6.75596696,1.2632094799999998,0,0,0.005,LOW
74.48,12.0247546,57.51300999999999,6.506823399999998,2.7443318296399997,1.3077025599999998,0,0,0.0,LOW
35.08,32.36229240000001,327.01246800000007,3.6281818799999996,7.9751882,1.2787203999999999,1,0,0.27,LOW
237.08,20.774713479999996,271.86276000000004,4.10143004,4.666417524,1.3120432799999997,0,0,0.125,LOW
81.44,21.462608799999998,61.0473704,3.9982595200000004,4.69667468,1.35086672,0,0,0.1,LOW
544.92,32.1633532,195.735548,3.9811942399999998,8.19156348,1.3487544,1,0,0.245,LOW
98.84,47.3384544,45.037218519999996,5.158001680000001,17.950878800000005,1.2938284000000002,0,0,0.34,LOW
185.24,33.32613359999999,41.4451044,3.3705642399999998,7.78455296,1.2951667999999998,0,0,0.315,LOW
64.2,35.475648,177.09529600000002,3.0896305600000007,7.709122960000001,1.2297480800000002,0,0,0.17,LOW
372.28,35.7608404,303.9418160000001,4.12102844,9.917401360000001,1.2929196399999996,1,1,0.805,HIGH
476.84,27.106627599999996,186.07456400000004,4.11101352,6.710196999999998,1.32016068,0,0,0.21,LOW
35.12,11.173670359999996,300.01385199999993,5.903491960000001,3.29279318012,1.2792620399999999,0,0,0.015,LOW
126.12,40.14043959999999,209.48594,3.0861202000000003,9.59230612,1.3069236400000002,1,1,0.685,MEDIUM
223.96,33.3729728,307.270464,3.2734887999999995,7.61626824,1.1097009599999998,0,0,0.135,LOW
537.72,31.56871519999999,251.750124,4.01899136,8.154054319999998,1.3327068799999997,0,0,0.365,LOW
223.88,28.708401199999994,182.040268,4.512191200000001,7.858354519999999,1.2866922399999998,0,0,0.315,LOW
221.96,28.703602800000002,315.29625599999997,4.6156673999999995,8.00469176,1.2798348,0,0,0.22,LOW
535.2,35.897407199999996,229.19534000000004,4.22519568,10.171084200000001,1.3361293600000002,0,1,0.58,MEDIUM
362.96,16.287051080000005,292.572604,4.08199476,2.9405863599999997,1.28599092,0,0,0.11,LOW
261.36,33.5895424,74.7476648,4.253407840000001,9.71762376,1.3085422800000002,1,1,0.83,HIGH
118.08,30.164792920000004,99.76185439999999,5.47238668,9.813381799999998,1.30814024,0,0,0.3,LOW
610.8,26.984373200000004,231.363516,5.5227013199999995,8.83697492,1.3212921599999998,0,0,0.035,LOW
107.44,19.48759588,231.50137600000002,3.8334669200000002,3.893855720000001,1.33270588,1,0,0.155,LOW
164.12,30.622886400000006,290.87117599999993,3.7345731199999994,7.326696039999999,1.2659172799999998,0,0,0.05,LOW
364.16,25.156406800000003,236.09852800000007,4.588162520000001,6.631232280000001,1.3162106399999995,0,0,0.115,LOW
77.4,21.3544996,258.11926839999995,5.4769504,6.327019279999999,1.12231792,0,0,0.03,LOW
243.28,26.158531200000006,144.967032,4.322082040000001,6.62928312,1.32882216,0,0,0.22,LOW
214.16,26.675419600000005,307.006588,7.021135040000001,12.481946720000002,1.3193256399999997,0,0,0.065,LOW
159.76,28.025339999999996,193.80836400000004,3.94269592,6.72498264,1.31773148,1,0,0.48,MEDIUM
445.92,31.1380856,287.955576,4.1931062,8.215802,1.3657873999999999,0,1,0.54,MEDIUM
232.0,38.521736399999995,185.26852399999999,3.4069832799999995,9.725402919999999,1.30108376,1,1,0.74,HIGH
185.88,22.707429199999996,252.53290400000006,4.3687296,5.492249080000001,1.3124942000000002,0,0,0.18,LOW
606.36,46.412497599999995,215.99846399999996,4.42245988,15.277095200000002,1.3328913199999999,1,1,0.695,MEDIUM
33.12,24.908899199999997,42.25469400000001,5.1482624,7.250282880000002,1.3566462800000003,0,0,0.03,LOW
113.8,29.90602359999999,67.62283719999999,5.4804914799999995,10.180186760000002,1.3349544000000002,0,0,0.085,LOW
241.56,20.411222799999997,105.49949199999999,3.90622492,4.31289908,1.3476955600000005,0,0,0.19,LOW
34.12,29.06971919999999,52.564799999999984,3.9996538800000003,7.323479760000001,1.2575976000000002,0,0,0.055,LOW
439.28,36.57204439999999,132.546024,5.18767616,12.66312664,1.3642691200000003,0,0,0.195,LOW
193.48,23.888363599999995,198.64877199999995,4.44562248,5.97854484,1.1853995599999998,0,0,0.005,LOW
333.72,25.886073999999994,73.399436,3.8946698799999995,6.041426880000001,1.3146607599999998,1,0,0.385,LOW
198.12,30.844061999999987,88.561312,4.631723000000001,8.91728496,1.1614647599999999,0,0,0.065,LOW
136.72,21.286023359999998,130.6423728,4.2671806000000005,4.956299135999999,1.3102998000000001,0,0,0.125,LOW
356.28,38.087972799999996,252.53052000000002,3.596576119999999,9.773341519999999,1.2986932000000002,1,1,0.745,HIGH
540.88,38.4227616,265.8842200000001,5.691400120000001,15.078287200000002,1.3175311200000002,0,0,0.22,LOW
208.36,20.861053559999995,223.48145999999997,3.83631328,4.9014798520000005,1.3212955199999998,0,0,0.125,LOW
438.96,21.054541359999995,201.662748,3.269248600000001,4.037970048,1.29317472,0,0,0.145,LOW
47.12,26.465776399999992,244.05953999999997,5.602187120000001,8.70871996,1.29587224,0,0,0.085,LOW
44.84,14.0259812,105.008242,6.05559812,4.492212680000001,1.27134544,0,0,0.005,LOW
45.88,28.463533600000005,236.765844,3.8683076,6.847137519999999,1.3240263200000002,0,0,0.165,LOW
137.2,28.029441199999994,188.06005600000003,4.10939012,7.0467448,1.3595203200000001,1,0,0.445,MEDIUM
12.84,26.31684292,134.25306448,5.570618519999999,7.743256074599999,1.22966196,0,0,0.15,LOW
36.12,30.399180800000003,146.660476,5.06776036,9.61699712,1.2766005999999999,0,0,0.46,MEDIUM
263.68,21.386013999999996,198.758352,4.440477920000001,5.070618120000001,1.2993472000000004,0,0,0.115,LOW
204.12,44.38688319999999,337.26834800000006,3.8050261199999995,12.439392360000001,1.3058406400000002,0,0,0.185,LOW
50.08,28.49150611999999,134.4922188,3.5831148000000006,6.27257808,1.269233,0,0,0.1,LOW
75.92,28.958949199999996,57.403922640000026,3.433515560000001,6.541207760000001,1.2402605999999998,0,0,0.05,LOW
226.4,22.383472800000003,187.447716,4.1486452,5.243025440000001,1.28110488,0,0,0.02,LOW
184.48,27.4879288,166.449512,3.217239040000001,5.7840817200000005,1.3485005600000002,1,0,0.325,LOW
274.52,35.65496600000001,104.07985640000001,3.313252000000001,8.42987368,1.30373592,1,1,0.8,HIGH
286.6,25.6666344,33.02230040000002,3.5262414399999993,5.52275124,1.3350044000000003,0,0,0.39,LOW
238.52,32.56162079999999,139.10018359999998,4.59689396,9.87799156,1.30414772,1,1,0.61,MEDIUM
32.52,21.395267880000002,155.558292,5.067111719999999,5.009760996000001,1.3562236400000003,0,0,0.01,LOW
433.36,31.455584400000006,305.63761999999997,3.23259104,6.975827519999999,1.36837724,0,0,0.325,LOW
83.64,24.807591600000002,319.4420424,5.016677480000001,7.08913128,1.1223162400000002,0,0,0.005,LOW
293.16,29.934311600000004,235.828084,3.3879578000000006,6.70768852,1.3041986400000005,0,1,0.75,HIGH
253.16,31.519894799999992,20.867890879999994,4.746155120000001,9.407859960000001,1.35272196,0,0,0.145,LOW
389.2,21.191011600000003,317.212188,4.149691919999999,4.71452564,1.2904229200000001,0,0,0.145,LOW
254.12,30.726150399999987,265.83760399999994,3.807947440000001,7.5574571200000005,1.30471136,1,1,0.865,HIGH
205.8,32.15521639999999,119.29656639999999,3.5925573600000007,7.682128600000002,1.34188648,0,1,0.655,MEDIUM
347.4,37.70819039999999,313.7167160000001,5.00676268,12.74384448,1.3531774,0,0,0.185,LOW
93.8,23.6531748,108.08141200000001,5.257511480000001,6.9529926400000015,1.2366702800000002,0,0,0.005,LOW
13.04,23.292113719999996,223.36726599999997,5.862412439999999,4.99849676692,1.2764584,0,0,0.025,LOW
114.76,27.8527104,313.33121128000005,6.01699996,10.3217094,1.3605241600000002,0,0,0.065,LOW
83.92,31.629015199999998,148.68638800000002,4.4147026799999995,8.804680000000001,1.234992,0,0,0.03,LOW
95.0,26.51629948,113.91259879999998,5.689743159999999,9.98653512,1.2908656000000003,0,0,0.14,LOW
239.92,31.2043668,40.117152,3.9042130000000004,7.8762401599999965,1.2916623999999999,0,0,0.235,LOW
91.44,36.61175319999999,152.16044,3.737482919999999,9.486189439999999,1.31267212,0,0,0.41,MEDIUM
242.96,20.636734120000007,123.23077239999999,5.43237488,5.562763239999999,1.3317747200000003,0,0,0.055,LOW
70.24,44.07471879999999,204.07351599999996,3.1734531599999998,9.245490640000003,1.3015292000000003,1,0,0.43,MEDIUM
475.8,29.290766799999997,44.1855088,4.31134136,7.775048360000002,1.3263605600000004,0,0,0.295,LOW
170.6,30.28597599999999,159.844992,4.878874479999999,9.132856519999999,1.31596992,0,0,0.46,MEDIUM
301.68,27.7514984,255.32357999999988,5.99071708,10.8003586,1.3346384799999997,0,0,0.075,LOW
173.16,34.696159200000004,78.75241280000002,3.93176968,9.1131092,1.33423428,1,1,0.59,MEDIUM
292.6,35.81591319999998,331.700308,4.7139288,11.177675879999999,1.2968613999999996,1,0,0.485,MEDIUM
74.76,15.7778484,264.22603760000004,5.36094252,3.9181970399999995,1.3441936399999996,0,0,0.015,LOW
334.72,27.228805999999995,249.425812,5.484555439999999,10.676945439999999,1.3146045199999998,0,0,0.125,LOW
90.88,40.29494759999999,264.727336,4.13336436,11.673674320000002,1.2834425599999997,0,1,0.56,MEDIUM
147.36,27.471458799999997,203.27103199999993,4.65463092,7.6228585199999985,1.34445604,1,0,0.17,LOW
375.72,35.58734440000001,51.34780160000005,4.66967176,10.98190508,1.3680767999999994,0,0,0.195,LOW
169.56,29.290316799999996,253.50497199999998,4.32310172,7.801468639999999,1.32414488,0,0,0.4,MEDIUM
22.76,17.037224400000003,96.33541240000001,4.15274728,3.3842056730000007,1.0978435599999998,0,0,0.005,LOW
77.12,23.39177108,149.53907400000003,5.008641519999999,6.709521164,1.3434179599999998,0,0,0.165,LOW
169.88,30.286241999999987,221.76664000000008,3.6179000399999994,7.1098589599999995,1.1926934000000002,0,0,0.085,LOW
148.28,20.119135479999997,303.768732,3.3622356399999997,4.027388119999999,1.3120613600000002,0,0,0.01,LOW
245.76,37.6446392,297.574824,3.1920255600000003,8.992185679999999,1.2934944400000004,1,1,0.78,HIGH
56.16,24.8178544,165.04821200000004,5.018649919999999,6.670329559999999,1.3190214,0,0,0.07,LOW
288.6,26.319120400000003,163.873128,3.741565,6.040330319999999,1.3271216,1,0,0.41,MEDIUM
109.36,27.5242468,325.212308,4.03541804,6.76579032,1.3434701599999999,0,0,0.22,LOW
313.92,23.1742324,63.237923200000004,5.24610864,6.793540480000002,1.3679719599999998,0,0,0.07,LOW
96.44,20.19730536,231.59176000000002,3.77101764,4.089748759999999,1.2767468800000001,0,0,0.01,LOW
200.56,32.323350399999995,32.62255,4.9632008,10.151256799999997,1.3537362,0,0,0.135,LOW
165.4,27.053158800000006,206.63310800000002,4.630395,7.5509666000000015,1.30791024,0,0,0.3,LOW
68.88,21.1966564,139.749596,3.97027396,4.519923832000001,1.3060432,0,0,0.025,LOW
134.24,18.97088387999999,248.19539600000004,4.65643312,4.471816371999999,1.2940946400000002,0,0,0.055,LOW
141.8,28.974627999999992,239.851328,5.09992684,8.976260320000002,1.35858656,1,1,0.635,MEDIUM
16.48,29.180698119999988,187.3296236,5.1026506,5.783520653639999,1.12836224,0,0,0.055,LOW
48.24,25.793542399999993,154.99185224,4.40343744,6.10657732,1.2761342,0,0,0.03,LOW
215.2,9.749349199999997,213.05040799999998,6.959188720000002,3.1182669932,1.31668524,0,0,0.01,LOW
319.48,26.38385,274.66192400000006,6.89966508,11.1939012,1.33513024,0,0,0.005,LOW
126.72,22.620278520000003,166.220104,3.56895576,4.665856360000001,1.29379304,0,0,0.125,LOW
68.08,14.068284839999997,171.8244,4.16337508,2.741950488,1.2889788800000002,0,0,0.0,LOW
269.24,30.908201599999988,194.89468000000005,3.84682544,7.6492859200000005,1.30118368,1,1,0.79,HIGH
115.36,34.4801772,205.71585687999996,5.4983376,12.869417559999997,1.36336612,1,0,0.125,LOW
196.36,45.75871439999999,202.27520399999997,3.0231035200000003,11.1392892,1.29621488,1,1,0.555,MEDIUM
125.72,41.82080760000001,182.072396,3.9892149199999993,11.8942564,1.2744834399999998,0,0,0.45,MEDIUM
29.44,19.564047479999996,172.19691600000002,4.46840108,3.8818334578800004,1.2833906,0,0,0.03,LOW
60.88,24.238875080000003,227.633992,4.81966648,6.1917716799999996,1.28028512,0,0,0.01,LOW
188.92,17.621638439999998,296.70733599999994,6.620630480000001,5.45589518728,1.336876,0,0,0.06,LOW
101.36,16.638542400000002,307.43458400000003,6.566446559999999,5.38710252,1.2884845200000001,0,0,0.01,LOW
581.96,42.086525599999995,292.557144,4.14813992,12.520637399999998,1.35782988,1,0,0.31,LOW
184.56,35.90972559999999,325.4277888800001,4.2357302,10.14748428,1.3598688,1,0,0.365,LOW
404.64,35.72949680000001,175.11444000000003,5.20044184,12.595890039999997,1.3128668399999999,0,1,0.66,MEDIUM
212.48,28.512867199999995,263.222264,4.26659568,7.51859744,1.3459689999999997,0,1,0.565,MEDIUM
531.4,53.478323599999996,245.35233600000004,4.2191978,17.482982000000003,1.3119190799999998,0,1,0.545,MEDIUM
350.24,32.2159524,47.827717680000006,4.01680392,8.434168080000001,1.3565544399999998,0,1,0.7,HIGH
136.72,35.4820796,54.10734367999998,4.079112760000001,9.659997999999996,1.3553811199999999,1,0,0.395,LOW
57.52,30.420104399999992,348.92700399999995,3.9620762400000014,7.6569977200000015,1.13926032,0,0,0.05,LOW
228.24,22.441280400000004,123.14457160000002,4.88258704,6.451150560000002,1.3015905200000004,1,0,0.175,LOW
125.08,30.180896919999995,149.038548,4.69564952,6.786972108359999,1.3334558400000003,1,0,0.265,LOW
55.44,15.875508759999995,80.71500119999999,6.208940439999999,3.0054166776399995,1.2810369600000002,0,0,0.01,LOW
56.4,25.3808624,180.77955199999997,4.4334622800000005,6.490003560000002,1.2272301600000002,0,0,0.01,LOW
332.76,28.11722079999999,102.25623200000001,4.271507400000001,7.354662000000001,1.28313952,0,0,0.095,LOW
3.96,14.37368856,166.4143628,6.593707360000001,2.93083383288,1.2930098399999996,0,0,0.005,LOW
161.44,39.3742724,77.80528,5.496718959999999,14.928961999999999,1.293653,0,0,0.195,LOW
84.2,23.011344799999996,300.08498800000007,6.68475504,8.89135952,1.1116893600000002,0,0,0.02,LOW
59.84,25.554818519999998,269.400828,4.782257359999999,6.843296284000001,1.3573242399999998,1,0,0.06,LOW
420.0,37.75908999999999,128.196968,3.9035509200000003,10.24159216,1.3342209200000001,0,0,0.475,MEDIUM
542.0,38.13900160000001,189.69741600000006,4.15995584,10.950902040000003,1.3287992800000004,1,0,0.285,LOW
144.72,19.305673199999998,269.25960799999996,5.6778939600000005,6.50490912,1.3248514400000002,0,0,0.06,LOW
215.24,18.356801199999996,189.904792,7.021440879999999,6.867717919999999,1.31321964,0,0,0.02,LOW
140.4,38.31001439999999,239.0780400000001,3.6973547600000005,10.04445804,1.29422216,1,1,0.695,MEDIUM
219.88,34.75467599999998,71.7295684,3.2299469600000004,7.922157599999999,1.33241728,0,0,0.465,MEDIUM
61.64,16.547110240000002,247.83657559999995,5.06078968,3.87691276,1.3381472800000003,0,0,0.005,LOW
19.08,29.258716800000002,229.54364800000002,4.0575871999999995,7.584855636399999,1.2792439199999999,1,0,0.2,LOW
282.6,29.845309599999993,201.01596799999996,3.7163432,7.128022080000001,1.2853399199999997,1,0,0.49,MEDIUM
251.08,14.394788319999998,301.08302,5.0614415600000005,3.07758184,1.3354556,0,0,0.01,LOW
314.96,44.0320256,56.838303599999996,4.1938773199999995,13.369994000000004,1.3035388799999998,0,1,0.54,MEDIUM
87.08,30.3441444,241.33627600000008,5.743535159999999,10.919715560000002,1.35781516,0,0,0.245,LOW
187.52,25.1969836,286.05255600000004,3.651362200000001,5.67088512,1.35974156,1,0,0.39,LOW
238.92,23.887398799999993,335.074752,5.22264892,6.9544760399999985,1.33275596,0,0,0.145,LOW
102.48,14.942032800000002,285.54958400000004,4.5068547599999995,3.03124552,1.2738987600000002,0,0,0.0,LOW
276.56,32.19690319999999,179.44102799999996,3.862383559999999,8.143419119999999,1.30959572,1,1,0.575,MEDIUM
13.44,25.108626,144.56742928,7.185810400000001,4.304590908040001,1.1155483199999998,0,0,0.005,LOW
68.52,10.338361919999997,209.21220000000002,5.304908719999999,1.8052653634000004,1.29768496,0,0,0.0,LOW
49.0,57.249639200000004,244.72830807999995,3.5219122800000005,16.4178508,1.1847785599999998,0,0,0.23,LOW
83.48,38.138326400000004,194.54538799999997,4.246887560000001,11.170973599999998,1.2994712,1,1,0.505,MEDIUM
102.92,11.673035679999998,57.9011732,6.0682492,2.8061397109999997,1.3069490000000001,0,0,0.0,LOW
367.0,19.254550399999996,118.65168399999997,4.58309896,4.47275248,1.3217022,0,0,0.005,LOW
23.96,36.36389079999999,71.59934839999998,3.6975536399999998,9.206904759999997,1.1655010799999999,0,0,0.275,LOW
257.04,24.237655600000004,80.91001799999998,4.502506320000001,5.553539520000002,1.30798632,1,0,0.215,LOW
179.56,24.912118,284.54225127999996,5.26107752,7.450453320000001,1.2908066400000002,0,0,0.12,LOW
687.04,29.29298080000001,30.551265200000003,4.24045932,7.6368866,1.34779284,0,0,0.02,LOW
115.84,20.107912399999996,41.5663596,4.86809764,5.036871039999999,1.10136424,0,0,0.005,LOW
162.12,33.3238564,301.9137080000001,4.078768,8.776443999999998,1.3360885999999998,1,0,0.46,MEDIUM
24.64,19.597506399999997,81.04019999999997,5.409391039999999,5.50707752,1.2841043200000002,0,0,0.005,LOW
34.8,12.879418640000004,317.125202,8.10870624,4.6015820000000005,1.25231124,0,0,0.005,LOW
121.84,34.1639552,282.3581040000001,4.996164080000001,11.15278852,1.3096703200000002,1,0,0.255,LOW
55.88,20.56487052,118.50619999999999,4.79031628,6.533595640000001,1.3390434000000002,0,0,0.01,LOW
82.72,14.939463599999995,199.0606296,4.8209724,3.1647815103599997,1.34791312,0,0,0.01,LOW
137.84,23.334871599999996,152.44453039999996,4.79040904,6.168355399999999,1.2913061999999997,0,0,0.06,LOW
77.64,16.528107200000004,153.492592,6.344548319999999,5.107054080000001,1.2909591599999997,0,0,0.0,LOW
45.28,24.038360400000002,254.85166400000003,5.35978708,7.214214360000001,1.2410677599999997,0,0,0.015,LOW
826.4,27.56916519999999,25.250731599999995,4.761324360000001,7.81926944,1.34112652,0,0,0.06,LOW
688.64,20.161477599999998,278.28270000000003,4.017506640000001,4.268559240000001,1.36732196,0,0,0.04,LOW
189.6,21.506573600000003,94.1177012,6.181555079999999,7.493565279999998,1.28569504,0,0,0.05,LOW
60.08,42.1871948,275.03034,3.7691225200000003,10.596084359999997,1.3127338,0,0,0.325,LOW
82.92,24.435714799999996,35.827973199999995,4.36188108,6.06013952,1.1736568000000003,0,0,0.105,LOW
294.64,33.940235200000004,231.21361199999998,2.91397248,7.271042960000001,1.303115,1,1,0.695,MEDIUM
390.8,34.976245999999996,133.75735200000003,4.2378494799999995,9.8236508,1.3296852799999999,1,1,0.8,HIGH
101.64,13.13480052,121.14134800000002,3.7056724,2.2298012280000004,1.1769846,0,0,0.01,LOW
497.8,32.105035599999994,113.74078960000001,4.37680992,8.97792832,1.36726264,0,0,0.295,LOW
189.48,34.3928716,164.52072800000002,4.2254224,9.69813404,1.2951996399999999,1,1,0.78,HIGH
294.36,20.3630576,79.16225039999999,6.7777283599999985,7.5227265999999995,1.3674453599999998,0,0,0.06,LOW
121.08,30.9887664,51.307174,5.17376016,10.04105636,1.3433636800000002,0,0,0.3,LOW
131.08,33.97397679999999,257.671088,3.9916287599999993,9.41880508,1.3669868399999998,1,1,0.545,MEDIUM
256.88,25.228074000000003,74.5878372,5.099207000000001,7.35901936,1.2711637600000005,0,0,0.025,LOW
356.36,25.724335879999995,174.516564,6.082206839999999,9.196176479999998,1.32387588,0,0,0.01,LOW
567.88,29.74272639999999,68.8957148,4.124783079999999,7.673272639999999,1.3268373199999999,0,0,0.015,LOW
210.48,11.784625159999996,194.074802,4.10605044,1.66667877624,1.322849,0,0,0.005,LOW
53.76,18.11401892,168.774868,5.234837679999999,4.55582427908,1.33001448,0,0,0.005,LOW
466.28,31.375374799999996,73.1687268,4.086786399999999,8.18479936,1.3268954800000001,0,1,0.57,MEDIUM
174.92,33.44500760000001,286.923872,3.5713503199999996,8.06626044,1.3416364399999998,1,0,0.5,MEDIUM
399.28,32.38795359999999,60.50201039999999,3.5307528,7.67346024,1.3223861200000002,0,0,0.4,MEDIUM
353.16,11.950297319999999,159.22635200000002,4.69723776,1.9730710927200001,1.3189325599999997,0,0,0.0,LOW
132.92,28.9816896,231.29492000000002,4.954945399999999,8.734890080000001,1.2942088,0,0,0.205,LOW
620.92,36.594519199999986,306.51297999999997,3.9632574000000007,9.89343216,1.34288376,0,0,0.06,LOW
624.08,29.954167599999995,59.420081199999984,3.7115353600000005,7.119556079999999,1.32543164,0,0,0.025,LOW
167.24,32.8598116,84.50193679999998,4.479304839999999,9.032910199999998,1.29901656,0,1,0.595,MEDIUM
146.0,31.94329359999999,298.90844,4.680265039999999,9.33515608,1.36289488,0,1,0.545,MEDIUM
236.28,20.4207784,289.419028,5.095922000000001,5.50756732,1.29824328,0,0,0.105,LOW
347.52,28.554101999999993,267.534188,4.98402464,8.38752836,1.3148667199999997,0,0,0.25,LOW
295.96,40.317062400000005,276.41128,4.146594439999999,11.724678840000001,1.3640462799999997,0,0,0.44,MEDIUM
88.32,32.12633788000001,135.70258175999996,3.49481064,6.239727440360001,1.3584791200000002,0,1,0.625,MEDIUM
331.84,35.9047488,81.1183428,3.2877378800000003,8.457182240000002,1.27889316,0,0,0.475,MEDIUM
603.4,25.105346000000004,144.31174799999997,5.07101424,7.232648,1.3400830800000003,0,0,0.025,LOW
162.28,38.33157,240.77612000000002,2.5691509200000002,8.0417362,1.29485684,0,0,0.35,LOW
48.08,27.895006399999996,143.79950399999998,5.22935208,8.79756332,1.26831292,0,0,0.11,LOW
51.04,21.904440039999994,217.252292,3.66522904,5.0478295200000005,1.309405,0,0,0.04,LOW
166.92,10.59197772,113.440196,6.121953920000001,2.2547484906,1.3125188,0,0,0.0,LOW
116.32,33.32236439999999,150.71789055999997,3.2317577999999996,5.08641074304,1.297397,0,0,0.24,LOW
101.12,25.8788888,61.24759839999999,5.63797148,8.535950640000001,1.26305888,0,0,0.025,LOW
296.44,52.425012800000005,273.608392,3.0521137999999994,13.371008,1.2976496,1,0,0.28,LOW
200.44,18.393761079999994,322.15978800000005,5.47173844,4.33945557816,1.36212244,0,0,0.05,LOW
17.52,18.78812052,167.58795,3.3020862400000004,3.0009075999999997,1.34226536,0,0,0.05,LOW
709.16,29.6428864,126.61045200000001,5.597656000000001,10.242245279999999,1.33823416,0,0,0.025,LOW
185.64,39.712928399999996,209.64268399999997,4.2728413199999995,7.433193685520001,1.2986336799999998,0,0,0.46,MEDIUM
104.56,13.0217976,262.886988,6.238219519999999,2.92005791928,1.3061769199999997,0,0,0.0,LOW
247.84,31.967041199999993,75.16724719999998,4.92263796,9.892556639999999,1.3359293600000002,0,1,0.525,MEDIUM
329.16,34.00220799999999,87.54015439999999,3.79651076,8.625997320000002,1.35550348,1,1,0.665,MEDIUM
359.8,32.70064999999999,157.50052,4.70610872,9.90483632,1.3345996,0,1,0.7,HIGH
478.64,18.862925599999997,320.58946799999995,3.52892852,3.584975839999999,1.3143932,0,0,0.01,LOW
472.4,29.264561199999992,316.8445372,5.622813279999999,10.07451416,1.3227662,0,0,0.055,LOW
654.6,27.198579599999995,27.635194800000004,5.48751884,8.93661564,1.32546908,0,0,0.035,LOW
29.4,17.912788519999996,271.348684,6.00410728,5.23775352,1.2830416399999998,0,0,0.045,LOW
179.04,40.638819999999996,307.095188,3.8143433599999996,11.090219799999998,1.3406388,0,0,0.435,MEDIUM
96.8,25.227785599999997,204.66591600000004,3.8225175599999996,5.6872769199999995,1.3070206000000002,0,0,0.14,LOW
657.4,37.92539920000001,276.934196,4.655459400000001,11.984209,1.3393053999999998,0,0,0.02,LOW
599.36,35.5968876,65.47708759999999,6.481805840000001,16.310571599999996,1.3453542400000003,0,0,0.03,LOW
103.92,20.544665879999993,310.2408359999999,5.12065924,5.120553879999999,1.3352177999999995,0,0,0.01,LOW
185.32,56.44973999999999,337.444444,3.5485537999999996,16.239600000000006,1.2900698800000001,0,0,0.125,LOW
232.8,28.583783200000003,239.01811199999997,3.3309531199999998,6.2040405199999995,1.31107804,0,0,0.495,MEDIUM
195.92,15.171590199999995,324.893248,5.2879976,3.62511868044,1.2435044399999997,0,0,0.02,LOW
327.64,31.880914799999992,126.30763064000004,3.36868396,7.248433960000001,1.29648096,0,1,0.52,MEDIUM
116.0,19.957813199999997,84.925204,6.10642076,6.5250156,1.2962124,0,0,0.03,LOW
88.68,20.705249079999998,324.119576,4.3919760000000005,4.8850323200000005,1.3567678799999998,0,0,0.045,LOW
21.92,39.99811759999999,132.472616,3.6058604399999994,10.498435519999997,1.2270715599999995,1,1,0.55,MEDIUM
244.68,14.153386359999999,164.31575159999997,6.003969960000001,2.8829868154800007,1.3364160800000002,0,0,0.0,LOW
51.52,26.071400799999996,208.921292,3.4605819599999994,5.575894999999999,1.2856652400000002,0,0,0.09,LOW
447.6,32.814526400000005,313.22798896,4.6545614,9.83475476,1.32362088,0,0,0.39,LOW
135.68,37.044948399999996,192.75931599999996,3.935046,10.001206959999998,1.3010426800000001,0,1,0.635,MEDIUM
228.96,25.8647296,114.58706800000002,3.9316497600000004,5.98721908,1.29152704,0,0,0.32,LOW
42.8,29.753505199999996,116.42210400000002,6.15899032,12.730708239999998,1.27828904,0,0,0.135,LOW
324.84,16.756253320000003,176.29744000000002,4.2299386000000005,3.4273738840000014,1.31236124,0,0,0.01,LOW
289.08,26.860834399999998,325.83772,4.206279520000001,6.673617399999999,1.28308504,0,0,0.32,LOW
187.08,29.489654400000003,317.64794,4.5754660399999985,8.265207639999998,1.3618144000000003,0,0,0.455,MEDIUM
392.12,35.1033836,76.77457319999999,4.262989919999999,10.0670372,1.3644630800000002,1,0,0.45,MEDIUM
76.84,24.759334400000004,259.48903599999994,4.848565560000001,6.976060559999999,1.2391080799999996,0,0,0.01,LOW
481.6,46.421118799999995,150.75931599999998,4.45318408,15.693588,1.3318084000000006,0,0,0.265,LOW
38.16,20.228585600000002,135.4634,5.35771456,6.2830045199999995,1.28837988,0,0,0.045,LOW
113.44,23.2761316,228.931184,6.03537268,7.838138560000001,1.27566992,1,0,0.015,LOW
21.92,19.7025076,137.2500848,3.3318525999999995,4.111434864,1.09478476,0,0,0.015,LOW
15.6,27.662213480000005,188.66866800000003,4.33059964,7.5548269160000014,1.2853915599999999,0,0,0.205,LOW
332.24,36.21082319999999,275.81454,3.980181479999999,9.82693112,1.3104660399999997,1,1,0.74,HIGH
211.84,14.457804559999998,136.25865199999998,4.150418320000001,2.76365206384,1.10446036,0,0,0.0,LOW
198.0,31.29560439999999,91.8099936,4.173156600000001,8.29400336,1.3040481599999998,1,1,0.74,HIGH
321.6,19.486442399999998,239.883004,3.880662679999999,3.98128644,1.31031492,0,0,0.06,LOW
91.52,37.86276480000001,274.135256,3.6147035199999995,9.699107759999999,1.3101977999999996,0,0,0.4,MEDIUM
112.32,25.724078000000006,158.34944919999998,3.1074184000000002,3.959516644,1.30877176,0,0,0.195,LOW
393.48,29.8390128,120.04034240000001,4.2804828,8.07692348,1.32817276,1,0,0.405,MEDIUM
342.16,32.4134036,323.29482800000005,4.484372240000001,8.916204160000001,1.29436144,0,0,0.365,LOW
126.52,28.247535200000005,113.99820719999998,5.92298888,10.10142476,1.3644424000000002,0,0,0.175,LOW
102.76,18.367001840000004,180.68668800000003,5.45055464,4.28349490268,1.3046636799999995,0,0,0.035,LOW
171.24,29.473064399999995,125.01221400000003,4.784918719999999,8.60837892,1.3530191200000001,0,0,0.43,MEDIUM
647.36,15.21199092,104.0949,5.180687959999999,2.5542748489600005,1.3691550399999999,0,0,0.02,LOW
135.2,26.507297200000004,209.53788799999998,4.39421324,6.8714432,1.2998711600000001,0,0,0.04,LOW
128.72,28.031688000000003,167.565912,4.32431812,5.5254012,1.3160447600000003,0,0,0.21,LOW
319.68,26.76307959999999,297.894952,4.38626728,6.948045719999999,1.3217984399999998,0,0,0.285,LOW
101.44,23.919338399999997,337.823012,3.4905263199999994,5.0855574,1.3522655600000002,0,0,0.17,LOW
159.0,28.4749932,150.243688,5.095787919999999,8.691265239999998,1.36158296,0,0,0.49,MEDIUM
513.92,29.80585839999999,276.51248000000004,3.2568975600000005,6.631234840000001,1.3215712,1,1,0.52,MEDIUM
370.0,14.632244839999993,316.387812,5.42617976,3.6652601160000002,1.2842775200000003,0,0,0.045,LOW
387.04,34.5429424,214.83980000000003,3.59014136,7.809804799999999,1.3153137199999998,1,1,0.64,MEDIUM
200.24,25.465258,78.12708239999999,4.24957192,6.035473479999999,1.31940464,0,0,0.195,LOW
266.4,19.524225079999997,114.865208,5.30192648,5.12925632,1.33330648,0,0,0.025,LOW
71.6,16.43776616,296.54760400000004,6.21131176,5.040142364,1.34469016,0,0,0.015,LOW
91.52,33.108647600000005,216.91763600000002,4.25792624,9.08163544,1.1243616399999998,0,0,0.02,LOW
252.96,14.072383879999997,250.66095800000002,5.884290920000001,4.51030706,1.3308712800000004,0,0,0.045,LOW
57.08,28.762221200000003,131.358708,4.9101174,8.46880112,1.2909545999999998,0,0,0.14,LOW
11.12,20.3723736,114.410792,6.530844640000001,4.857106132920001,1.09914668,0,0,0.02,LOW
319.12,24.3686936,269.10534,3.8841384,5.49055744,1.2849611200000002,0,0,0.13,LOW
233.4,27.6026008,77.62821680000003,3.700628959999999,6.331746559999999,1.2758879200000002,0,0,0.105,LOW
139.36,25.179788800000004,150.57050399999997,4.06590376,6.020915680000001,1.28444748,0,0,0.105,LOW
359.92,34.33427520000001,112.1733784,4.226360839999999,9.73981088,1.3005727999999999,0,1,0.66,MEDIUM
128.08,31.2419124,52.55931160000002,4.8592268800000005,9.599672640000003,1.3008924,1,1,0.57,MEDIUM
170.8,29.820270799999992,49.9685384,4.29894024,7.943554559999998,1.3543502399999996,0,0,0.36,LOW
48.0,21.65415039999999,197.4637028,4.7252092,5.113525,1.3197752799999998,0,0,0.015,LOW
155.44,17.630059839999998,80.1449952,5.791776120000001,4.9820888000000005,1.30563588,1,0,0.005,LOW
185.76,26.157900000000005,196.431564,3.8186717199999993,5.994355559999998,1.31876012,1,0,0.455,MEDIUM
30.6,15.763959479999999,138.5256388,7.062488599999999,3.3034234089199996,1.3082259600000001,0,0,0.005,LOW
696.64,34.87844440000001,98.54535360000001,4.1626904,9.665670960000002,1.3555891199999999,0,0,0.04,LOW
168.08,33.446082,184.05913200000003,5.0169035599999985,10.68834004,1.29831444,0,1,0.57,MEDIUM
47.36,21.4416552,212.825704,5.5034963999999995,6.02240524,1.1619319600000002,0,0,0.075,LOW
49.72,27.686014400000005,148.384736,4.45242456,7.41680424,1.2735505999999999,1,0,0.155,LOW
66.72,20.740022679999996,133.3855392,4.174701,4.626444800000001,1.2873512,0,0,0.005,LOW
154.64,23.38184864,176.08050800000004,3.7899109999999996,5.594845320000001,1.28480136,0,0,0.015,LOW
113.28,27.284349199999994,76.24951240000001,6.43826296,10.74941456,1.09999248,0,0,0.015,LOW
341.08,33.28558760000001,57.39607008,3.8261761999999986,8.505673439999999,1.2966759199999998,1,1,0.545,MEDIUM
385.28,27.50478279999999,67.19849279999998,3.9037460799999995,6.603852000000001,1.3320628799999996,1,0,0.32,LOW
236.04,24.609150279999994,87.80914295999999,4.276188599999999,6.050084880000001,1.3281933999999997,0,0,0.39,LOW
201.48,27.695390399999997,26.67264279999999,4.69458976,7.7679458399999985,1.3527933199999997,0,0,0.155,LOW
237.48,25.749588400000007,312.0176120000001,3.4573506800000002,5.490275480000001,1.330744,0,0,0.475,MEDIUM
540.2,46.6040884,294.20786799999996,3.44901128,12.235587720000002,1.3153435999999998,0,0,0.37,LOW
223.48,19.690517519999993,107.2047132,4.985480040000001,4.808562408,1.3328654799999997,0,0,0.045,LOW
262.36,28.37877159999999,80.7517784,3.6506377999999997,6.51537904,1.21457428,0,0,0.07,LOW
354.96,30.3558008,123.022588,4.8566436,9.11045776,1.3236272400000002,0,0,0.445,MEDIUM
174.0,23.6819188,133.03864959999999,6.48690108,9.509302560000002,1.2130063199999999,0,0,0.015,LOW
107.96,23.1239804,310.908824,4.162257520000001,5.292723079999999,1.3078915999999998,0,0,0.135,LOW
54.08,24.757726560000002,201.67275296,5.954818599999999,8.42650488,1.2928995600000002,0,0,0.0,LOW
418.92,42.2755964,187.56960400000003,4.354743439999999,13.5469988,1.34142572,0,0,0.365,LOW
140.4,27.945893599999994,343.23885199999995,5.0382073599999995,8.40727024,1.3642844400000005,0,0,0.23,LOW
410.8,28.635728799999992,215.57677135999998,4.0256054,7.062030799999999,1.3532795999999994,0,0,0.31,LOW
159.52,21.6667412,173.9364,4.806144,5.614737187999999,1.3116252800000001,1,0,0.015,LOW
214.0,27.116338399999997,106.84716480000002,5.618101719999999,9.061572759999999,1.27805328,0,0,0.125,LOW
383.2,36.3274412,121.330116,4.8953424,11.769210879999997,1.3297771200000001,1,0,0.4,MEDIUM
301.44,28.972124000000008,232.99526400000005,4.9494855200000005,8.7220882,1.2972716000000002,0,0,0.32,LOW
627.56,47.0743952,119.36060040000001,5.0693671600000005,17.469331200000003,1.3609944800000002,1,0,0.195,LOW
174.64,17.525462399999995,296.68437760000006,4.31822008,3.84743144,1.1912912400000002,0,0,0.005,LOW
34.72,14.89598548,220.573648,6.153110959999999,4.54277064,1.2754611999999996,0,0,0.01,LOW
98.8,38.096823199999996,56.84724407999999,3.9277953999999995,10.398046279999999,1.2537646,0,0,0.3,LOW
44.84,21.257593919999998,188.579312,3.192022160000001,3.6395987759999997,1.3564361200000001,0,0,0.18,LOW
184.88,31.222354799999998,282.21918400000004,4.08814428,8.130954080000002,1.2454006,0,0,0.005,LOW
149.76,23.0798776,50.352819999999994,3.94304652,5.125143680000001,1.36309516,0,0,0.26,LOW
156.16,27.590627880000003,163.240588,3.4783408,6.146022759999998,1.3085774000000001,0,0,0.33,LOW
70.72,35.13472839999999,129.03038800000002,5.05074552,11.598481200000002,1.27631644,0,0,0.24,LOW
157.4,26.037251879999996,174.302942,2.8013275200000005,4.947137924000001,1.2965465200000004,0,0,0.12,LOW
188.08,34.4422396,326.14104000000003,4.83658612,10.858433159999999,1.3366508,0,0,0.085,LOW
217.68,34.68970799999999,58.02075919999999,4.00280656,9.59220272,1.2948372000000001,1,0,0.5,MEDIUM
163.76,34.1225872,199.64481599999996,4.095686079999999,9.15742456,1.30904444,0,1,0.565,MEDIUM
175.64,33.4534348,120.6859704,5.150667160000001,11.15491176,1.33702176,0,0,0.28,LOW
573.72,31.084585599999997,313.78154928,6.391896720000001,13.166791759999997,1.3451352799999996,0,0,0.02,LOW
195.2,25.1191832,88.54528016000002,4.4829509199999995,6.519783199999998,1.2820632,0,0,0.08,LOW
197.92,32.224271599999994,257.85109199999994,5.0820668399999995,10.401244839999999,1.28414896,1,0,0.465,MEDIUM
363.2,35.27305679999999,194.84696800000006,5.492678960000001,12.924488400000003,1.3172388000000002,1,0,0.385,LOW
84.92,28.7287616,322.753756,6.654232119999998,12.044303039999999,1.1083042,0,0,0.01,LOW
243.36,34.77310052,88.52057368,5.09048336,9.352752253239997,1.32357124,1,0,0.485,MEDIUM
25.72,20.40153228,104.9620068,3.9814928799999993,4.393704720000001,1.2415682,0,0,0.02,LOW
297.0,41.521273199999996,185.37552,5.232428000000001,15.2321712,1.3080018000000002,1,1,0.81,HIGH
295.6,34.8381324,48.28755128000002,5.01091688,11.547046120000003,1.3679150799999997,0,0,0.14,LOW
81.68,25.332038,310.02572,6.01254848,9.056327479999998,1.3667523600000002,0,0,0.03,LOW
712.0,35.261172399999985,314.544856,5.0329308799999986,11.672998519999998,1.34025768,0,0,0.025,LOW
214.72,34.8251084,47.8775404,4.76315776,10.948106880000003,1.13739136,0,0,0.08,LOW
240.72,17.863472959999996,160.761452,3.2933868399999993,3.9744147959999996,1.3290434,0,0,0.115,LOW
322.76,33.47567799999999,217.1919952,6.790090319999999,15.536367080000002,1.3688683200000002,0,0,0.04,LOW
392.28,27.610229600000004,126.9288968,4.161340720000001,6.98743684,1.28323936,0,0,0.1,LOW
300.16,29.488104799999984,196.76569600000002,4.1726981599999995,7.62976444,1.2862803999999997,0,0,0.465,MEDIUM
130.12,34.155356399999995,151.34742,4.257199359999999,9.71088192,1.2808314,1,1,0.82,HIGH
29.16,21.823826399999998,117.011368,5.1008191599999995,5.954651119999999,1.3047987999999997,0,0,0.025,LOW
29.76,30.7439672,317.84448800000007,5.17468412,6.867717865360001,1.28981256,0,0,0.13,LOW
100.44,22.532354,71.2878712,3.7007528399999994,4.731427040000002,1.3325197599999998,0,0,0.125,LOW
201.72,26.03426816,240.438276,3.8277098,5.734262191999999,1.3042568,0,0,0.375,LOW
519.64,21.921754280000002,130.28758400000004,3.27765608,4.251956576,1.34307328,0,0,0.135,LOW
108.0,19.349426519999998,125.67854999999997,4.21612996,4.05281132,1.2644341200000002,1,0,0.0,LOW
556.72,32.9306736,95.20277240000001,5.645044200000001,12.63449452,1.3352359599999997,0,0,0.01,LOW
321.84,45.954631199999994,111.57043400000002,5.225517399999998,17.099497999999997,1.3002019599999999,1,1,0.805,HIGH
480.0,34.2949844,257.87868799999995,4.45897676,9.930105679999999,1.359668,1,1,0.84,HIGH
196.88,28.838510399999997,113.72081599999997,3.5434047200000003,6.700992640000002,1.3257898399999999,0,1,0.595,MEDIUM
128.36,34.27382240000001,318.093836,3.24443816,7.858171559999999,1.3065971600000004,1,1,0.53,MEDIUM
271.48,22.905359880000006,111.7356048,5.366065,4.949932650720001,1.32644116,0,0,0.075,LOW
155.84,26.92400799999999,201.30012800000003,5.643243879999999,9.29376096,1.3610764800000001,1,0,0.295,LOW
445.12,35.891678799999994,72.43936919999999,3.67325084,9.109236600000001,1.3692462400000003,0,0,0.135,LOW
45.4,17.718001599999997,265.10971600000005,4.86810332,4.27541492,1.3503470000000002,0,0,0.005,LOW
115.48,24.06907919999999,131.79075999999998,3.7863652400000003,5.360938759999999,1.33926844,1,0,0.23,LOW
371.48,22.256418800000002,209.58616,7.516140040000002,9.869417640000002,1.3162827600000002,0,0,0.005,LOW
122.24,29.44983759999999,116.66904976,4.312449920000001,7.831806639999999,1.1541743599999998,0,0,0.025,LOW
158.2,34.32866279999999,48.210643360000006,4.07546352,9.372322839999999,1.30594828,1,1,0.56,MEDIUM
504.56,22.980748679999998,139.8299872,3.20272028,4.46302458,1.3466517999999998,0,0,0.07,LOW
38.64,22.495458400000004,253.38975599999995,5.76910116,7.07753692,1.11618288,0,0,0.025,LOW
143.48,31.571504799999992,115.9537192,3.9137063599999995,7.98669504,1.2420945199999998,0,0,0.06,LOW
166.6,28.2429924,176.78252,5.299514759999999,8.986650319999999,1.35982628,1,1,0.725,HIGH
248.52,42.42706479999999,148.89777600000005,3.0254260400000006,10.084070120000002,1.30041752,1,1,0.53,MEDIUM
289.24,27.0450616,278.643392,3.32585228,5.7341605200000005,1.30440412,1,1,0.585,MEDIUM
219.2,37.15333679999999,39.4516592,5.242072320000001,13.32392532,1.3312348,0,0,0.14,LOW
286.4,19.354721199999997,118.0645552,4.391050080000001,4.07377296,1.22409276,0,0,0.005,LOW
112.96,30.043474,221.382036,3.9789716399999993,7.44049248,1.2839903199999998,0,0,0.22,LOW
313.24,35.391794,146.21275599999998,4.471391000000001,10.48199872,1.3148196400000003,1,1,0.64,MEDIUM
400.6,27.813761999999997,119.9599228,3.1503281999999997,5.671967800000001,1.36911528,0,0,0.19,LOW
393.84,33.33852279999999,94.85801607999998,4.34131292,9.414859439999999,1.3170135599999997,0,1,0.705,HIGH
125.64,30.4458904,148.86411199999998,3.98712932,7.695338919999998,1.3313118,0,1,0.505,MEDIUM
118.68,22.583400399999995,96.17955200000002,3.8866544,4.9222860399999995,1.10018808,0,0,0.005,LOW
26.8,23.066547600000003,51.115593600000004,4.91507088,5.87221224,1.29389028,0,0,0.04,LOW
112.44,14.171375639999999,248.7252,5.298515000000001,3.02727540076,1.3601549599999998,1,0,0.135,LOW
57.96,20.553228,143.07315599999998,4.95855528,5.403111559999998,1.1695295600000002,0,0,0.0,LOW
335.24,31.8244424,44.08437608,4.327362439999999,8.719879279999999,1.2798834,0,0,0.455,MEDIUM
491.6,41.751854800000004,186.10459600000002,4.7092764,13.977940439999998,1.33103128,0,0,0.345,LOW
24.68,21.766593879999995,48.39265839999999,4.35677884,5.1160869600000005,1.28632352,0,0,0.005,LOW
639.8,29.263505999999992,265.969784,4.578900239999999,8.237578199999998,1.3667416399999996,0,0,0.09,LOW
480.0,28.67088399999999,93.1789964,4.431821279999999,8.02627424,1.3281206,1,0,0.32,LOW
9.4,11.89482632,351.0,4.731910920000001,2.5094444395599997,1.24145536,0,0,0.0,LOW
605.48,41.74838600000001,178.78232799999998,4.16491024,12.378591199999999,1.3328178800000001,0,0,0.29,LOW
49.2,27.402188000000006,115.43678000000001,4.98605308,7.9941174800000026,1.29364664,1,0,0.145,LOW
183.92,23.537672279999992,91.14715640000003,6.16339184,8.214116319999999,1.3526427200000004,0,0,0.025,LOW
41.12,11.092710799999999,203.39999999999998,8.237427839999999,1.9424073132000002,1.2731481999999998,0,0,0.0,LOW
123.04,19.687770119999993,217.62380399999995,4.28256172,4.055578389559999,1.12214428,0,0,0.005,LOW
179.76,38.96503920000001,325.18676768000006,5.20366284,14.197434079999999,1.2989081999999998,1,0,0.27,LOW
414.76,24.338880919999998,230.16022000000004,3.1046242800000012,4.822224419999999,1.30632164,0,0,0.19,LOW
90.44,25.72049584,320.72777695999997,5.38677612,7.927469080000001,1.10281852,0,0,0.035,LOW
240.68,36.603257199999994,36.397494079999994,4.009142280000001,10.052518719999998,1.3310426000000002,1,1,0.605,MEDIUM
20.2,31.826187960000002,167.51975599999997,7.302362959999999,2.8592478095600002,1.3069266399999997,0,0,0.115,LOW
131.64,32.00683399999999,202.15580800000004,3.92208664,8.125126160000002,1.3019679600000003,0,0,0.5,MEDIUM
69.28,17.19366504,80.8909452,5.857260479999999,4.97630078328,1.2634571599999997,0,0,0.0,LOW
289.72,37.73389839999999,274.54074399999996,4.1102118800000005,10.652829519999997,1.2817931200000001,0,1,0.645,MEDIUM
161.68,35.864949200000005,103.25201320000002,4.4034695600000004,10.294279200000004,1.3011394,0,1,0.6,MEDIUM
147.04,26.146905200000003,53.6364124,6.39691624,9.891917920000003,1.3373645200000002,0,0,0.02,LOW
158.76,26.854089600000002,107.22666880000001,3.97631736,6.425155439999998,1.31665356,1,1,0.56,MEDIUM
359.04,37.094556399999995,146.56437199999996,3.8112894,9.853993200000001,1.35856908,1,1,0.71,HIGH
515.08,24.69186519999999,141.68878407999998,5.3971065199999995,7.667069120000001,1.3693380000000004,0,0,0.075,LOW
158.6,22.136306400000002,295.5317900000001,4.334821239999999,5.214378200000001,1.2979556800000003,0,0,0.04,LOW
32.76,24.747086000000003,252.89102,3.3051771999999993,6.018012715999999,1.1981350400000002,0,0,0.085,LOW
59.0,25.513664800000004,63.9560104,4.2784295199999995,6.314960599999999,1.2787250000000001,0,0,0.1,LOW
256.56,30.339985599999995,294.55202399999996,4.08905252,7.805534559999999,1.3680046000000001,0,1,0.735,HIGH
194.24,24.264294,162.56696399999998,4.610213599999999,6.3728053199999986,1.3072282000000002,0,0,0.18,LOW
280.84,38.555629999999994,155.37695999999997,4.741124600000001,12.463189240000004,1.3064061599999999,1,1,0.87,HIGH
705.68,40.64309599999999,285.363944,4.334662080000001,12.328666559999997,1.3395132400000003,0,0,0.1,LOW
56.04,27.1233156,201.231488,4.430021999999999,7.187042879999999,1.3115566399999998,0,0,0.115,LOW
86.16,25.261968799999995,133.366196,5.232596599999999,7.517472319999999,1.32914716,0,0,0.055,LOW
449.56,18.412939199999993,89.3229,4.1128806,3.8291109199999998,1.2879778800000004,0,0,0.015,LOW
257.64,38.861811079999995,92.73082120000001,3.425176200000001,9.912448200000002,1.29990756,1,1,0.64,MEDIUM
109.2,23.222493760000003,66.1146016,3.3596394000000003,4.717570327999999,1.35634244,0,0,0.26,LOW
269.72,12.998094039999998,131.353196,6.010410280000001,1.5003235899599998,1.2193166,0,0,0.0,LOW
175.52,23.2838228,245.18076800000009,6.96251824,9.852172640000003,1.34325992,0,0,0.0,LOW
428.04,22.660387599999993,111.0273928,5.334007000000001,6.80657976,1.3312135200000004,1,0,0.055,LOW
17.08,38.15852759999999,68.57234199999999,4.41306856,11.471941519999998,1.28930992,0,0,0.35,LOW
67.32,31.750731599999995,105.6264412,4.1637112400000005,8.43522716,1.3544024399999999,1,1,0.705,HIGH
209.44,29.0530224,288.28648400000003,5.75849904,10.223161079999999,1.29402024,0,0,0.115,LOW
99.44,22.622286000000003,160.88864239999998,3.793027479999999,4.85943992,1.3071990399999998,1,0,0.15,LOW
189.84,39.59708200000001,339.22940400000005,4.585108320000001,12.486736200000001,1.32265368,1,0,0.275,LOW
14.44,27.1847048,113.15546080000001,4.08837296,6.72021212,1.3513389600000003,1,0,0.28,LOW
531.56,46.94815280000001,192.285808,4.045904080000001,14.3868684,1.33138336,1,1,0.545,MEDIUM
254.24,31.639592399999987,230.14319200000003,4.63728112,9.273869959999999,1.29273724,0,1,0.605,MEDIUM
144.48,30.626133199999995,92.38814520000001,5.49431612,10.480077999999999,1.2536753999999999,0,0,0.06,LOW
279.52,21.028436799999998,121.53633599999998,5.0020212399999995,5.57056024,1.2907074799999998,0,0,0.055,LOW
95.16,34.020816400000015,94.685576,3.450186399999999,8.11441276,1.2142200800000003,0,0,0.08,LOW
86.52,23.1999316,264.8232959999999,4.13566108,5.36526264,1.23172276,0,0,0.025,LOW
383.6,34.9190516,83.76792999999998,3.2515907199999994,8.088084679999998,1.32677376,1,1,0.525,MEDIUM
217.76,24.585848800000004,315.75396800000004,3.7103884000000007,5.38145704,1.10887664,0,0,0.015,LOW
96.48,29.20706640000001,233.72825600000004,4.944918080000002,8.93019128,1.2595776800000003,0,0,0.025,LOW
577.48,20.0747444,49.28760359999999,5.19394196,5.39020392,1.3267163199999998,0,0,0.04,LOW
24.32,41.3609512,92.3440828,2.57143324,8.955641,1.0968863999999998,0,0,0.25,LOW
172.84,27.2051072,252.73050799999993,3.69175796,6.394343200000001,1.3029566799999999,0,0,0.45,MEDIUM
17.12,23.38221544,96.6060572,3.5440872799999994,4.719635652000001,1.290046,0,0,0.075,LOW
258.92,21.8394212,60.006284400000006,4.00246576,4.848134440000001,1.30465592,0,0,0.245,LOW
190.08,39.630033600000004,100.59710559999999,3.356389440000001,9.801792240000001,1.26117916,0,0,0.21,LOW
171.84,27.41015559999999,123.47329199999996,4.3105430799999995,7.123628000000001,1.3226423999999997,0,0,0.16,LOW
52.76,14.844304959999997,241.456358,6.089175319999998,3.377957912720001,1.1147949599999998,0,0,0.01,LOW
186.92,35.83352400000001,170.625324,4.396318359999999,10.504340319999999,1.3596274799999997,1,1,0.705,HIGH
102.92,24.082682,285.2193919999999,5.191478359999999,6.852394120000001,1.34195728,0,0,0.06,LOW
73.76,29.5355048,52.08294639999999,4.202247800000001,7.675614400000001,1.3440940799999999,1,0,0.48,MEDIUM
294.04,27.56692560000001,123.6434748,3.0125986399999998,5.519108120000001,1.3177033199999997,0,0,0.375,LOW
340.16,22.063582799999995,109.20132799999999,4.326871919999999,5.2136716000000005,1.3558965200000004,0,0,0.15,LOW
16.2,22.481403480000004,220.26067999999995,4.6473961599999996,4.449662973160001,1.29767112,0,0,0.03,LOW
55.48,25.310661599999992,152.02487599999998,5.66379504,8.29056192,1.27861836,0,0,0.055,LOW
42.8,26.3104996,145.86744800000002,4.53298444,7.302198560000002,1.11912808,0,0,0.045,LOW
81.32,21.3645892,126.571962,4.4378826,5.24204256,1.30952168,1,0,0.015,LOW
130.84,29.171027999999996,123.03965600000001,5.318622,9.40201704,1.1598210800000002,0,0,0.05,LOW
684.76,42.02194520000001,293.1568004,3.2377516799999997,10.385678,1.3439581200000001,0,0,0.06,LOW
340.96,37.514177600000004,29.89600959999999,5.05202856,12.580911960000003,1.3675786000000003,1,0,0.155,LOW
90.88,34.29485319999999,200.65021651999996,5.853387559999999,13.292452560000001,1.2912408400000002,1,0,0.185,LOW
251.28,28.380816799999998,154.17518607999997,3.71189456,6.65601496,1.3678048800000002,0,1,0.78,HIGH
160.2,35.3717564,19.61909312000001,5.915089760000001,13.938559959999997,1.3010386799999998,0,0,0.095,LOW
58.48,24.720911199999996,44.97289728,3.5738289199999995,5.30139468,1.3550071600000002,0,0,0.09,LOW
340.52,30.2296764,288.447688,3.7286362799999995,7.40140124,1.31633208,1,1,0.51,MEDIUM
127.64,29.341232799999993,140.35805599999998,5.019108360000001,9.133874480000001,1.3117732400000002,0,0,0.255,LOW
28.12,27.2011068,100.53507879999998,5.994487760000001,9.914840680000003,1.2901115200000002,0,0,0.06,LOW
516.36,44.6572852,128.19353479999998,4.26438676,13.78808152,1.32274724,1,1,0.56,MEDIUM
275.96,32.25579200000001,284.101512,2.974708600000001,6.803400320000001,1.29784008,0,1,0.595,MEDIUM
175.64,22.131061999999996,74.29816040000001,4.51866408,5.445172240000001,1.3003628,0,0,0.055,LOW
140.2,23.040326399999998,216.71632448,4.77632356,6.132180999999999,1.3182900000000002,0,0,0.155,LOW
29.92,20.356729559999998,217.040416,5.465792520000001,5.095983283639998,1.124656,0,0,0.015,LOW
41.76,25.32812532000001,146.165404,3.64895844,5.67947092,1.28750332,0,0,0.025,LOW
331.88,35.19758799999999,193.30889199999993,5.90611956,13.94060704,1.31118184,0,0,0.42,MEDIUM
384.2,28.844178280000005,266.6731,3.4281181599999995,6.450669831999997,1.36971724,1,0,0.405,MEDIUM
589.4,32.34346639999999,301.2217080000001,6.464079240000002,13.666406800000003,1.3426684799999997,0,0,0.035,LOW
452.48,33.280248,341.31456800000007,4.676719799999999,9.970161160000002,1.32152116,0,0,0.075,LOW
160.52,19.31124228,140.05327200000002,5.07087372,4.892716999999998,1.27801396,0,0,0.005,LOW
278.76,14.697676040000001,97.523238,3.77484972,2.6324724840000004,1.2727904,0,0,0.005,LOW
44.92,47.7418196,111.29227800000002,2.3866963999999995,10.348581320000003,1.27396612,0,0,0.455,MEDIUM
235.88,31.65904720000001,232.201992,3.8503551200000006,7.97921572,1.34048496,1,1,0.65,MEDIUM
419.24,36.99611639999999,81.33667800000002,5.17161168,12.862919080000001,1.3499615200000001,0,0,0.15,LOW
61.6,19.0687652,249.491256,5.82258324,5.74959892,1.2623986799999998,0,0,0.005,LOW
73.76,29.734213999999998,210.94616399999995,5.02049588,9.877832240000002,1.3000341599999998,0,0,0.145,LOW
164.04,27.382965600000002,121.55918000000001,3.48118884,6.11023024,1.2393259600000004,0,0,0.015,LOW
346.4,29.4352016,332.58598399999994,4.74484752,8.418825759999999,1.31676232,1,0,0.215,LOW
228.44,21.6130564,127.04446,5.166450599999999,5.75946084,1.29185052,0,0,0.07,LOW
358.96,32.930543199999995,78.5562616,3.6010086400000008,7.8256612400000005,1.3566202399999998,1,1,0.68,MEDIUM
320.44,46.013221600000016,145.34299599999997,3.02076684,11.22310112,1.3010133199999998,1,0,0.45,MEDIUM
330.08,14.148176959999999,138.6,6.6685003599999995,4.3963381762800005,1.31221668,0,0,0.01,LOW
236.92,48.350565999999986,103.68581128000001,3.2714286400000017,12.32306032,1.2890783200000002,1,0,0.29,LOW
288.72,40.5485944,228.6146488,3.47428152,9.552755231999999,1.33073248,0,1,0.715,HIGH
230.84,30.863734399999995,62.784943360000014,4.272572839999999,8.273175120000001,1.29685224,0,0,0.39,LOW
176.04,21.7843828,176.999196,5.062360920000001,5.936853,1.3279667200000003,0,0,0.07,LOW
18.24,15.610135040000005,93.6231504,4.931928920000001,2.7372981148799997,1.2548219999999999,0,0,0.0,LOW
445.84,34.82028719999998,344.22181200000006,4.443557319999999,10.2170758,1.33264568,0,0,0.11,LOW
104.56,17.9369716,294.982812,5.697398880000001,5.050164960000001,1.2552938799999998,0,0,0.005,LOW
105.6,19.204333199999997,48.8543864,3.7183120000000014,3.9008441200000004,1.3613039200000001,0,0,0.19,LOW
84.36,19.379368399999993,252.89323000000005,3.5287769200000008,3.7906616399999997,1.14010984,0,0,0.0,LOW
375.24,28.67240279999999,282.6782840000001,5.36516652,9.34140024,1.28132864,0,0,0.11,LOW
258.84,31.6619664,124.31771599999998,4.16182036,8.439153920000003,1.3522668800000002,0,0,0.415,MEDIUM
167.56,31.689482800000004,116.03978880000001,5.560870599999999,11.1818676,1.3529504000000003,0,0,0.24,LOW
30.24,40.7975592,349.8733600000001,4.1483039999999995,11.932220719999998,1.2972368400000003,0,0,0.14,LOW
72.52,25.971091599999994,279.987128,4.24694056,6.445240000000002,1.34734576,0,0,0.09,LOW
266.28,32.117017999999995,98.37923840000002,3.1163105199999994,6.969859400000001,1.26603844,0,0,0.2,LOW
372.6,30.77647199999999,82.3752912,3.9887207600000005,7.827699680000002,1.2968254799999999,0,0,0.395,LOW
118.12,13.239428119999996,302.96146,4.526214120000001,2.8495213410000004,1.2176905599999999,0,0,0.02,LOW
160.64,17.326364400000003,96.021748,4.484829759999999,3.76712412,1.3057543199999997,0,0,0.01,LOW
114.52,16.0981756,248.50709600000002,5.119719839999999,3.4388218683199994,1.36076996,0,0,0.1,LOW
186.36,9.144121199999999,207.3252,5.62387836,1.857488408,1.34811372,0,0,0.015,LOW
336.16,40.235958000000004,181.05988799999994,3.8468896800000003,11.083853400000002,1.30881272,1,1,0.825,HIGH
108.48,21.650330800000003,102.13306879999999,5.092020079999999,5.6993402400000015,1.15758844,0,0,0.005,LOW
209.48,30.67652439999999,291.1913440000001,4.427710600000001,8.50171996,1.33988108,0,0,0.41,MEDIUM
27.68,14.640052279999997,191.51071120000003,6.08070704,2.2491432730399996,1.0970306800000003,0,0,0.0,LOW
305.56,32.91233159999999,49.91845367999999,3.4244953600000003,7.685959040000001,1.3651626400000003,1,1,0.515,MEDIUM
688.24,35.976970800000004,175.51550000000003,6.09053332,14.9150816,1.3344185199999998,0,0,0.01,LOW
239.12,35.89340239999999,329.53961968,3.757347,9.70929308,1.2965513599999996,1,0,0.455,MEDIUM
345.48,33.2491852,74.49736864000002,4.45918172,9.47572256,1.3326585199999998,1,1,0.525,MEDIUM
65.64,16.3483216,151.81978800000002,4.608974720000001,3.628042636000001,1.2875677599999997,0,0,0.0,LOW
135.28,23.158795599999998,235.87781320000002,3.038430159999999,4.3462534,1.2778285999999999,0,0,0.09,LOW
94.36,28.6412756,195.394256,4.61234772,8.05399308,1.296249,0,0,0.3,LOW
188.0,21.610871079999995,162.462032,6.45314128,7.0121766,1.28286744,0,0,0.09,LOW
78.92,31.70182359999999,104.994204,4.115800119999999,8.353260279999999,1.2748960000000003,1,0,0.255,LOW
341.28,45.86638359999999,126.90417999999998,3.7091009599999993,12.777262399999998,1.3141965199999999,1,1,0.54,MEDIUM
302.48,21.555054799999997,109.39933880000002,3.7793325199999996,4.5903291600000005,1.30673252,0,0,0.12,LOW
376.16,28.226063599999996,177.37068000000008,5.459587599999999,9.346434480000001,1.2931529999999998,0,0,0.125,LOW
141.12,18.7684608,77.6508444,4.62761472,4.3744857999999995,1.3068366800000002,0,0,0.005,LOW
338.28,27.489202799999994,48.330988399999995,4.614452760000001,7.516654560000001,1.33203472,0,0,0.31,LOW
2.96,13.235814240000003,175.01219999999998,5.9050009999999995,2.647296311599999,1.28993548,0,0,0.015,LOW
361.72,32.89166439999999,124.57973199999998,4.79728248,10.0682682,1.2830903999999999,0,0,0.35,LOW
109.4,36.57825239999999,260.859164,3.4781707199999996,9.05540844,1.30008136,1,0,0.38,LOW
430.8,25.166351199999994,98.2140968,3.96447812,5.841397840000001,1.32327184,0,0,0.235,LOW
175.28,26.131814,126.39801599999998,5.289630079999999,8.065586080000001,1.3377407200000002,0,0,0.14,LOW
229.32,20.2460304,105.78975999999999,4.889623520000001,5.079630560000001,1.3212680000000003,0,0,0.06,LOW
318.56,29.862094400000004,229.489444,3.90326452,7.367681079999999,1.3138943599999997,1,1,0.525,MEDIUM
433.28,38.10839599999999,199.352888,4.509196399999999,11.801398240000001,1.3123789199999998,1,1,0.58,MEDIUM
142.96,21.609572399999994,217.68487999999996,4.420142360000001,5.1414529600000005,1.3052068399999999,0,0,0.075,LOW
52.6,21.127370959999997,193.23823639999998,4.5444828,4.874935723999999,1.3423322399999997,0,0,0.03,LOW
106.88,15.587931319999997,282.844796,3.6821828799999996,2.7831080399999992,1.2875175599999997,0,0,0.035,LOW
297.6,41.190811599999996,107.96082880000002,4.368285359999999,12.66613212,1.3179835599999998,0,1,0.535,MEDIUM
273.48,34.30878280000001,106.7145292,4.26750872,9.751930800000002,1.2835282000000001,0,1,0.86,HIGH
183.32,22.479302399999998,237.11149200000008,6.812754959999998,8.873654440000001,1.2504730000000002,0,0,0.0,LOW
453.64,36.5079028,74.8051132,5.23103784,13.422143879999998,1.32802224,0,0,0.35,LOW
291.04,35.0708748,40.3670348,5.183261959999999,12.164478799999998,1.3451081200000001,0,0,0.055,LOW
47.44,31.265766,171.627548,4.490734879999999,9.77791436,1.28082492,0,0,0.415,MEDIUM
686.92,38.429486399999995,225.77133999999998,4.228818200000002,11.330062600000002,1.31699772,0,0,0.105,LOW
68.08,26.241336800000003,310.777492,4.2468226399999995,7.799305639999999,1.31039904,1,0,0.145,LOW
138.52,32.290194,306.21763704,4.7183268,9.56569896,1.2951372,1,1,0.605,MEDIUM
323.84,45.25077919999999,225.34876000000008,4.374391879999999,14.362368400000003,1.36370316,1,0,0.26,LOW
418.96,27.099857999999994,205.81938520000006,4.36127592,7.013252080000001,1.3686026399999998,0,0,0.18,LOW
53.28,17.233837999999995,159.747604,5.07527596,3.5047365440000005,1.3047128,0,0,0.005,LOW
102.0,40.6222448,270.67666399999996,3.4215688400000004,10.276861799999999,1.2962335200000001,0,0,0.475,MEDIUM
92.44,25.117261480000007,297.44372,3.5269566400000003,5.76308232,1.1246147599999998,0,0,0.025,LOW
88.92,34.93978799999999,173.68498000000002,4.351769759999999,10.3278098,1.2833674000000004,0,1,0.75,HIGH
587.76,31.927936399999993,263.1258199999999,4.47819344,9.080603439999999,1.32260988,0,1,0.535,MEDIUM
161.24,16.90845628,276.010208,4.04480928,3.3273581519999995,1.3189132000000001,0,0,0.025,LOW
124.32,26.0675804,205.47440799999995,4.70381336,7.140881840000002,1.2966836000000002,1,0,0.06,LOW
229.32,26.249893200000006,150.832684,3.7875517999999992,5.9867338,1.1087935199999999,0,0,0.04,LOW
153.76,26.460563200000003,172.33024,2.95194092,5.141210160000001,1.3458048,1,0,0.335,LOW
261.0,36.72709040000001,106.10734760000001,4.9573734,12.008898799999999,1.3468885999999998,0,0,0.225,LOW
65.4,25.919768399999995,223.11797119999994,5.89401676,8.9264934,1.36295216,0,0,0.055,LOW
462.16,37.7232896,48.45794984,4.965912800000001,12.6782116,1.3461943600000001,0,0,0.145,LOW
188.04,17.750749759999998,207.20705600000005,4.000714240000001,3.3453824160000005,1.19982892,0,0,0.005,LOW
224.92,31.159432399999993,104.80463000000002,4.8241308,9.449133080000001,1.2712824799999998,0,0,0.195,LOW
74.84,21.58781028,90.06533239999999,5.0601767199999985,5.857413444,1.1502006400000004,0,0,0.015,LOW
61.6,18.016017599999998,177.544948,4.65191532,4.10158124,1.2967897199999998,0,0,0.0,LOW
172.92,18.154579199999997,126.59103599999997,4.59479116,4.150508839999999,1.29977124,0,0,0.015,LOW
111.12,26.05623,83.97309960000001,6.2829458,9.699879520000001,1.33750992,0,0,0.015,LOW
70.44,16.010122959999993,226.03136399999997,7.3023399599999985,4.8492896415199995,1.33931852,0,0,0.015,LOW
106.08,21.4465328,270.842892,5.1259682799999995,6.029023199999999,1.26522564,0,0,0.005,LOW
126.68,21.26920044,167.44809200000003,6.61571548,5.67902117656,1.15335416,0,0,0.01,LOW
21.64,11.149875640000003,208.62404800000002,8.033080680000001,3.7031635112000005,1.1993437999999998,0,0,0.0,LOW
172.08,28.310681199999998,246.11894696,4.78119064,8.123983079999999,1.32059944,1,1,0.55,MEDIUM
437.44,27.0297032,297.545228,3.6329985199999997,6.206628960000001,1.3522336,0,0,0.35,LOW
364.52,11.541926039999998,229.21021200000004,3.6273264000000007,1.962296232,1.2859337199999998,0,0,0.005,LOW
422.92,30.219939599999993,105.9497456,4.298308120000001,8.12023184,1.3317459999999999,1,1,0.575,MEDIUM
288.16,19.467754799999998,267.866244,4.472530080000001,4.5199535200000005,1.3006532799999997,0,0,0.1,LOW
465.36,32.481275600000004,267.67969999999997,3.357589399999999,7.564971960000001,1.31653836,1,1,0.64,MEDIUM
271.88,27.3152384,299.03638479999995,3.2246929599999987,5.686416719999999,1.3037878800000002,1,1,0.65,MEDIUM
92.6,16.323750799999996,346.16343599999993,4.95020476,3.8356061999999995,1.27967156,0,0,0.015,LOW
118.8,27.683892799999988,192.79641200000003,5.2145737599999995,8.63070708,1.1807800000000002,0,0,0.03,LOW
42.2,32.8752296,100.68508160000002,5.81983136,12.896616039999996,1.28692952,0,0,0.17,LOW
181.4,15.718777320000001,329.844926,5.13407388,4.4149376,1.323543,0,0,0.025,LOW
376.4,28.862831600000003,188.42571600000002,4.04829964,7.162798640000001,1.31325432,0,0,0.34,LOW
140.08,24.200939200000004,310.14794200000006,3.3613164799999997,4.861438880000001,1.2736163999999999,0,0,0.055,LOW
324.84,19.707809200000007,167.04976399999998,3.7178427199999997,3.93084692,1.28836296,0,0,0.01,LOW
526.52,25.925031600000008,139.74967999999998,3.9810905999999995,5.976351520000001,1.3377858799999998,0,0,0.14,LOW
83.64,26.562286680000003,85.34174320000002,4.84530992,7.3335332000000015,1.3423381199999997,0,0,0.195,LOW
132.24,11.072482800000003,186.13739999999999,6.340436479999999,2.13372495204,1.30065236,0,0,0.005,LOW
216.32,16.435931599999993,210.68699999999998,6.71175696,5.501260640000001,1.3137340400000002,0,0,0.01,LOW
110.8,31.16361359999999,176.05315199999998,4.23670672,8.378923,1.31529456,0,1,0.56,MEDIUM
44.64,23.08500336,145.10360400000002,5.276399240000001,6.545066114040001,1.3074276,0,0,0.075,LOW
291.56,30.9868416,66.756518,3.7302229599999994,7.4822394,1.3667001999999997,1,1,0.63,MEDIUM
11.88,24.074109999999997,247.54800168000006,3.61334732,4.00662652,1.28912044,0,0,0.05,LOW
336.72,34.41931079999999,219.28470800000005,3.5560810400000005,8.41028564,1.2900697200000002,1,1,0.58,MEDIUM
28.36,28.065832399999998,269.47708399999993,5.467088240000001,9.162836359999998,1.283078,0,0,0.04,LOW
238.92,30.940997199999998,279.125972,6.799298159999998,13.783498000000002,1.28591908,0,0,0.175,LOW
29.6,20.1737476,175.156512,5.3157806,5.8019754,1.2932312799999999,0,0,0.02,LOW
194.04,34.200680399999996,330.892264,4.206126440000001,9.490229560000003,1.3671272399999999,1,1,0.52,MEDIUM
174.4,24.398576799999997,252.305308,5.85762596,8.212133760000002,1.34327384,0,0,0.085,LOW
234.92,27.179018399999997,284.6481240000001,6.182063759999998,10.188533600000001,1.3153763200000004,0,0,0.12,LOW
361.72,19.326616960000003,171.231236,3.963046919999999,3.844451923399999,1.36830748,0,0,0.11,LOW
7.04,14.932021319999997,122.72519999999999,4.0160217199999995,3.0853853079999998,1.28476204,0,0,0.045,LOW
280.92,27.812837199999993,186.639576,3.6934505600000005,6.4325966800000005,1.3151066399999995,1,0,0.49,MEDIUM
19.32,13.62087404,88.93739599999999,6.73725696,4.2524598115600005,1.2428076,0,0,0.0,LOW
92.6,26.0583772,295.18627840000005,4.353269640000001,6.512936880000001,1.3508410400000002,0,0,0.235,LOW
545.32,31.309102799999994,197.70495999999994,4.97297716,9.78541328,1.33470528,0,0,0.18,LOW
698.88,23.606477199999993,207.27944000000002,5.279045359999999,6.85977684,1.3613254399999999,0,0,0.02,LOW
157.04,27.131026,62.24382880000001,5.7824538400000005,9.22806724,1.33760664,0,0,0.12,LOW
527.48,42.51163080000001,279.71835200000004,3.28389688,10.636669,1.31114176,0,1,0.53,MEDIUM
695.08,34.95667759999999,202.507064,4.95615432,11.364149159999997,1.3344480399999998,0,0,0.025,LOW
229.36,31.4731068,314.139944,6.1884140400000005,12.4629384,1.3365925199999997,0,0,0.07,LOW
444.52,21.92765079999999,287.6460079999999,5.944074079999999,7.075082759999999,1.3200454400000001,0,0,0.025,LOW
395.84,37.73070960000001,118.63998880000003,3.86997612,10.57134428,1.3644164,0,1,0.56,MEDIUM
247.0,31.550932799999995,77.75818359999998,3.9036924799999997,7.871062639999999,1.3657839999999999,1,1,0.78,HIGH
149.2,24.6370256,55.07264647999998,3.5655749199999995,5.2496304,1.32256632,0,0,0.21,LOW
535.64,31.741476799999987,256.0480079999999,4.311640760000001,8.661096519999997,1.3561053200000002,1,0,0.375,LOW
109.72,21.162631600000005,281.25076399999995,6.04874284,6.89143748,1.27539632,0,0,0.025,LOW
387.08,29.06580799999999,268.032608,3.5205524799999997,6.580720639999999,1.2795939600000001,0,0,0.15,LOW
128.72,23.582741599999995,113.11926840000002,4.179208559999999,6.048118320000001,1.2876012399999999,0,0,0.015,LOW
287.96,34.00518199999999,254.71167200000002,3.1628382000000004,7.6476887599999985,1.3678413200000004,1,1,0.62,MEDIUM
74.64,32.2549164,325.14185999999995,3.7190970400000007,7.792519079999997,1.3503204400000002,1,0,0.405,MEDIUM
361.32,17.57796508,181.823158,3.2100675199999995,3.138516368,1.28346648,0,0,0.015,LOW
108.56,28.749325320000008,190.51027200000001,4.195182759999999,7.477081268000001,1.2565817599999998,0,0,0.015,LOW
143.68,26.119135879999998,153.664722,6.422076400000001,9.49823492,1.2458426800000004,0,0,0.025,LOW
262.72,28.827068000000008,137.61938399999997,4.73057192,8.246154800000001,1.3581200400000002,0,1,0.595,MEDIUM
155.28,36.06682799999999,288.5980440000001,4.42039544,10.636054519999998,1.30792848,0,0,0.42,MEDIUM
65.12,38.95640908,322.86744000000004,4.0252279600000005,9.376482189000003,1.2589622000000003,0,0,0.245,LOW
160.68,24.891955319999994,268.766944,5.451756400000001,7.5162206,1.3251656,0,0,0.15,LOW
441.68,28.589730000000003,229.35688399999992,4.126977919999999,7.2670074,1.32894272,0,0,0.23,LOW
599.72,37.5128856,264.498576,3.2012927600000007,8.82672016,1.35979864,0,0,0.255,LOW
643.44,18.4150488,70.44676360000003,4.450000479999999,4.0073969599999995,1.3499737200000002,0,0,0.01,LOW
142.84,22.921296399999996,216.939936,6.393328840000001,7.911441880000001,1.2920688800000002,0,0,0.015,LOW
241.92,34.12881679999999,237.21444400000001,3.37459024,7.985298279999999,1.29259096,0,1,0.535,MEDIUM
514.88,37.4812856,93.28523,5.3483068,13.625092399999998,1.3131934,0,0,0.4,MEDIUM
294.96,33.647974799999986,222.14497999999995,3.10017048,7.465361839999999,1.3046891200000001,1,1,0.89,HIGH
57.4,34.1183604,91.32555400000001,4.30572728,9.780653480000002,1.34427592,1,0,0.44,MEDIUM
160.28,23.0303264,216.59409128000004,6.71510856,8.965868160000001,1.31413944,0,0,0.01,LOW
442.12,14.172493599999997,265.744084,3.320856279999999,2.760724528,1.3145963199999997,0,0,0.06,LOW
19.56,28.91776292,167.47086,4.483427240000001,6.762934000000001,1.3036928799999998,0,0,0.08,LOW
560.6,16.781207879999997,180.39210000000003,6.62736636,5.5000855822400005,1.3209623599999998,0,0,0.005,LOW
319.2,29.261324000000005,283.48759728000005,3.0670706,6.11679444,1.2907166799999998,1,1,0.565,MEDIUM
455.0,39.4664896,168.646784,4.322186640000001,11.81623956,1.32908264,1,1,0.74,HIGH
230.8,23.9885208,168.16975200000002,5.3341116799999995,7.871150319999998,1.3281644,0,0,0.125,LOW
158.68,12.370717760000002,70.19999999999999,7.52153388,1.7889985472799999,1.2916172000000001,0,0,0.0,LOW
683.96,35.35916639999999,104.21774400000002,3.5748975599999993,8.707281440000001,1.3241428799999997,0,0,0.015,LOW
592.08,23.098934400000005,136.31698799999998,5.832034200000001,7.590173879999998,1.34279512,0,0,0.075,LOW
194.56,16.225914680000002,284.27083600000003,5.7656326799999995,3.1607019500800004,1.30432232,0,0,0.04,LOW
63.48,18.306504680000003,171.430344,4.549618679999999,4.22915204,1.28883532,0,0,0.005,LOW
216.52,28.31179999999999,258.817572,4.937184920000002,8.387078160000002,1.36047936,0,1,0.645,MEDIUM
356.56,35.99420239999999,288.90922399999994,3.6365199599999998,9.08606744,1.3618144800000003,1,1,0.57,MEDIUM
111.84,22.3435876,172.35667200000003,6.96915136,8.00089469324,1.3001268000000001,0,0,0.035,LOW
50.68,35.770934800000006,178.81381999999996,4.901484559999999,11.629686920000001,1.18276608,1,0,0.37,LOW
23.6,39.7669132,183.67176388,4.0036603600000005,6.8862858299599985,1.2940026800000004,0,0,0.335,LOW
129.84,26.256904400000003,296.320396,5.0459073199999995,7.732434559999999,1.1594121199999998,0,0,0.035,LOW
352.8,21.5444708,128.3835,4.1060916,4.79118072,1.3104889999999998,0,0,0.07,LOW
282.64,30.799515999999997,271.4249240000001,5.063788359999999,9.68322016,1.2795734,0,0,0.275,LOW
564.08,34.86351239999999,131.20276799999996,3.867579,9.04999116,1.3400233200000002,0,0,0.14,LOW
523.12,36.720123599999994,96.1537712,4.283572680000001,10.800947520000001,1.322551,1,0,0.465,MEDIUM
79.12,22.17054232,155.474052,4.72472896,6.615746816,1.3130455999999997,1,0,0.135,LOW
58.2,15.43444308,57.90314119999999,4.66590104,3.31738136,1.2686896,0,0,0.0,LOW
400.32,25.278239999999997,166.1311796,4.78170136,7.143318720000002,1.3319137600000002,1,0,0.09,LOW
83.44,29.336144399999995,263.24050464,6.442193720000001,11.982464519999999,1.2859756800000002,0,0,0.03,LOW
385.56,30.222846399999995,224.61160896,3.2423598799999995,6.549455319999998,1.3644840000000003,0,0,0.475,MEDIUM
213.44,30.056171199999998,289.49230000000006,3.4301131199999997,6.778159479999999,1.2699263600000001,0,0,0.145,LOW
107.4,26.525076,191.2057088,4.758859999999999,8.067027028,1.3070195199999999,0,0,0.3,LOW
223.24,46.464100399999985,20.610105200000003,4.37994412,14.879477199999998,1.36479656,0,0,0.185,LOW
71.68,20.251186399999995,332.74469200000004,5.07962988,5.33793896,1.29084368,0,0,0.005,LOW
69.08,20.971525599999996,116.052484,5.9521362,6.63438072,1.3447273600000003,0,0,0.005,LOW
405.08,28.61340479999999,166.68928799999995,4.44086252,7.707431800000002,1.3017800400000001,0,0,0.215,LOW
306.6,31.8962756,150.30172800000003,4.022376400000001,8.288987839999999,1.2880999599999998,0,1,0.545,MEDIUM
72.04,24.942908799999994,350.172668,4.68516032,6.637833239999999,1.1623042,0,0,0.005,LOW
371.36,30.508411199999998,111.53786480000001,4.025773279999999,7.916557280000002,1.3087258400000001,0,1,0.515,MEDIUM
354.44,24.2404852,153.39076400000002,4.619322240000001,6.332664399999999,1.2869680399999999,0,0,0.015,LOW
202.4,44.7300696,209.687388,3.3536697199999996,11.474260640000002,1.29247516,0,0,0.46,MEDIUM
120.12,26.730076800000003,130.60479999999998,5.7876769999999995,5.14479525692,1.3114020400000002,0,0,0.095,LOW
189.4,41.3830788,200.405736,3.9450233999999993,10.844507680000001,1.2995219599999999,1,1,0.515,MEDIUM
441.0,23.94958172,164.45409600000002,4.77049552,5.824677383120001,1.3094260800000002,0,0,0.05,LOW
30.12,28.8373868,28.862506399999994,5.046826,8.04669852,1.12905072,0,0,0.09,LOW
34.28,26.308740280000002,259.21992560000007,5.347592239999999,7.677567999999999,1.3391242000000003,0,0,0.15,LOW
12.24,26.23405076,307.24742528,6.181882119999998,4.5851068772,1.36403036,0,0,0.095,LOW
186.36,38.160025999999995,156.754988,3.7725649999999997,10.181490239999999,1.2999402400000002,1,1,0.625,MEDIUM
192.36,34.9054552,309.173896,4.20896856,9.881798759999999,1.35590312,1,1,0.545,MEDIUM
47.68,24.711859599999993,220.97785600000003,7.856953240000001,7.072538790759999,1.30582276,0,0,0.025,LOW
64.48,23.35477652,151.45597279999998,6.36277924,4.513647064640001,1.28486032,0,0,0.025,LOW
28.04,24.589668679999996,269.063504,5.642995000000001,7.599086,1.24227052,0,0,0.015,LOW
89.2,18.24941776,127.848756,5.863633600000001,4.642270925479999,1.1004626,0,0,0.0,LOW
288.2,18.14981476,134.02329400000002,3.8269683199999998,3.6723957639999996,1.33472072,1,0,0.15,LOW
75.68,21.625551599999998,227.379584,3.71947748,4.515204799999999,1.24038132,0,0,0.0,LOW
226.36,27.7668156,126.73837040000001,3.36413728,5.9808341600000015,1.3166625200000002,0,0,0.355,LOW
241.76,42.09779320000001,95.7945904,4.2192036,12.556031999999995,1.3026198400000002,1,1,0.74,HIGH
38.32,27.074586399999998,97.332628,5.7319572,9.23979568,1.29220464,0,0,0.195,LOW
259.2,33.021278800000005,176.48152,4.34595036,9.27759232,1.2854522800000001,1,1,0.835,HIGH
280.12,14.149429479999997,112.820406,4.78383536,2.6073048334399993,1.2881731600000002,0,0,0.0,LOW
193.8,32.6775692,77.61665880000001,3.9664233200000005,8.414717600000001,1.31241944,1,0,0.475,MEDIUM
306.16,31.1460348,278.84437856,3.561926039999999,7.316960760000001,1.30674648,1,1,0.75,HIGH
133.6,25.756202000000002,124.61965199999999,5.593800399999999,8.517373720000002,1.3650404799999998,0,0,0.095,LOW
279.32,24.407418399999997,235.5667456,3.7509011999999995,5.407408,1.3295477600000003,1,0,0.405,MEDIUM
239.28,32.47021360000001,41.19734959999999,6.181505960000001,13.1135488,1.30399404,0,0,0.09,LOW
306.92,24.3403892,212.646752,4.3897661999999995,6.05670748,1.30480412,1,0,0.185,LOW
405.52,29.531107599999995,321.196276,4.239686079999999,7.761500880000001,1.3292128399999998,0,0,0.26,LOW
127.08,29.920688800000004,224.043244,3.4414359199999995,6.8230624,1.1981092,0,0,0.085,LOW
22.32,9.862906239999997,255.274802,6.19235048,1.3182695243199998,1.1160738399999999,0,0,0.0,LOW
506.16,37.225930800000015,192.686408,4.686512919999999,11.7307668,1.33343432,1,0,0.365,LOW
32.36,26.793328519999996,167.4384892,3.28674392,5.324586039999998,1.3023488399999996,0,0,0.195,LOW
333.6,17.86147144,207.99472319999998,5.4983082,4.08085846412,1.3295754,0,0,0.01,LOW
463.92,33.19172079999999,164.29399599999996,4.347610360000001,9.25762472,1.32416316,1,1,0.72,HIGH
187.88,31.877177200000002,119.54781279999999,3.1821218800000004,7.016344959999998,1.3053678400000004,1,1,0.75,HIGH
136.56,22.013136399999997,158.87751599999999,5.936783800000001,7.142177079999998,1.3033039200000003,0,0,0.205,LOW
95.68,43.1183672,184.794476,3.9994240399999996,12.508566120000001,1.3021868799999998,1,1,0.58,MEDIUM
134.68,30.152802000000005,105.72247080000001,4.90440936,9.052394880000001,1.1004802800000002,0,0,0.11,LOW
78.64,18.6265248,113.4402032,5.727129800000001,5.316772319999999,1.1057005199999999,0,0,0.0,LOW
236.88,25.88151080000001,270.09691480000004,3.2517877200000003,5.368592440000001,1.33207624,1,0,0.48,MEDIUM
120.08,22.074836520000005,322.48200399999996,3.78369256,5.069707373680001,1.2705611600000002,1,0,0.005,LOW
98.12,25.327383199999996,38.547320000000006,5.12695664,7.510728360000001,1.1822305599999998,0,0,0.075,LOW
319.64,27.5497048,91.253042,5.529738160000001,9.248475919999999,1.3228858399999999,0,0,0.095,LOW
154.84,25.779872400000002,302.987544,4.174944880000001,6.304335160000001,1.30994004,0,0,0.12,LOW
271.6,37.49594319999999,99.5341488,5.0662109200000005,13.001509919999998,1.33147248,1,0,0.365,LOW
48.36,18.306495079999998,148.5418188,4.84994352,4.160929047999999,1.2879979999999998,0,0,0.015,LOW
172.72,28.297447199999993,287.562904,4.313526640000001,7.4730022400000005,1.31065708,0,0,0.48,MEDIUM
429.32,25.6770584,169.14517879999997,2.763767079999999,4.7792415319999995,1.36916776,1,0,0.145,LOW
238.48,21.4095628,147.13452200000003,3.2339746,4.138231787999999,1.33315936,0,0,0.335,LOW
320.8,28.24670959999999,190.92506800000004,4.5853556399999995,7.78811808,1.32623112,0,0,0.395,LOW
144.36,29.049406799999996,330.332584,3.61016244,6.801425199999999,1.2464492000000003,0,0,0.1,LOW
106.4,28.142906800000002,303.07467599999995,4.080735120000001,7.070790199999999,1.3114326399999998,0,0,0.365,LOW
149.96,15.043146960000003,89.113348,3.8775074399999996,2.768055628000001,1.33667916,0,0,0.11,LOW
328.2,27.506526799999996,102.57988480000002,3.987403920000001,6.586808280000001,1.35569232,0,0,0.425,MEDIUM
271.8,26.98987948,156.37135999999998,4.04081472,6.73470844,1.31481192,1,0,0.285,LOW
54.36,19.25598931999999,314.666244,4.178176840000001,4.228623379999999,1.2808428800000002,0,0,0.09,LOW
76.6,42.9728172,164.91232675999996,5.17162308,11.888573159999998,1.3143030000000002,0,0,0.225,LOW
647.0,41.2151112,315.00612,4.320346239999999,12.608574600000003,1.34134468,0,0,0.065,LOW
278.6,34.948013599999996,190.12358400000002,5.766733999999999,13.329399720000001,1.3088325600000001,0,1,0.59,MEDIUM
340.28,25.9129808,109.33298960000002,4.25009408,6.752913039999998,1.33060932,0,0,0.265,LOW
281.76,20.210122799999994,74.9583976,3.6932282000000005,4.0668913600000005,1.1404791600000004,0,0,0.005,LOW
168.72,20.951245599999996,122.62062000000002,5.358054920000001,5.9733949200000005,1.33606,0,0,0.07,LOW
200.92,18.675618399999998,170.77333600000003,4.4548654800000005,4.213916639999999,1.3141631999999999,0,0,0.025,LOW
63.96,14.143138039999998,69.462602,5.15361904,3.0764949628799996,1.29113896,0,0,0.0,LOW
92.44,18.516071759999992,206.85465999999997,4.07784432,3.8929369519999995,1.2965431600000001,0,0,0.11,LOW
340.0,19.836126919999995,186.22342400000002,4.655471240000001,4.851308216000001,1.32365932,0,0,0.0,LOW
530.64,30.888725199999996,219.93299600000006,3.76217216,7.555097879999998,1.3211421199999998,0,0,0.425,MEDIUM
111.8,16.938317480000002,243.723352,3.4797174000000006,3.4648309159999995,1.332806,1,0,0.085,LOW
205.08,44.94376360000001,25.144407039999997,4.394149880000001,14.185236120000003,1.30741068,1,0,0.225,LOW
217.36,28.169869200000004,25.11241136,3.8046609999999994,6.64301172,1.3418502400000003,0,0,0.23,LOW
310.12,22.716758919999997,296.1200192,6.941923879999998,8.915078760000002,1.31776588,0,0,0.025,LOW
368.2,57.485005199999996,187.521856,3.38172848,16.0148556,1.3104207600000004,1,0,0.495,MEDIUM
428.32,31.53290239999999,250.62387999999999,4.2914862,8.634012399999998,1.3684567600000002,0,1,0.545,MEDIUM
396.72,39.68701999999999,77.38379960000002,3.6708864400000003,10.3759056,1.3648252400000005,1,0,0.465,MEDIUM
71.32,34.974816399999995,150.540252,3.7277802399999995,8.889136680000002,1.27971916,0,0,0.5,MEDIUM
53.24,35.32444199999998,63.05427159999999,4.469215279999999,10.47781992,1.2944034800000004,1,0,0.465,MEDIUM
145.52,26.80932759999999,38.016343279999994,5.58161488,8.90943236,1.3588521199999999,0,0,0.195,LOW
367.0,41.59257039999999,300.37654000000003,4.55793628,13.29703464,1.3082562400000004,1,0,0.49,MEDIUM
311.68,23.633968,143.49819000000002,6.0074555599999995,6.360830880000001,1.28652904,0,0,0.07,LOW
212.8,28.648226799999993,108.41483679999999,4.2256871999999985,7.399653680000003,1.29249848,0,0,0.37,LOW
10.72,22.82055024,140.39111880000002,4.18168872,3.1148216297599993,1.2028006,0,0,0.02,LOW
26.96,31.720753959999996,130.95461120000002,3.2347030399999994,5.528972015999999,1.24394632,0,0,0.05,LOW
164.48,34.188956,37.6419044,4.203903159999999,9.43825056,1.35854092,1,0,0.35,LOW
420.36,25.87075999999999,190.121296,5.485760280000001,8.18640092,1.3622447999999998,1,0,0.07,LOW
380.6,33.876231600000004,262.822732,3.4916772799999993,8.113273840000002,1.3127590800000002,1,1,0.755,HIGH
81.08,29.983349599999993,26.3017488,4.95223464,9.122608880000001,1.25690848,0,0,0.07,LOW
597.8,35.9677364,320.99009328,5.14093784,12.184349279999998,1.32191564,0,0,0.175,LOW
154.52,42.2021332,336.31388,4.161536320000001,12.476912919999997,1.2786664399999998,1,0,0.16,LOW
113.36,15.936397479999998,166.604254,4.0295112799999995,2.83294339884,1.29963196,0,0,0.04,LOW
216.2,35.664813999999986,268.8015160000001,3.0214297599999997,7.94122792,1.2767504399999998,0,0,0.33,LOW
203.48,39.3783468,152.78340799999998,3.7249955999999997,10.4023666,1.29523116,1,1,0.655,MEDIUM
76.48,27.31509,285.181888,3.47129384,6.461502800000001,1.3187932,1,0,0.46,MEDIUM
109.84,18.728111200000004,280.0726732,3.8335047600000007,3.7356665679999996,1.3421394399999997,0,0,0.105,LOW
46.44,21.72714988,99.99507608,3.7987447199999997,4.802996396,1.3380684,0,0,0.09,LOW
240.4,32.00353228,64.18944760000001,5.39401392,9.4972798872,1.2873675199999999,1,0,0.395,LOW
452.8,30.719684399999984,214.98090616000002,4.3917551600000015,8.44701824,1.3208294400000002,0,0,0.46,MEDIUM
360.0,32.34733279999999,200.22076400000003,3.7995951199999998,8.00569696,1.29119628,1,0,0.42,MEDIUM
383.16,20.4405864,290.4977436,5.695168,7.231773959999998,1.2882377199999997,0,0,0.025,LOW
42.28,25.31702359999999,181.40730000000002,5.562490200000001,8.025082119999999,1.1704014399999998,0,0,0.035,LOW
158.84,15.288654399999999,124.246804,6.79113812,3.8573077953599992,1.3179256799999999,0,0,0.005,LOW
107.88,24.720780519999998,127.3679608,6.205418560000001,8.98063592,1.3444734399999998,0,0,0.01,LOW
91.36,15.56687628,130.59375639999996,8.21166812,5.72404561268,1.3600806400000003,0,0,0.055,LOW
195.8,29.05392279999999,337.49766399999993,4.85852364,8.593822039999997,1.29501596,0,0,0.125,LOW
383.48,33.69694,231.83556800000002,2.882712,7.165699400000001,1.2774538399999997,0,0,0.36,LOW
21.84,22.181166799999996,257.580952,4.92707556,5.588872400000001,1.22429456,0,0,0.01,LOW
43.12,25.888723199999994,174.86388,4.62382364,6.684991999999999,1.26621692,0,0,0.005,LOW
57.12,33.54208,208.4618839999999,4.9983296,10.82301284,1.2919237199999998,1,0,0.28,LOW
281.84,29.472328399999995,252.201564,3.9459350400000006,7.438621479999998,1.3045585199999996,1,1,0.86,HIGH
183.44,38.146332,106.10830159999999,2.61469052,8.046388720000001,1.2666053199999998,0,0,0.36,LOW
11.88,32.1191532,101.40998360000002,5.772559680000001,11.891643399999998,1.2641720800000003,1,0,0.395,LOW
320.08,44.731739200000014,191.024704,3.5480372,12.094656959999998,1.29212864,0,1,0.525,MEDIUM
432.44,37.59059239999999,61.31408344000001,3.4839962000000004,9.36025024,1.37047192,0,0,0.105,LOW
171.0,35.96122199999999,142.76408,3.4301371200000004,8.722755840000001,1.3668136000000002,1,0,0.37,LOW
695.32,30.82903519999999,211.307572,3.475857439999999,7.070297040000001,1.3436278400000004,0,0,0.08,LOW
226.52,38.081743599999996,111.5915796,3.455572919999999,9.490679959999998,1.3037916399999998,1,1,0.79,HIGH
459.08,34.604357199999995,168.26205599999997,4.66609856,10.520676480000002,1.3644909600000004,0,0,0.225,LOW
255.72,18.824728159999996,123.08863200000002,4.0712894,4.08128548,1.28046964,0,0,0.045,LOW
191.0,28.8455796,112.67021760000002,3.66130732,6.7485656800000005,1.3187318399999999,1,1,0.69,MEDIUM
168.24,40.42219800000001,278.162308,4.4192286,12.463061200000002,1.29688516,0,0,0.44,MEDIUM
134.36,30.899517599999996,122.7105276,3.6274526000000002,7.143434000000001,1.22587228,0,0,0.085,LOW
21.84,18.750328319999994,232.72123600000006,6.7642472399999996,5.35536427232,1.26442348,0,0,0.0,LOW
187.08,26.93271039999999,122.69630000000001,3.4366295200000003,5.8417442799999995,1.3647498000000002,0,0,0.29,LOW
269.28,27.8366624,115.47673600000002,3.5896046800000003,6.30324196,1.26731632,0,0,0.045,LOW
246.48,25.0913588,137.42206,3.70609956,5.57898004,1.33138168,1,1,0.575,MEDIUM
142.64,33.05318119999999,331.48080000000004,4.534822600000001,9.64441816,1.3618191199999998,0,0,0.285,LOW
95.48,27.73318119999999,301.65559248,4.955340279999999,8.188313199999998,1.18729004,0,0,0.025,LOW
87.36,33.57002039999999,282.136004,4.11828376,9.096045839999999,1.3027144399999997,1,0,0.275,LOW
142.2,21.070665199999993,324.33376,6.963744279999999,8.36090252,1.2801423200000002,0,0,0.02,LOW
171.68,16.178551999999996,123.8748,4.359637280000001,2.4345322040000004,1.3024389599999997,0,0,0.05,LOW
302.2,33.159545480000006,307.123888,3.4734357600000005,8.38625844,1.29787736,1,1,0.65,MEDIUM
34.72,13.652586920000003,289.103886,5.9309692,3.6508623176399992,1.3278847200000001,0,0,0.005,LOW
39.24,29.111155599999996,81.15106536,5.3611052400000005,9.847226000000001,1.24265948,0,0,0.14,LOW
202.44,32.357532,223.05838799999998,3.548579840000001,7.673823,1.28488616,0,1,0.545,MEDIUM
142.76,28.187462000000004,305.727728,4.454995479999999,7.6082574,1.3547102000000002,0,0,0.305,LOW
131.08,25.774583080000003,282.31552399999987,3.1397204399999996,5.146722523999999,1.1535978800000002,0,0,0.07,LOW
299.76,31.223707599999997,181.13306799999998,6.04658416,12.025176799999999,1.32510756,1,1,0.555,MEDIUM
202.56,37.016563600000005,227.03405960000003,4.052292760000001,10.18869496,1.32301996,0,1,0.55,MEDIUM
316.92,25.220995200000008,152.51544079999996,4.335939640000001,6.29389864,1.28729928,0,0,0.035,LOW
50.52,29.009303199999994,82.5467384,4.845000640000001,8.263546080000003,1.09873624,0,0,0.05,LOW
188.8,21.864524919999994,118.64006080000001,4.4779236000000004,5.27550011232,1.3030595599999995,1,0,0.07,LOW
248.76,24.904688,75.61606599999998,3.4176896400000003,5.1314121199999985,1.3116310800000006,0,0,0.34,LOW
157.44,41.2341964,217.69199831999998,4.15291676,12.0757692,1.2855581600000001,0,0,0.46,MEDIUM
345.0,27.47206759999999,331.3661731999999,5.62797196,9.34152412,1.3190396399999997,0,0,0.07,LOW
58.28,21.025912,214.144108,5.899402919999999,6.5560496000000015,1.2838867599999997,0,0,0.085,LOW
231.84,16.191497119999998,235.383392,5.901493599999998,4.565488640000001,1.3054540000000001,0,0,0.015,LOW
21.96,34.95936,337.37866799999995,4.2930328399999995,9.92165472,1.3015357999999997,0,0,0.075,LOW
333.4,13.944921239999994,216.436204,4.521016079999999,3.01764092,1.3017461599999998,0,0,0.06,LOW
72.76,25.478160399999997,327.551808,4.691423759999999,6.61978472,1.31612848,0,0,0.08,LOW
331.0,30.273481200000003,183.67666799999998,3.43091108,6.8590955199999994,1.30639748,1,1,0.75,HIGH
101.6,27.822356399999993,98.31977080000003,4.21727348,7.0998050400000015,1.28428548,0,0,0.3,LOW
157.8,31.836795199999983,45.91963800000001,5.69624032,11.53226184,1.2630990800000002,0,0,0.035,LOW
310.28,29.048897999999994,148.9451448,4.52018592,8.243447360000001,1.31579924,0,0,0.395,LOW
112.4,33.447858399999994,172.89011199999996,4.131643640000001,8.98829476,1.2482082399999999,0,0,0.065,LOW
20.44,30.629572120000002,135.2480496,5.06909092,6.955995327879999,1.2510930400000002,0,0,0.125,LOW
395.68,22.21177,278.641704,5.2747578,6.961304760000002,1.3115668399999998,0,0,0.025,LOW
79.2,21.901959599999994,201.77783200000002,3.5801941199999994,4.71422584,1.2710090799999998,0,0,0.005,LOW
206.2,38.60365040000001,281.76644799999997,3.5218549599999993,9.81196616,1.27562972,1,0,0.125,LOW
278.64,31.965869599999998,110.87499272000001,3.867185040000001,8.16997936,1.35678624,1,1,0.805,HIGH
127.84,18.2834532,155.74303200000003,3.58018596,3.31929864,1.3099508800000002,0,0,0.025,LOW
307.36,31.437413999999993,322.65239599999995,3.579203,7.531067240000001,1.3670727200000001,1,0,0.445,MEDIUM
61.2,20.17140452,95.98814399999999,6.78095404,7.01519912828,1.3438738,0,0,0.045,LOW
216.32,32.5788016,213.71573600000002,4.379283999999999,9.140361879999999,1.27269828,0,0,0.085,LOW
273.8,23.90440748,290.62377999999995,5.712123719999999,7.223453200000002,1.3090977199999998,0,0,0.06,LOW
369.56,42.281416799999995,327.1427960000001,3.73432264,11.55940872,1.3144951599999999,0,0,0.32,LOW
213.0,19.4339972,280.543644,3.9703803200000003,3.947462480000001,1.33653292,0,0,0.07,LOW
140.48,28.85999679999999,306.53721600000006,5.01868572,8.77050256,1.2614026,0,0,0.03,LOW
298.44,29.192758000000005,104.66847760000002,4.83457068,8.454761999999999,1.36749104,1,0,0.445,MEDIUM
67.6,28.396382,68.17874479999999,4.06685428,6.4913086799999995,1.30764092,1,0,0.3,LOW
488.16,33.04937879999998,108.7065424,4.35089396,9.28068136,1.32858148,0,1,0.645,MEDIUM
13.28,31.41102439999999,44.774357599999995,4.8722754,9.614875040000001,1.25586884,0,0,0.315,LOW
498.16,33.61685919999999,338.502916,4.507591280000001,9.81288964,1.3534127999999999,0,0,0.05,LOW
154.08,35.638186,146.32762119999998,3.85835236,9.188502559999998,1.2674414799999998,0,0,0.14,LOW
66.76,32.08297159999998,160.377288,4.85237772,9.89377724,1.2807267999999998,0,0,0.46,MEDIUM
344.32,34.2563452,140.31790216,3.6684207999999994,8.535659400000002,1.3686890400000002,1,0,0.47,MEDIUM
85.36,22.348850520000006,141.00671599999998,4.975570519999999,5.387714978240001,1.298776,1,0,0.01,LOW
247.96,27.963864400000006,311.412384,5.2067432,8.7289,1.3169327999999998,0,0,0.36,LOW
78.28,38.18701879999999,225.41498000000004,4.105290119999999,10.75253748,1.2951404400000002,1,1,0.65,MEDIUM
129.68,31.459087199999985,347.0340919999999,4.06228104,8.205203440000002,1.2855484000000001,0,0,0.205,LOW
303.8,38.2004624,77.676238,2.7594312000000003,8.339997559999999,1.2918834799999999,0,0,0.415,MEDIUM
410.84,26.158340399999993,295.5186984,4.991989280000001,7.532775920000001,1.3527605600000001,0,0,0.23,LOW
100.76,27.948173199999996,152.74939080000001,5.1191378,7.957521640000002,1.26380384,0,0,0.025,LOW
69.44,20.110426680000003,137.28776000000002,5.015582880000001,4.654809125319999,1.2997075599999999,0,0,0.01,LOW
27.84,18.691041599999995,320.902188,4.56015856,3.97844408,1.29280616,0,0,0.035,LOW
92.2,32.4301956,303.39406919999993,3.601871,7.0495853745199994,1.29777864,0,0,0.385,LOW
183.68,30.033841999999996,92.54349199999999,3.9508966400000003,7.4985564799999995,1.27858632,0,0,0.23,LOW
185.28,35.024323200000005,101.71365120000002,4.1087232,9.58440536,1.36272748,0,0,0.375,LOW
153.44,31.81403,197.26721600000005,5.0453823600000005,10.241198880000002,1.28495004,0,0,0.415,MEDIUM
473.44,23.070402799999993,65.98979480000001,4.251635480000001,5.48734184,1.3298467200000001,1,0,0.155,LOW
310.12,26.924331600000006,337.2991679999999,3.3263226400000003,5.855842119999998,1.35165976,1,0,0.34,LOW
257.96,24.846612,199.75707599999998,4.80748904,7.009438160000001,1.3211050799999997,0,0,0.135,LOW
218.56,38.03293239999999,141.96157599999998,5.45787012,14.204480279999999,1.35722504,1,0,0.195,LOW
19.64,34.541918800000005,183.26636400000007,5.5187576400000005,12.498624,1.18364696,1,1,0.555,MEDIUM
264.32,30.9277764,31.450723760000002,3.65253084,7.22877616,1.30595712,0,0,0.405,MEDIUM
91.92,27.804507599999997,296.03512,5.2661013200000015,8.82210016,1.24235088,0,0,0.01,LOW
163.68,30.334963999999996,147.96418400000002,3.8692203999999997,7.522891920000001,1.2935766000000002,1,0,0.3,LOW
334.8,35.3319968,29.43391272,4.145397239999999,9.77753516,1.3665292000000002,1,0,0.39,LOW
478.92,37.02418959999999,44.47936400000001,3.62216932,9.415926479999998,1.32585572,1,0,0.42,MEDIUM
372.88,32.544396400000004,123.6169272,3.7715384400000005,8.174788640000001,1.3418341999999999,1,1,0.755,HIGH
265.28,39.76250480000001,288.62556799999993,3.02429516,9.220432719999998,1.2753772,0,0,0.225,LOW
40.8,27.9909552,151.04195199999998,3.9087662000000005,6.717027599999999,1.2749494799999999,0,0,0.06,LOW
521.56,40.57782639999998,166.59321200000002,3.6776752,10.865363239999997,1.31676228,1,0,0.335,LOW
210.44,28.919889599999998,225.33641599999999,4.825947959999999,8.44221852,1.36283728,1,1,0.745,HIGH
54.12,37.94545239999999,91.8034292,4.99779076,13.702179360000002,1.3073199200000005,1,0,0.325,LOW
125.64,31.31972839999999,295.92414,5.99655956,11.904158,1.30431648,0,0,0.07,LOW
60.64,36.19684199999999,67.40602960000001,3.34133612,8.57579796,1.2933725600000003,1,0,0.39,LOW
254.48,27.416114399999998,82.67504079999999,4.63509852,7.555850680000001,1.3308568,0,0,0.33,LOW
169.12,20.7727772,119.60058,4.53590492,4.97696212,1.3177556000000001,0,0,0.045,LOW
734.0,37.44614120000001,268.239288,4.09453196,10.519359720000002,1.3172724399999998,0,0,0.02,LOW
116.2,27.87696679999999,163.443372,5.940043479999999,9.624926000000002,1.30293304,0,0,0.08,LOW
204.48,24.644217999999995,112.56910920000001,3.69431696,5.4148513199999995,1.3527163999999998,0,1,0.675,MEDIUM
373.28,26.530825999999998,240.86039008,6.21895012,9.83765672,1.3177626800000002,0,0,0.05,LOW
246.88,34.041652,144.21668,4.64196504,10.21341196,1.36159588,1,1,0.505,MEDIUM
34.44,18.850663479999994,210.528412,5.749855080000001,4.927786994480001,1.3044364399999997,0,0,0.02,LOW
140.76,25.5315808,145.082484,4.05723308,6.073731800000001,1.3183257999999998,1,0,0.475,MEDIUM
92.72,24.020455600000005,324.33772400000004,4.00274584,5.580643159999998,1.1140528000000003,0,0,0.035,LOW
187.24,15.74788176,257.511808,5.177452959999999,3.02981500708,1.33541228,0,0,0.015,LOW
48.6,17.09508376,117.04020879999999,4.129055,4.35362932,1.2874008800000005,0,0,0.045,LOW
274.8,22.884134399999997,156.608564,5.83853944,7.51432276,1.3189813999999997,0,0,0.23,LOW
222.64,32.7035904,300.29044400000004,3.7663875200000003,8.123597519999999,1.33159472,1,1,0.74,HIGH
122.84,23.576402119999997,190.69716400000001,4.0224472,5.412024632000001,1.2987699600000002,0,0,0.11,LOW
278.72,29.425597200000006,165.224928,6.0011118,11.119033279999998,1.28102128,1,0,0.11,LOW
93.64,25.127670520000002,108.5567692,3.439158,4.97056652,1.3536517600000002,1,0,0.285,LOW
369.72,33.7277928,179.66924399999996,5.501793199999998,12.027980920000003,1.31375804,0,0,0.44,MEDIUM
366.84,32.42562480000001,320.90099599999996,4.373881760000001,9.14288932,1.3166791999999998,1,0,0.39,LOW
302.68,31.903096399999995,220.26025600000008,3.280387400000001,7.156143119999999,1.30140872,1,1,0.845,HIGH
509.24,35.660139199999996,111.13241400000001,4.899573279999999,11.524497639999998,1.35024712,0,0,0.12,LOW
92.28,29.829851199999997,237.66171600000004,3.4939705200000004,6.802373759999999,1.3165221599999999,0,1,0.51,MEDIUM
79.84,21.29252584,203.37958399999997,5.09986344,4.33090869656,1.29396828,0,0,0.035,LOW
197.96,26.678763999999997,33.516786159999995,4.2386683199999995,6.76954728,1.21558228,0,0,0.085,LOW
281.76,16.044384359999995,138.83624799999998,5.693510439999999,5.29156480576,1.32465396,0,0,0.0,LOW
264.32,30.54932159999999,186.394468,3.092914560000001,6.474923,1.28036136,0,0,0.465,MEDIUM
379.04,17.03517784,139.9611192,3.8810190799999993,3.2724710102,1.2822657999999998,0,0,0.025,LOW
140.12,23.163245999999994,276.90148320000003,3.8810757599999994,5.218318480000001,1.1043824800000002,0,0,0.01,LOW
653.04,31.572436399999994,277.76195600000005,4.02299656,8.16536084,1.3578583600000003,0,0,0.04,LOW
172.68,25.5111572,111.348054,4.52343128,6.668174439999999,1.2114831999999998,0,0,0.005,LOW
329.68,38.9247408,295.96492,2.8632999199999993,8.65563932,1.31010928,1,0,0.495,MEDIUM
113.0,35.8301064,247.30718399999998,3.3626816799999997,8.63902648,1.29979204,0,0,0.32,LOW
306.64,17.26576488,162.552112,5.260042599999999,4.6070305953599995,1.31731976,0,0,0.01,LOW
146.48,15.990817080000005,242.87940799999996,5.377728000000001,4.17552539476,1.1078056,0,0,0.005,LOW
60.8,18.35368304,307.787356,4.411533199999999,3.3766381335999993,1.3185122400000002,0,0,0.035,LOW
159.2,19.387058399999997,80.055016,5.527319880000001,5.469963960000001,1.28691376,0,0,0.04,LOW
353.84,36.78321319999999,146.11015200000003,3.4624738800000006,8.991422839999998,1.3122943999999999,0,1,0.61,MEDIUM
205.08,14.988165199999992,75.6,3.95430032,2.7430021199999994,1.2998672000000002,0,0,0.04,LOW
23.24,25.692198280000007,191.072984,3.3562017600000003,5.35243876,1.14680676,0,0,0.005,LOW
48.84,20.206962679999993,212.57286,4.405116,4.6171279599999995,1.2495866399999997,0,0,0.015,LOW
101.52,30.334150960000002,331.991212,5.62509168,9.37346767188,1.29804088,0,0,0.09,LOW
173.28,32.253654000000004,256.140392,3.676120319999999,7.752760799999999,1.3393083199999998,0,1,0.625,MEDIUM
239.0,33.2352512,91.61726879999998,4.133724760000001,8.963896120000001,1.3228990399999998,1,1,0.62,MEDIUM
376.76,38.982576,331.3129400000001,4.47112384,12.019056400000002,1.3682000400000005,1,0,0.48,MEDIUM
351.24,25.56107920000001,276.918978,6.005131359999998,8.55093836,1.3250919600000004,0,0,0.005,LOW
349.44,22.07619468,312.82604399999997,4.5947414,5.5718426,1.28512476,0,0,0.015,LOW
66.6,29.478511599999994,67.00113840000003,5.949673800000002,10.792135839999998,1.2818352,0,0,0.15,LOW
308.72,21.788724079999998,200.98227919999997,6.49317412,6.104982677599999,1.3345647200000001,0,0,0.075,LOW
253.04,25.303708279999995,249.74966400000005,4.00073544,5.650534200000001,1.3038767999999998,1,0,0.335,LOW
63.04,29.374992800000005,150.37310000000002,4.46011888,7.75675052,1.0987803200000001,0,0,0.03,LOW
97.56,23.413888520000004,57.41935039999999,3.7447616399999992,5.318698519999999,1.1011318799999998,0,0,0.02,LOW
178.64,42.06225680000001,306.95980799999995,3.528087039999999,10.933956120000003,1.3140750000000003,0,0,0.345,LOW
448.32,24.184532000000008,37.402941600000005,6.899187039999999,9.885896,1.3279029199999999,0,0,0.015,LOW
678.08,30.024163200000007,224.29536,4.5558712,8.453048599999999,1.3364048400000001,0,0,0.035,LOW
148.64,34.80235079999999,148.40322799999998,4.84920476,11.06706772,1.3312988,1,0,0.34,LOW
170.4,28.209431200000008,301.84234000000004,3.9158203599999997,6.828193079999998,1.2288982,0,0,0.02,LOW
166.92,24.4062428,204.49590800000001,5.1596961199999996,7.10135236,1.3163147600000003,1,0,0.055,LOW
306.68,20.034596800000003,270.532798,4.728052279999999,4.750845639999999,1.28652092,0,0,0.035,LOW
458.48,42.45250799999999,200.74876399999997,3.4875076799999993,11.171764880000001,1.3123829599999999,1,1,0.79,HIGH
239.88,20.284342279999997,193.49857000000003,5.50499308,2.00336207996,1.2996696,0,0,0.095,LOW
353.96,30.374619600000006,168.89966399999997,2.8597567600000002,6.149279600000001,1.2901179999999999,0,0,0.49,MEDIUM
174.56,33.5784376,198.454036,3.48429108,7.99903048,1.2743696000000002,0,0,0.185,LOW
827.64,18.56459708,84.04154039999999,5.82969168,5.15275532,1.33988788,0,0,0.015,LOW
273.84,37.163199999999996,225.18191599999997,2.8059259599999997,8.068699680000002,1.14272168,0,0,0.33,LOW
224.56,39.340298000000004,289.6157348,3.2453082799999997,9.45231792,1.3674195999999998,1,0,0.495,MEDIUM
185.12,20.918656800000004,243.49534,5.323853400000001,5.6211348800000005,1.31365164,0,0,0.09,LOW
220.88,30.887700799999998,156.82744800000003,4.133666360000001,8.095284640000003,1.3033858400000002,0,1,0.72,HIGH
313.8,21.202367999999996,256.2675088,4.610820599999999,4.7524446000000005,1.3339456,0,0,0.1,LOW
466.12,31.511566,276.87343400000003,4.42922768,8.8551006,1.3519460399999996,0,0,0.445,MEDIUM
72.32,33.834313599999994,297.90953999999994,3.74069004,8.510147480000002,1.2749285200000002,0,0,0.165,LOW
152.2,31.179214399999992,232.91456399999998,4.00467864,8.031958159999999,1.1137398000000003,0,0,0.03,LOW
33.92,19.5676552,97.82174599999999,5.9191332800000005,5.848840640000001,1.2909988799999998,0,0,0.035,LOW
214.28,35.64185559999999,202.162672,3.3628823199999998,8.605603080000002,1.2994168000000001,1,1,0.68,MEDIUM
79.96,23.60120612,277.27081919999995,5.51513188,7.33838868,1.35081576,1,0,0.145,LOW
363.84,26.59038772,256.8207952,4.1636336400000005,6.66326372,1.3273838800000002,0,0,0.21,LOW
193.2,30.0867752,157.09780400000002,2.9438538799999994,6.333659404,1.30047764,0,0,0.48,MEDIUM
287.64,35.4953376,227.14066000000003,4.76758112,11.152176399999998,1.3095995600000003,0,1,0.665,MEDIUM
224.68,26.30208440000001,179.91652399999998,5.88161456,9.08590148,1.3011709600000003,1,0,0.09,LOW
323.4,34.805348,226.27602,3.8440554399999995,8.792758199999998,1.3069462,1,1,0.775,HIGH
94.92,20.540858800000002,202.08300799999995,5.47226896,5.75630288,1.27371892,0,0,0.005,LOW
198.0,19.438368039999997,237.316952,6.098085039999998,5.80210732244,1.31838052,0,0,0.01,LOW
185.32,24.9678716,93.65925000000001,4.599846960000001,6.5316484,1.21918364,0,0,0.0,LOW
119.72,27.0353028,124.93027599999999,3.6668584400000004,6.136288519999998,1.3628037199999996,0,1,0.67,MEDIUM
275.16,27.544114,126.74179367999999,5.2537492399999985,8.31166236,1.3076664399999998,1,0,0.36,LOW
136.44,27.708904399999998,115.187292,3.5656704,6.184562160000001,1.2458755199999998,0,0,0.035,LOW
68.28,26.411957599999997,133.89332000000002,3.8526563599999997,6.38161836,1.27738092,0,0,0.05,LOW
672.56,25.5995772,92.5539848,5.36569916,7.8965108399999995,1.3691545600000001,0,0,0.065,LOW
314.16,25.3994564,114.41874800000004,5.40621452,7.997109760000001,1.29492792,0,0,0.1,LOW
246.36,16.54342372,99.6283412,6.0603643200000015,4.49897459084,1.3315109200000004,0,0,0.005,LOW
398.68,22.862715199999997,48.5454892,4.9226500799999995,5.97423404,1.28953876,0,0,0.075,LOW
21.84,22.874628279999996,228.04540799999995,5.0147224800000005,5.684305115999999,1.30154412,0,0,0.04,LOW
391.28,22.453655199999993,137.321256,3.706572640000001,4.74720392,1.3125627199999998,0,0,0.105,LOW
256.68,33.47105359999999,110.51486919999998,5.56542932,11.915393799999999,1.2948164800000002,0,0,0.375,LOW
22.84,22.0084164,111.34286520000002,6.8026896,3.78916153288,1.3286764400000002,0,0,0.045,LOW
162.92,22.362199199999996,292.1773668,3.4985618,4.49137584,1.33108388,0,0,0.105,LOW
256.84,28.540943199999997,129.692928,6.30884128,11.4686272,1.29063176,0,0,0.09,LOW
316.24,30.726302119999996,111.5687724,3.8890844799999993,7.003548929439998,1.3243976000000002,1,1,0.58,MEDIUM
225.88,39.8352024,290.98744400000004,4.8955836,13.49416736,1.2832572,0,0,0.225,LOW
451.32,17.6962852,294.5716616,5.035527520000001,4.349307311999999,1.3694088400000002,0,0,0.01,LOW
322.2,35.5310052,250.879404,3.19996292,8.232876679999999,1.3042555999999998,1,1,0.88,HIGH
280.64,36.04858879999999,224.264004,3.9009784400000003,9.35949528,1.30886132,1,1,0.8,HIGH
42.12,27.11424319999999,221.17172,4.787774119999999,7.671309119999998,1.2862157200000004,1,0,0.07,LOW
57.32,22.035487719999995,174.38683799999998,6.642686520000001,8.219241344,1.30397964,0,0,0.035,LOW
604.88,31.393340399999996,190.94369200000006,5.21211884,10.252835399999999,1.3218875600000002,0,0,0.195,LOW
91.84,27.48167959999999,201.16892000000004,4.098207360000001,6.853680600000001,1.1146794800000002,0,0,0.015,LOW
337.8,36.1044044,307.72998,3.85906444,9.513590959999998,1.3163018000000002,1,1,0.64,MEDIUM
321.88,35.566751200000006,235.79441200000002,3.4541533999999996,8.684617639999999,1.3103759600000005,1,1,0.89,HIGH
36.72,22.447937200000002,73.80441,3.97622932,4.97837072,1.2547776,0,0,0.0,LOW
96.28,16.13387324,304.42769599999997,3.5972630000000003,3.0888894,1.1080647199999996,0,0,0.005,LOW
82.52,23.281945999999994,163.35964799999996,5.816248839999999,7.44988284,1.0985590799999998,0,0,0.03,LOW
515.68,17.843399199999997,228.313972,5.58096628,5.04884376,1.3218189599999999,0,0,0.01,LOW
84.92,13.513381439999998,205.39800399999996,3.52167056,2.662319312,1.3538778800000002,0,0,0.065,LOW
22.08,27.688482799999996,125.67725760000002,4.1536012,6.581941799999999,1.3037077199999998,0,0,0.055,LOW
19.68,20.827619199999994,271.535108,4.17984488,4.593693639999999,1.3477396800000003,0,0,0.06,LOW
76.76,34.81780719999999,331.04329200000006,3.48419452,8.44730052,1.3373219600000001,1,1,0.6,MEDIUM
50.92,13.62836656,316.8,4.164987040000001,2.5995796240000004,1.2799344400000003,0,0,0.005,LOW
84.88,19.6549672,217.62003528000005,5.38509236,5.4231492,1.1748755199999998,0,0,0.005,LOW
634.48,34.20380079999998,109.19524560000002,4.50818356,10.117717360000002,1.3362868399999999,0,0,0.025,LOW
110.84,21.31368388,226.14409600000002,6.217077559999999,7.15616764,1.3437738,0,0,0.01,LOW
16.16,17.724506799999993,142.906788,5.828027320000001,5.07271952,1.27055348,0,0,0.0,LOW
176.12,31.262241600000003,232.58852400000004,5.304761279999999,10.410228080000001,1.2953166400000002,0,0,0.43,MEDIUM
179.28,30.0511296,288.48189600000006,4.2923599600000015,8.23477608,1.26996772,0,0,0.04,LOW
400.52,28.58442759999999,108.0523568,5.29037124,9.119264000000001,1.3265483599999999,0,0,0.28,LOW
335.44,40.161621999999994,136.401204,3.72830448,10.775079480000004,1.29831848,1,1,0.63,MEDIUM
626.76,38.7256328,200.90269599999996,4.475595599999999,12.031349040000002,1.3171277999999997,0,0,0.115,LOW
117.32,23.203841600000004,231.264604,4.59633452,5.8923242799999995,1.2759251999999999,0,0,0.0,LOW
72.0,35.83678759999999,89.7843964,4.5115612800000005,10.70768728,1.29478084,1,1,0.535,MEDIUM
206.36,27.8550616,245.63934800000007,3.31807184,5.95949296,1.3094637199999999,0,0,0.32,LOW
166.88,32.214641199999996,260.63398000000007,6.169873879999999,12.743365200000001,1.3405592000000002,0,0,0.095,LOW
268.44,39.34810519999999,62.16938384000001,3.6949066000000013,10.42848424,1.3516774800000002,1,0,0.405,MEDIUM
169.2,18.48873896,181.555204,7.487609600000001,4.62735612812,1.20365748,0,0,0.01,LOW
418.72,21.419978,105.01215360000002,4.0668823199999995,4.725855159999999,1.3676111200000003,0,0,0.085,LOW
213.68,24.787867239999997,176.8428828,4.08360652,5.829253122199999,1.31368188,0,0,0.33,LOW
88.36,15.615422839999999,179.819644,4.26077656,2.8714039125999995,1.3328968,0,0,0.02,LOW
294.08,29.415103199999997,222.603356,3.3981612399999994,6.5986872,1.27703092,0,0,0.115,LOW
191.44,40.4356096,290.550048,3.8389784399999995,11.04191012,1.2793614,0,0,0.33,LOW
266.4,34.82803092,135.246776,4.3814404399999995,10.102935440000003,1.3001024,1,1,0.735,HIGH
579.2,22.433730000000004,199.625476,5.623314720000001,6.83298924,1.32125212,0,0,0.025,LOW
194.32,24.104000799999998,102.44407199999999,7.078027519999999,10.26737076,1.2924924800000002,0,0,0.03,LOW
312.68,40.703526399999994,320.7928120000001,4.09164216,11.82614008,1.3304449600000001,0,0,0.49,MEDIUM
257.72,45.755054,276.80960000000005,5.02324748,16.726777600000002,1.3141433199999997,0,0,0.41,MEDIUM
419.32,37.559864399999995,158.04130279999998,5.58565112,14.39191372,1.32973924,0,0,0.39,LOW
144.16,25.836523200000002,127.98612399999996,3.85670772,5.928544800000001,1.2579680399999997,0,0,0.04,LOW
206.36,32.131709199999996,82.2870804,3.78545184,7.958031159999998,1.30397652,1,1,0.79,HIGH
70.8,24.078729199999998,334.472828,4.31715408,5.935376799999999,1.3347216,0,0,0.075,LOW
254.24,21.573079200000002,190.35792400000003,4.645101119999999,5.61061840516,1.3228364400000001,0,0,0.04,LOW
465.2,29.15887560000001,254.86277600000003,4.43930312,8.00284572,1.3186056800000001,0,0,0.37,LOW
140.16,17.912306959999995,144.944996,3.9560630799999994,3.45500532,1.2964852000000002,1,1,0.64,MEDIUM
312.0,33.335517599999996,118.98446799999999,4.33179904,9.380980479999998,1.2805296800000001,1,1,0.74,HIGH
593.36,26.16733159999999,278.59384000000006,4.880910280000001,7.472659080000001,1.35128808,0,0,0.055,LOW
171.48,39.2967768,168.851976,3.1815741600000007,9.219593880000001,1.3001162800000001,1,1,0.61,MEDIUM
272.12,30.5442056,67.11207799999998,4.75601596,9.03278192,1.3548218,0,0,0.38,LOW
678.56,36.101682399999994,351.30229199999997,4.8987478,11.730078640000002,1.32122544,0,0,0.065,LOW
154.8,39.25013440000001,314.4443376000001,3.1644436800000006,9.20254232,1.3049457599999998,0,1,0.545,MEDIUM
71.2,38.667385999999986,52.55180759999999,3.42976224,9.545987599999998,1.29517904,1,1,0.64,MEDIUM
115.24,26.096306400000003,298.1421680000001,5.04965992,7.4573024,1.2966285199999998,0,0,0.155,LOW
259.68,24.269192799999995,173.69222800000003,4.657161320000001,6.377055319999999,1.32509676,0,0,0.19,LOW
164.84,33.462666399999996,336.71932768,3.81528492,8.49400324,1.28113652,0,0,0.15,LOW
133.68,14.722095079999999,166.3575,4.24387964,2.35405039264,1.2867562799999999,0,0,0.01,LOW
172.28,30.539721999999998,192.87663519999995,4.5539796799999985,8.63733472,1.3377014,0,0,0.41,MEDIUM
194.12,34.2974024,329.18928400000004,3.91526756,8.983190279999999,1.2797728000000002,0,0,0.23,LOW
176.0,33.292487200000004,179.09520799999999,4.7544135999999995,10.18770752,1.35990376,1,1,0.895,HIGH
128.16,22.138169199999997,121.5899496,5.121255,4.46635084592,1.3165069199999997,0,0,0.055,LOW
264.96,30.7713952,100.68116520000004,5.36930684,9.993897760000001,1.3013591599999998,1,0,0.32,LOW
173.72,22.55933199999999,271.760316,4.64304544,5.7501274,1.30617408,1,0,0.05,LOW
261.92,36.82590319999999,298.66614,4.65775964,11.548925200000003,1.3238706000000002,0,1,0.6,MEDIUM
370.16,40.6883948,187.69904,3.991505599999999,11.49940756,1.315387,1,1,0.69,MEDIUM
76.24,25.94095039999999,311.36679688,3.79619352,5.874499280000001,1.11522328,0,0,0.025,LOW
53.08,34.11624628,176.39414399999998,2.71165744,6.708386924,1.3140263599999997,0,0,0.11,LOW
315.48,36.5419116,129.709348,3.4446598799999997,8.93598012,1.3038614000000002,1,1,0.835,HIGH
230.4,22.196021599999995,180.293564,5.177600600000001,6.179292399999998,1.31279,0,0,0.045,LOW
199.76,22.095072400000003,316.70051408,5.447995079999999,7.03477452,1.35042416,0,0,0.075,LOW
131.92,18.8904236,135.19801199999998,4.561526919999999,4.3797314,1.2780254399999997,0,0,0.0,LOW
239.0,22.898269839999998,217.89305999999996,3.2462716800000004,4.5220240920000006,1.3014176800000001,1,0,0.485,MEDIUM
142.56,31.656657599999996,64.37287904,4.003490639999999,8.181667399999998,1.2646690400000002,0,0,0.075,LOW
90.72,20.087274799999992,145.931118,6.059016720000001,6.71088552,1.2608803199999996,0,0,0.025,LOW
315.44,29.9434144,247.12979792,4.232674759999998,7.9549806,1.36875144,1,1,0.585,MEDIUM
112.28,20.9977672,175.61799599999998,5.130842600000001,5.6984473200000005,1.29670364,0,0,0.02,LOW
80.6,17.320021999999998,151.51366,4.27708636,3.6803303199999995,1.3032057600000002,0,0,0.055,LOW
46.6,20.87169836,103.0384728,3.2713913599999995,4.459212372,1.3392926399999998,0,0,0.19,LOW
183.64,22.704568399999992,45.77760119999999,4.97881472,6.214663399999999,1.30472032,0,0,0.16,LOW
262.28,21.595416000000004,291.1913392000001,3.3115499200000005,4.1972371200000005,1.28448856,0,0,0.225,LOW
123.64,13.398133519999998,124.6830096,5.499942079999999,3.6512937900800013,1.2876178000000003,0,0,0.01,LOW
254.36,28.819736399999996,107.9680376,4.032675080000001,7.28105236,1.30463648,1,1,0.72,HIGH
65.16,20.567909440000005,80.0349044,6.511496319999999,6.775964876,1.2574971200000002,0,0,0.015,LOW
107.28,23.12349012,269.5737789600001,5.00705124,6.565173319999999,1.2882136,0,0,0.015,LOW
85.56,39.2701816,279.86442,4.25134832,11.606092239999999,1.2944349999999993,1,0,0.345,LOW
128.24,19.42021056,124.62166440000001,7.967351679999999,4.70839168556,1.2990990400000002,0,0,0.02,LOW
334.8,41.752916400000004,239.05435599999998,4.27125024,12.589861199999998,1.2770587599999998,0,1,0.73,HIGH
283.36,24.71605439999999,211.5610752000001,2.7107658399999996,4.4679878,1.26178448,0,0,0.12,LOW
688.44,29.38122239999999,209.86310400000005,4.699660799999999,8.37522536,1.3228940400000002,0,0,0.045,LOW
64.08,19.89544332,112.0995376,5.092413560000001,5.33479488,1.33948468,0,0,0.0,LOW
199.64,29.836139199999998,217.81668800000006,3.895230599999999,7.249588040000001,1.3263293999999999,0,0,0.465,MEDIUM
102.56,23.772454800000002,128.16882799999996,4.07587192,3.3630122618000002,1.27703136,0,0,0.025,LOW
94.12,30.33883811999999,268.321204,5.803477120000001,8.510923689600002,1.3355499200000003,0,0,0.13,LOW
138.84,23.73834440000001,121.50621199999999,5.994801600000001,8.207633679999999,1.2794362400000001,0,0,0.02,LOW
204.2,34.13855319999999,89.85005640000003,3.0965986799999996,7.71993076,1.3626895200000002,1,1,0.565,MEDIUM
179.36,22.4412904,214.41946000000004,4.267536,4.760431748000001,1.3355239600000002,0,0,0.22,LOW
256.08,38.2697796,44.994002,4.198442759999999,11.047890040000002,1.1392151999999998,0,0,0.165,LOW
81.28,42.95176160000001,281.63124799999997,4.418104840000001,13.563460800000003,1.3093834800000002,0,0,0.295,LOW
395.92,24.695510800000008,51.11533399999999,6.454332839999999,9.382482960000003,1.36886588,0,0,0.035,LOW
90.92,30.512142400000002,29.165061599999998,5.118643600000001,9.67182316,1.28572712,0,0,0.29,LOW
98.6,24.894811599999997,93.28006959999999,2.950009400000001,4.74217064,1.10340148,0,0,0.135,LOW
202.64,37.804123999999995,144.65654000000004,3.11212804,8.74336512,1.35382984,1,0,0.485,MEDIUM
289.44,33.1623868,37.5545088,4.788099159999999,10.206476279999999,1.35218112,0,0,0.13,LOW
108.36,22.9782456,96.34694879999999,5.0665916399999995,6.47670148,1.3619753599999997,0,0,0.145,LOW
382.92,33.0171272,286.36909152,4.01391004,8.826208759999998,1.33072252,1,1,0.565,MEDIUM
45.36,15.918967,152.52004399999998,4.070736159999999,3.3563575355200004,1.32296644,0,0,0.025,LOW
38.0,34.82944932,249.49013599999998,4.70420008,9.684234808000001,1.35698484,0,0,0.305,LOW
277.2,25.186375999999992,180.84432799999996,4.044926719999999,5.931816319999999,1.3471537599999999,1,1,0.725,HIGH
138.24,32.7167168,243.34295927999995,4.84936732,10.40732276,1.2736911199999998,0,0,0.095,LOW
105.8,12.857455199999999,79.69259240000001,5.873190559999999,4.062468212000001,1.29705864,0,0,0.01,LOW
176.52,43.1650416,262.61483200000004,3.87109328,12.23620112,1.2845116399999998,0,1,0.54,MEDIUM
43.76,20.673480000000005,284.858884,4.755505239999999,5.1089381199999995,1.2869414000000001,0,0,0.0,LOW
143.72,30.157054399999993,283.2784680000001,5.608974240000001,10.54024248,1.28061708,0,0,0.07,LOW
414.56,36.8082544,143.63913200000002,6.302131079999999,16.037452400000003,1.3345365200000001,0,0,0.025,LOW
15.72,46.8572136,184.89752000000001,4.48677956,15.2326788,1.27437368,1,1,0.68,MEDIUM
71.0,32.462815199999994,306.67083999999994,3.3027949999999993,7.271893839999999,1.3348368,0,1,0.54,MEDIUM
214.2,28.1511768,182.83800399999996,3.7001073200000008,6.476130920000002,1.3206233600000001,0,1,0.575,MEDIUM
193.12,26.79250519999999,86.64726480000002,4.28912636,6.975039840000001,1.2629025999999997,0,0,0.075,LOW
170.84,39.479952399999995,220.19132399999998,3.0010301600000004,8.5920118,1.29984876,0,1,0.525,MEDIUM
86.0,24.34347279999999,258.83565999999996,4.898216919999999,6.62053128,1.31319728,0,0,0.08,LOW
195.96,23.877398399999997,49.844595600000005,4.809642759999999,6.463218280000001,1.3382114800000005,1,0,0.08,LOW
412.76,37.1266044,76.44014471999999,3.1185723999999997,8.583087279999999,1.36123096,0,0,0.32,LOW
461.0,20.0047456,89.77724959999999,6.35574504,6.807601759999999,1.3693709199999997,0,0,0.05,LOW
183.6,24.242498,303.6204359999999,4.236983520000001,5.8549544000000004,1.2479785200000002,0,0,0.005,LOW
304.24,30.5865284,74.05325759999997,4.3676414,8.40564532,1.3027183600000003,1,0,0.48,MEDIUM
207.12,16.895179600000002,327.9960279999999,4.13991024,3.2467006211200005,1.3591542399999996,0,0,0.02,LOW
50.84,43.586631199999985,235.350068,4.432119320000001,13.75915448,1.3099424,0,0,0.29,LOW
37.4,31.094740000000005,145.82222480000001,5.031555280000001,9.72893944,1.2513434000000003,0,0,0.21,LOW
100.24,17.109216399999994,133.652396,6.047243480000001,5.0346352,1.28374524,0,0,0.0,LOW
246.32,31.441337600000008,176.598012,4.2427028,8.5753384,1.3628592,0,1,0.665,MEDIUM
118.12,33.080506920000005,151.63617200000002,2.9073083999999993,7.018364731999998,1.28008464,0,0,0.27,LOW
278.92,35.651717199999986,306.99151199999994,4.03414708,9.73553088,1.3136029999999999,0,1,0.64,MEDIUM
206.0,35.91778360000001,163.35853268,3.1658414000000006,7.285951048,1.2695168000000001,0,0,0.34,LOW
504.48,36.4159236,314.6595776800001,3.74854504,9.326012679999998,1.3437066399999997,0,0,0.355,LOW
122.56,22.6668084,267.31334000000004,4.49392636,5.530178560000001,1.2994148799999998,0,0,0.02,LOW
482.24,30.064903599999994,325.2256168800001,4.19567936,7.981556119999998,1.3188963999999999,1,0,0.355,LOW
89.48,23.2153804,253.05757760000003,5.4584236399999995,7.00278376,1.3650833599999999,0,0,0.18,LOW
200.24,20.592263999999997,213.4128148,3.6872744400000013,4.25007228,1.3650303599999998,0,0,0.06,LOW
270.28,37.584856800000004,102.65772199999999,3.5809245999999995,9.56072744,1.30559048,1,1,0.925,HIGH
156.88,34.74222588,126.37101000000001,4.7079474800000005,10.36357364,1.30556832,1,0,0.425,MEDIUM
245.92,34.45025732,292.21618400000006,5.013273160000001,10.780493899,1.29775456,0,1,0.7,HIGH
298.16,25.668071600000008,124.5822,4.3691467600000005,6.513103959999999,1.32972336,0,0,0.345,LOW
216.72,30.481520800000002,153.74167599999998,3.5502426000000002,7.058067000000001,1.2594598,0,0,0.09,LOW
135.12,38.1289668,277.469844,4.39910916,11.40104092,1.3033992,1,0,0.475,MEDIUM
333.48,23.03733,138.5225928,6.014676680000001,7.69317844,1.28292536,0,0,0.035,LOW
147.0,23.749052000000002,190.40730799999997,4.17096152,5.55946048,1.2550896000000002,0,0,0.0,LOW
486.52,48.419914799999994,245.510288,4.00210892,14.374600800000003,1.3114519599999996,0,1,0.605,MEDIUM
280.88,29.69587839999999,203.02220400000004,4.05596548,7.51557768,1.2853534400000002,1,1,0.53,MEDIUM
298.36,28.649151200000002,326.9515320000001,4.875804240000001,8.504705199999998,1.3675741199999998,0,0,0.29,LOW
76.84,22.875420520000002,163.40048,4.80104988,6.09304596,1.3094919200000001,0,0,0.11,LOW
291.2,26.558766000000002,39.7761336,3.5428391999999995,5.8497872,1.3076130000000001,1,0,0.315,LOW
135.08,30.889106799999993,161.284652,5.07713352,9.740204720000001,1.33638668,0,0,0.43,MEDIUM
172.96,23.399858,335.6777320000001,4.20632856,5.516465879999999,1.2006601600000002,0,0,0.0,LOW
363.48,24.555154400000003,69.90840239999997,4.472935999999999,6.344832120000001,1.3308079199999998,0,0,0.085,LOW
23.12,29.136465480000002,166.121356,5.90671344,9.53259336,1.31524936,0,0,0.155,LOW
285.88,23.0276876,85.76205920000001,3.454813039999999,4.648142559999999,1.3669134000000003,1,0,0.215,LOW
35.84,17.874385959999998,178.51774,6.493269880000001,5.346216002599999,1.26953384,0,0,0.0,LOW
22.6,19.592665320000002,89.659112,6.429949600000001,5.133490126160001,1.27191544,0,0,0.0,LOW
358.16,36.4018756,238.04355999999999,3.2445650800000005,8.545353279999999,1.31144036,1,1,0.82,HIGH
164.68,32.2653996,152.0383392,4.75695464,10.19339672,1.24388312,0,0,0.08,LOW
36.04,34.044909880000006,196.66189999999997,2.6851697600000004,6.748374359999999,1.30370476,0,0,0.145,LOW
64.52,24.149797999999997,85.69837520000003,3.92755596,5.46497788,1.09669544,0,0,0.01,LOW
25.32,44.905167600000006,315.181936,2.8788486400000006,10.562321840000003,1.30961176,0,0,0.125,LOW
404.64,22.43582507999999,107.12334904,6.020210080000001,7.63188096,1.3300165999999998,0,0,0.025,LOW
603.04,35.43276399999999,265.12349599999993,5.999134480000001,14.289496000000002,1.36198912,0,0,0.05,LOW
86.36,31.557366920000007,239.97051759999994,3.2171240000000005,6.908297288000001,1.33013692,0,0,0.45,MEDIUM
428.8,28.363629200000005,198.918336,3.7558640799999994,6.611683720000001,1.3169080400000004,0,0,0.44,MEDIUM
152.56,30.758273999999993,249.93627200000003,4.55876964,8.758707680000002,1.2551683200000001,0,0,0.01,LOW
298.28,26.727787600000006,92.9983468,3.481194199999999,5.79553296,1.27458664,0,0,0.085,LOW
423.12,32.84855079999999,214.33462,3.962643120000001,8.519578440000002,1.3076205200000002,0,0,0.45,MEDIUM
127.96,21.3906156,223.02130800000006,5.44161652,6.307322959999998,1.30041084,0,0,0.045,LOW
289.4,29.64138999999999,99.52500239999999,4.749362039999999,8.69768156,1.33346504,0,0,0.325,LOW
207.8,35.406894799999996,326.88810800000005,3.35502384,8.53685608,1.2760816400000001,0,0,0.125,LOW
289.04,22.219774399999995,240.84465879999996,3.31533704,4.4152325999999995,1.35884292,0,0,0.275,LOW
623.64,31.5563584,125.95543040000004,3.3385974400000005,7.112183520000001,1.3523199999999997,0,0,0.135,LOW
321.96,37.2104612,72.39405839999999,4.152786319999999,10.51235992,1.3405541600000002,1,0,0.445,MEDIUM
449.16,44.67264559999999,222.440692,3.596693720000001,12.0914264,1.3633606800000002,1,0,0.21,LOW
375.8,35.52733,310.40625288,3.0797680400000003,7.988448880000002,1.2809411600000002,0,1,0.595,MEDIUM
118.24,25.96567039999999,151.0711,4.23946688,6.40755744,1.296818,0,0,0.095,LOW
105.12,32.8170048,273.08952400000004,4.19042096,8.903774400000001,1.2837346000000003,0,0,0.325,LOW
299.08,32.11995759999999,299.707372,3.8875218800000004,8.16202768,1.28558788,0,0,0.4,MEDIUM
163.56,20.451814399999993,265.085088,4.456807080000001,4.76164056,1.2934378800000002,0,0,0.085,LOW
157.72,19.0130736,117.65133199999998,3.951333479999999,4.07236692,1.2785209599999998,0,0,0.025,LOW
281.52,30.437685999999996,110.32796703999996,3.11819164,6.521379800000002,1.36731332,0,1,0.615,MEDIUM
146.88,34.56907079999999,295.56715999999994,3.637781120000001,8.60608328,1.3110244799999997,1,0,0.425,MEDIUM
91.56,19.825464279999995,234.23820639999994,4.46097964,4.801445080000001,1.35494032,0,0,0.09,LOW
306.48,17.08849868,317.707852,3.8983561599999996,3.32988748,1.2842769600000004,0,0,0.125,LOW
260.48,33.92119639999999,208.96247600000004,4.97491204,10.921062679999999,1.3200183600000002,0,1,0.53,MEDIUM
104.2,23.894153599999996,274.507788,4.686186879999999,6.251580240000002,1.2793861599999996,0,0,0.02,LOW
165.44,33.635265999999994,108.12446160000002,4.979277559999999,10.800257040000002,1.3045000800000002,1,1,0.52,MEDIUM
84.88,28.640879199999993,93.0184208,5.74161048,10.046331720000001,1.30730864,1,1,0.605,MEDIUM
94.36,20.0881888,292.479528,4.83608312,5.3607527600000004,1.26510844,0,0,0.005,LOW
142.52,28.369119760000004,214.30575599999997,3.5016550400000006,6.548870244000002,1.25657632,0,0,0.065,LOW
466.36,29.752487199999997,272.656036,7.155901880000001,14.032423199999998,1.3170484000000002,0,0,0.15,LOW
249.0,25.117712400000002,171.05485999999996,3.75385656,5.65308128,1.2990763200000002,0,0,0.295,LOW
310.12,34.91185199999999,168.41204000000002,4.115574399999999,9.562388040000002,1.32424284,1,1,0.7,HIGH
327.48,27.74098759999999,71.72069919999998,3.472665,6.120488720000001,1.30704816,1,0,0.455,MEDIUM
71.76,32.431990799999994,95.81362640000002,3.37875764,7.446208799999999,1.2758796000000001,1,0,0.24,LOW
126.0,26.3107076,270.5851359999999,3.762547279999999,5.9988833999999995,1.3206015999999996,0,0,0.415,MEDIUM
111.76,18.329531199999998,300.067198,6.382010320000001,6.281547079999999,1.3299140400000002,0,0,0.01,LOW
62.64,34.779127199999984,341.582492,4.571325,9.952449480000002,1.1002829200000002,0,0,0.095,LOW
290.0,43.30541519999999,333.4498640000001,4.017911160000001,12.44599908,1.3081203199999998,0,0,0.315,LOW
21.68,19.496417279999996,227.098872,3.36841208,2.932930356,1.2877516400000002,0,0,0.025,LOW
176.8,29.4352964,101.55166320000001,6.104023999999999,11.219223639999997,1.36598804,0,0,0.285,LOW
204.84,32.793502,155.841532,4.70875944,9.962284239999997,1.3579143999999999,1,1,0.69,MEDIUM
172.32,17.31383108,94.17000759999999,6.534710799999999,5.829927199999998,1.2778932,0,0,0.02,LOW
22.32,20.6761572,302.493372,5.22398536,5.608281919999999,1.3478326399999998,0,0,0.07,LOW
249.0,31.44815012,139.81107120000001,2.9057226799999993,6.766029712000001,1.3011971999999998,1,1,0.58,MEDIUM
189.76,37.24078600000001,216.60572007999997,4.84476736,12.0870616,1.2917377199999998,1,1,0.53,MEDIUM
299.4,34.2430848,184.62404799999996,5.00969984,11.060645520000001,1.3101273599999999,0,1,0.725,HIGH
249.32,24.6272932,82.6758612,6.736311279999999,9.883919200000001,1.30324808,0,0,0.015,LOW
203.68,21.752015999999998,94.22833239999999,4.64106328,5.37017316,1.2779152399999996,0,0,0.05,LOW
26.68,22.098409319999995,146.390116,5.34162352,6.180372175999997,1.2895917200000002,0,0,0.01,LOW
144.56,25.350473599999997,163.469412,4.221744,6.2948942,1.2654033999999998,0,0,0.0,LOW
236.84,23.88706548,159.36768600000002,5.058788680000002,7.23664644,1.32286312,1,0,0.145,LOW
848.6,22.882617600000003,172.8669,4.316666400000001,5.395625320000001,1.33838296,0,0,0.055,LOW
291.44,37.10314600000001,265.1697480000001,4.603638920000001,11.464850279999999,1.3040161999999997,1,1,0.75,HIGH
53.56,11.935823079999999,179.095208,8.578789399999998,2.6939174396400007,1.31135392,0,0,0.0,LOW
100.92,29.708718400000002,30.662059680000002,3.1964786400000005,6.671802199999999,1.09708728,0,0,0.145,LOW
154.24,34.60147,121.58394520000002,3.0303873599999998,7.55404312,1.2993797999999999,0,0,0.42,MEDIUM
216.8,28.936666799999994,114.10882479999998,4.8864629200000005,8.648864119999999,1.2635460399999996,0,0,0.02,LOW
112.08,36.23323080000001,231.47491128000001,4.10025164,10.085695399999999,1.3055143599999999,0,1,0.655,MEDIUM
61.28,19.984978400000003,278.050488,6.377109519999998,6.63389972,1.2860317600000002,0,0,0.005,LOW
271.88,19.295468399999997,155.39010000000002,4.2437605199999995,4.24898732,1.2707873600000001,0,0,0.0,LOW
179.84,32.101297599999995,131.96764399999998,3.78335288,8.075995879999999,1.3062770799999999,0,1,0.86,HIGH
478.2,30.436017999999994,285.89878400000003,5.25076652,9.891501040000001,1.3664448800000002,1,0,0.235,LOW
168.68,45.375812399999994,159.98301600000002,3.6079707600000006,12.594538399999994,1.2959303199999999,1,1,0.765,HIGH
318.8,27.28596960000001,79.0623624,4.69501368,7.54460396,1.3224673999999998,1,0,0.355,LOW
529.32,33.75347519999999,249.041032,3.4273900799999995,7.96209,1.3542085200000002,0,0,0.45,MEDIUM
180.92,27.131440399999995,230.28952399999997,4.881506120000001,7.7628593200000005,1.3090476399999997,0,0,0.27,LOW
431.8,32.4893508,95.14671120000001,5.142507080000001,10.67529496,1.3559337599999994,0,0,0.225,LOW
743.4,34.41044559999999,286.383184,4.099074079999999,9.35542616,1.33938984,0,0,0.045,LOW
365.08,26.860532799999998,333.3479319999999,4.4972417600000005,7.0893290800000015,1.2866065999999998,0,0,0.195,LOW
213.88,20.3956112,162.111248,3.5402549999999993,4.0045574319999995,1.29386168,0,0,0.02,LOW
219.36,22.487329200000005,221.933892,4.9307377599999995,6.045782759999998,1.29993516,0,0,0.11,LOW
98.6,29.69438319999999,66.56611999999998,3.6594833200000005,6.968535360000001,1.2540373200000001,0,0,0.055,LOW
493.32,34.24587279999999,310.5197679999999,5.64801252,12.63346348,1.34509292,0,0,0.065,LOW
12.12,29.993246,111.3872508,5.354377,10.26808644,1.2843234000000001,0,0,0.23,LOW
66.44,35.44623879999999,282.03862399999997,4.74828208,11.207505559999998,1.2765701600000001,0,0,0.325,LOW
23.28,37.6570672,233.7609,4.05617808,9.864419480000002,1.3562713600000003,0,0,0.19,LOW
335.08,30.795697600000004,153.60510399999998,4.3921715599999995,8.539987040000002,1.3635180000000002,0,1,0.59,MEDIUM
245.0,36.52311279999999,143.771416,5.381221880000002,13.227792759999998,1.3038694000000004,1,1,0.695,MEDIUM
186.32,36.36577439999999,235.43736800000002,3.832534880000001,9.45052164,1.3008631199999998,0,1,0.51,MEDIUM
118.16,29.315633999999992,284.3385680000001,5.391047960000001,9.66396472,1.36668548,0,0,0.215,LOW
261.6,25.681440399999996,60.23654199999999,4.57904688,6.802087439999999,1.3662199200000003,0,0,0.19,LOW
612.16,40.071062000000005,193.93478136000002,5.74686724,16.1061768,1.35016812,0,0,0.135,LOW
36.48,19.9556616,271.1601084,4.8873337600000015,5.0761638,1.0937562399999998,0,0,0.005,LOW
132.96,20.48681119999999,210.5904112,6.588788040000001,7.240878160000001,1.306315,1,0,0.075,LOW
452.76,19.443653639999994,241.62956000000003,5.28864468,4.8772001754800005,1.3177131599999998,0,0,0.045,LOW
164.44,16.945296,52.9977096,4.173007800000001,3.45504276,1.319728,0,0,0.03,LOW
196.8,41.666462,66.72881040000001,3.49895908,10.660897480000001,1.3632161600000001,1,0,0.38,LOW
190.04,34.168651999999994,318.75260896,5.5400100000000005,12.511633,1.2779557599999996,0,0,0.155,LOW
54.92,29.9202832,325.4299279999999,5.1130762800000005,9.34019988,1.27126064,0,0,0.13,LOW
200.36,34.647096,335.7935,3.6640351200000003,8.63156264,1.3323253200000003,1,0,0.39,LOW
22.92,31.856070799999998,183.06147600000003,5.568089839999999,11.293093640000002,1.18353244,1,0,0.46,MEDIUM
339.88,20.312916519999998,102.5291764,6.340837439999999,5.918104395479999,1.3216537200000003,0,0,0.12,LOW
90.68,12.2702084,194.400008,4.933671599999999,3.7090728240000006,1.17771224,0,0,0.0,LOW
429.92,18.774097599999994,286.25071199999996,4.155633600000001,3.9271278240000003,1.3053519200000003,0,0,0.01,LOW
305.56,34.2385904,95.37610519999997,3.4976800399999997,8.35423644,1.3033195999999998,1,1,0.86,HIGH
345.92,19.511978,124.12706479999999,3.208400240000001,3.613446956,1.3123154,0,0,0.05,LOW
100.48,22.151252400000004,106.70608799999998,6.563788360000001,8.148533999999998,1.2415222399999997,0,0,0.055,LOW
39.0,15.25104296,250.59209600000003,3.9088268,2.6953685079999996,1.36417148,0,0,0.095,LOW
522.08,37.5767064,168.633364,3.4717140400000006,9.381455240000001,1.33017708,1,0,0.385,LOW
604.4,28.478632799999993,164.184676,6.223737319999999,10.9820122,1.3218205199999997,1,0,0.03,LOW
260.36,44.63809520000001,267.69099575999996,3.02444012,10.791146600000001,1.29169176,0,0,0.425,MEDIUM
227.6,32.278502,209.810072,4.440629519999999,9.232443439999999,1.34608492,1,1,0.695,MEDIUM
68.32,26.950756000000002,294.88252800000004,5.609351280000001,8.763097680000001,1.32956944,0,0,0.155,LOW
63.04,38.983821199999994,250.36909200000005,5.15465216,7.3741532239600005,1.3017970000000003,1,0,0.235,LOW
34.52,26.890546,104.42644840000001,4.25663296,6.75172296,1.2923204,1,0,0.115,LOW
46.52,15.758439999999998,80.2626052,6.5091265599999995,5.21906895916,1.2478554799999995,0,0,0.005,LOW
82.32,25.902905999999994,64.5213084,4.1202529199999995,6.224273919999999,1.2401264799999998,0,0,0.01,LOW
257.44,33.5553448,323.25171615999994,4.69538816,10.1484918,1.2862343999999999,0,0,0.195,LOW
236.32,34.932242,158.157732,4.202804080000001,9.7650624,1.3059906000000001,1,1,0.79,HIGH
135.44,22.875401999999998,132.1092516,4.0158132,5.14476264,1.2904345199999998,0,0,0.045,LOW
366.36,35.69879359999999,138.46086000000003,3.85357304,9.392381320000004,1.3421445600000002,1,1,0.66,MEDIUM
211.24,29.684751200000008,305.634796,4.371470919999999,8.152806,1.2941768000000002,1,0,0.34,LOW
298.24,29.32092239999999,197.11145199999999,4.4135584,7.95851316,1.2862925999999997,0,0,0.205,LOW
162.08,25.6070752,103.32111279999998,4.12481196,6.06740776,1.29475824,0,0,0.14,LOW
78.72,28.0310572,38.5459392,4.13262508,7.053667200000001,1.340598,0,0,0.21,LOW
111.56,35.8528308,181.424692,3.1087505200000005,8.0312484,1.3131559200000005,0,0,0.35,LOW
274.04,35.275744,277.141384,4.128681920000001,9.751466319999999,1.2985995600000002,0,1,0.695,MEDIUM
338.12,35.64660159999999,57.34506319999998,3.47075304,8.674762000000001,1.36240184,1,1,0.595,MEDIUM
110.52,22.452438400000002,179.14847600000002,3.45909404,4.545129244000001,1.3226115200000002,0,0,0.125,LOW
472.92,29.00220759999999,95.23594000000001,3.1307250800000004,5.873986679999999,1.31232124,0,0,0.23,LOW
110.08,25.185742400000002,123.14839200000004,5.20424964,7.668394760000001,1.30390728,0,0,0.1,LOW
527.56,42.07531679999999,95.8826964,4.47646976,13.185947999999998,1.32532872,1,0,0.385,LOW
226.68,37.7511808,199.904584,3.256379880000001,9.05555396,1.30698504,1,1,0.78,HIGH
120.04,10.964992279999999,304.850416,4.266563959999999,2.8218847438399997,1.2998773599999998,0,0,0.04,LOW
167.08,26.2200536,276.161908,6.034857199999999,9.283893040000002,1.35979676,1,0,0.045,LOW
216.44,38.1662456,234.00795199999996,4.336206079999999,11.091772,1.29952352,1,1,0.58,MEDIUM
127.28,18.283136239999997,263.91685600000005,3.38346664,3.321726484000001,1.2654089599999998,0,0,0.005,LOW
371.6,37.5216588,220.89502000000005,3.3378323199999995,9.11335172,1.31463784,1,1,0.865,HIGH
273.88,24.565784800000003,76.7044428,3.7964746000000007,5.46955964,1.2706459599999997,0,0,0.025,LOW
201.84,30.340477079999996,282.12574959999995,4.179374799999999,8.160929639999999,1.3677062800000002,0,1,0.755,HIGH
338.72,28.226636799999998,93.0473312,3.8608667599999995,6.743221719999999,1.3132898,0,0,0.455,MEDIUM
329.8,36.805422400000005,68.76082040000001,3.8032618,9.7212818,1.33638976,0,0,0.44,MEDIUM
92.12,34.32639319999999,288.262128,4.156724719999999,9.46377888,1.32395044,1,0,0.255,LOW
264.4,21.4861816,96.0313292,5.56499748,6.371038520000001,1.29058296,0,0,0.08,LOW
213.0,22.4457316,212.09596399999998,3.73159904,4.805722240000001,1.3094748400000003,0,0,0.24,LOW
128.56,21.460945200000005,252.52292,6.434325080000001,7.865675239999999,1.11110524,0,0,0.01,LOW
109.16,28.2579376,125.51257200000002,4.54205968,7.74252096,1.28422052,0,0,0.14,LOW
234.6,27.380841999999987,84.62574639999998,5.213572879999999,8.56114096,1.26694268,0,0,0.03,LOW
112.36,22.23655452,137.14729519999997,3.4722343199999997,4.171562757759999,1.29866512,0,0,0.035,LOW
298.16,32.43287999999998,88.3743212,4.5309950400000005,9.39352524,1.3298175199999998,1,0,0.385,LOW
113.12,23.0907424,90.27644199999999,6.87988976,9.23360564,1.2549536399999999,0,0,0.005,LOW
74.6,28.015097200000003,45.0,3.48930028,6.206898239999999,1.13017508,0,0,0.035,LOW
49.44,23.9842736,251.83948,5.924383840000001,8.92735264,1.3607191600000001,0,0,0.065,LOW
21.12,20.5800748,340.501172,5.1190745600000005,5.16488332,1.3549679999999997,0,0,0.055,LOW
240.56,26.49521039999999,70.3740832,5.471775800000001,8.49762716,1.3309878,0,0,0.155,LOW
368.28,34.33397639999999,308.09778,4.29587236,9.64490416,1.2928707199999996,1,0,0.49,MEDIUM
230.12,24.1238872,221.79405199999994,4.336324640000001,5.95508188,1.32036904,0,0,0.205,LOW
62.48,32.83137479999999,19.935300880000003,4.1183483999999995,8.88119832,1.3094204000000003,0,0,0.25,LOW
844.2,34.8232176,149.21384248,5.22163696,11.9063128,1.3205023999999996,0,0,0.035,LOW
30.44,23.5283788,50.111943999999994,4.603075319999999,6.0432917999999995,1.2921882399999998,0,0,0.045,LOW
280.56,15.788655719999998,155.157936,5.15301776,4.325155359999999,1.2239778000000003,0,0,0.0,LOW
167.68,30.48205399999999,281.3116880000001,4.1499580400000005,7.954593959999999,1.3113781199999996,0,1,0.555,MEDIUM
223.36,29.353788400000003,108.04134080000003,4.208479039999999,7.620295519999998,1.36591928,0,1,0.675,MEDIUM
173.0,21.351523999999994,96.0741116,6.4072082,7.48819076,1.334821,0,0,0.02,LOW
573.84,39.57053040000001,188.03781664,3.7299311600000005,10.55872516,1.3209391200000002,0,1,0.505,MEDIUM
412.08,25.633180399999993,118.20879199999999,6.758842079999998,10.688486280000001,1.3322233200000002,0,0,0.005,LOW
279.84,38.570782,268.35445424,4.070317519999999,11.03614604,1.3043933999999995,1,1,0.735,HIGH
214.68,12.6723848,296.460624,3.82560196,2.673380328,1.31490504,0,0,0.01,LOW
16.4,16.37246544,240.33994400000003,4.7390029600000005,5.291532880000001,1.26864652,0,0,0.005,LOW
218.84,26.854645999999992,151.18816800000002,3.4818432,5.9036367599999995,1.33281,1,0,0.365,LOW
181.12,39.538441600000006,184.87752,3.670969640000001,10.3880188,1.3453966000000006,1,0,0.5,MEDIUM
59.28,19.388073759999994,144.85554400000004,6.22501508,6.199642123599999,1.3143073200000002,0,0,0.005,LOW
272.24,28.53324919999999,158.612288,4.02304092,7.083989080000001,1.33399136,0,1,0.505,MEDIUM
85.64,31.853034799999996,266.8759759999999,4.20588236,8.566255840000002,1.2975382400000006,0,0,0.435,MEDIUM
16.68,34.10045040000001,30.55807292,3.59343524,8.424665679999999,1.2311004399999999,0,0,0.14,LOW
28.2,52.233660400000005,187.05571599999996,3.948925959999999,15.935761200000004,1.2744207600000002,1,1,0.535,MEDIUM
350.72,35.84917960000001,271.79531199999997,5.404034480000002,12.862249199999999,1.3658476399999997,0,0,0.13,LOW
291.52,13.798434959999994,118.79999999999998,4.003097640000001,2.5185629680000003,1.3070426800000001,0,0,0.025,LOW
353.52,26.897238000000012,179.641092,5.50444432,9.9040968,1.3206745599999998,0,0,0.19,LOW
24.96,28.262127199999995,113.71400480000003,4.21729052,7.249866799999999,1.3519154,1,0,0.195,LOW
97.6,24.90989599999999,309.1070433599999,3.9111074399999994,5.7607814799999995,1.1148218799999998,0,0,0.015,LOW
241.36,30.08761199999999,102.76541328000005,4.889291719999999,9.016806,1.31555784,0,1,0.525,MEDIUM
247.44,30.8936976,109.8070512,4.808115999999999,8.539074480000002,1.2910718399999999,1,0,0.4,MEDIUM
185.24,41.343898800000005,270.59225416000004,3.9775760800000004,11.78232372,1.3308545200000004,1,0,0.5,MEDIUM
221.4,32.4045856,257.519316,3.778583560000001,7.94538456,1.3204539199999998,0,1,0.575,MEDIUM
709.36,27.358082799999988,277.074356,4.274335959999999,6.98715224,1.3588058800000005,0,0,0.06,LOW
73.08,25.269773999999998,173.89435184,5.23498828,7.53154808,1.33794576,0,0,0.055,LOW
102.96,16.651414279999997,104.14560800000001,6.776910279999999,5.31897952,1.2837667199999998,0,0,0.0,LOW
87.52,27.5761916,79.526432,4.58440756,7.52375548,1.34386528,0,0,0.13,LOW
92.16,33.162945599999986,29.963724799999994,3.8493364799999994,8.42726648,1.366476,1,1,0.55,MEDIUM
48.04,18.861024,63.71070360000001,7.017675239999999,6.669244560000002,1.30385356,0,0,0.02,LOW
24.68,31.144229199999995,95.82913120000003,2.60636852,6.050437003999999,1.1217600399999998,0,0,0.115,LOW
152.08,29.642796399999998,322.70615999999995,4.4569160000000005,8.144179320000001,1.36688228,1,0,0.345,LOW
476.28,23.3894264,285.89381599999996,3.9472020800000003,5.2464524400000005,1.31915512,0,0,0.145,LOW
14.64,17.68946924,79.1330988,7.0472280000000005,6.485063080000001,1.27968824,0,0,0.045,LOW
350.4,22.029720400000002,62.349605600000004,4.652337879999999,5.47923748,1.2822938400000001,0,0,0.02,LOW
467.12,34.7522216,302.68522799999994,4.692930759999999,10.68422916,1.32586332,0,0,0.295,LOW
119.44,33.119206399999996,240.53236399999997,3.39662988,7.593203160000002,1.2913075999999999,0,0,0.305,LOW
271.48,24.691621599999998,105.99527599999999,5.2852958,7.24052408,1.3681528400000003,0,0,0.04,LOW
78.12,25.4914028,137.59601600000005,4.828371519999999,6.4612842342,1.3064365599999999,0,0,0.155,LOW
193.16,40.0776988,283.21295200000003,3.4011332400000005,10.070883199999999,1.2766519600000001,0,0,0.215,LOW
128.24,25.9370788,273.32805999999994,3.9298575600000003,6.098073120000001,1.3173229199999996,0,0,0.275,LOW
489.12,33.49870799999999,63.11541120000001,5.2817327999999995,11.56883444,1.3491414,0,0,0.14,LOW
747.68,14.467374920000003,296.1736396,3.971509440000001,2.683717672,1.3239093200000003,0,0,0.025,LOW
169.08,29.886833199999998,79.95677696000001,5.99351168,10.41598944,1.30519292,0,0,0.13,LOW
58.8,20.035212799999996,85.81294839999998,4.43202488,4.5896866,1.2922175999999999,0,0,0.015,LOW
83.52,22.536516399999996,142.215968,4.135214919999999,5.766446267999999,1.2336429999999998,0,0,0.005,LOW
94.44,32.079983199999994,297.294452,4.0494736399999995,8.36959732,1.2973037999999997,0,0,0.495,MEDIUM
293.72,38.96932160000001,186.8682,5.597878560000001,15.01701568,1.36148216,0,0,0.175,LOW
139.96,32.117985319999995,265.555056,3.32190088,7.289367080000001,1.30596264,1,1,0.815,HIGH
377.48,37.064571599999994,57.029842,4.231174279999999,10.51270628,1.3026373999999998,1,1,0.55,MEDIUM
243.72,28.38812788,129.1736472,5.609330679999999,10.1522364,1.33221788,0,0,0.16,LOW
325.96,28.3320336,258.95020000000005,2.90885068,5.680886280000001,1.3685011200000003,1,0,0.27,LOW
448.96,30.90377959999999,319.500252,3.2558941600000004,6.84064856,1.31953788,1,0,0.455,MEDIUM
269.28,25.483727600000005,287.68690200000003,2.99182196,4.983420208000001,1.2844101999999997,1,1,0.64,MEDIUM
206.96,34.3565324,177.74960904,4.93489344,10.96371424,1.3061235200000005,1,1,0.725,HIGH
22.16,28.032409200000007,59.2519012,5.335194040000001,8.918878120000002,1.1088878000000004,0,0,0.125,LOW
141.6,37.69881588,219.36570799999993,3.2722036799999996,9.274740804,1.3059562000000002,1,1,0.635,MEDIUM
215.96,21.343814000000005,85.7525792,4.96813136,5.75311516,1.20226936,0,0,0.035,LOW
517.56,38.7825712,195.456532,3.71133828,10.20598564,1.33007612,0,0,0.47,MEDIUM
404.2,41.209595199999995,180.970884,4.870058719999999,14.085879199999999,1.3117131199999996,1,1,0.62,MEDIUM
367.36,32.72596640000001,308.77413600000006,3.19006292,7.385664759999997,1.3173224800000003,1,1,0.525,MEDIUM
101.76,28.195673199999998,336.69712,4.2086070399999995,7.19374248,1.366721,0,0,0.335,LOW
136.08,27.1111276,93.23155040000003,3.2966285999999996,5.739348760000001,1.18993512,0,0,0.055,LOW
179.76,14.518431199999998,161.723556,4.97227724,2.5402643200000004,1.34411924,0,0,0.03,LOW
48.04,21.48780959999999,176.18189599999997,6.428974040000002,7.6170672,1.2732664399999998,0,0,0.07,LOW
312.16,36.106947600000005,281.15878799999996,4.222357,10.423289919999997,1.31618772,1,0,0.475,MEDIUM
461.84,36.9357844,198.31222400000007,4.82473152,11.980116760000001,1.31346264,0,1,0.51,MEDIUM
186.92,16.7113552,133.15980399999998,4.467790880000001,3.3210200800000003,1.3123171999999999,0,0,0.02,LOW
260.44,34.40720079999999,55.1150164,3.8552527199999997,8.935476,1.3047134799999998,1,1,0.8,HIGH
246.76,19.02164628,196.43624799999998,6.028799039999999,4.964320502400001,1.3146338800000001,0,0,0.005,LOW
147.76,28.085792,195.99174400000004,4.764392719999998,8.16799496,1.3175788800000003,0,0,0.44,MEDIUM
677.84,36.47537439999999,301.272084,6.21795428,15.6474972,1.3428325200000004,0,0,0.05,LOW
196.32,26.503903599999994,257.164724,3.6343848800000007,5.98456136,1.35990044,1,1,0.62,MEDIUM
219.32,36.563267599999996,157.61465600000002,3.5567907200000004,9.160700279999999,1.3003938799999997,1,1,0.605,MEDIUM
304.04,31.230393480000007,58.5502904,4.381245920000001,8.234310200000001,1.3025761599999999,1,1,0.54,MEDIUM
306.36,37.7294308,170.895848,5.269267200000001,13.516956400000003,1.30728812,0,1,0.82,HIGH
103.08,31.7463724,67.95395544000002,4.844423480000001,9.79622644,1.3594518800000004,0,1,0.54,MEDIUM
496.84,34.62311679999999,213.68562399999996,3.2514915600000007,7.8903642000000005,1.33053748,1,0,0.375,LOW
150.72,26.316637199999995,163.041148,4.3017081600000004,6.686671560000001,1.1938777200000001,0,0,0.01,LOW
256.2,40.21142320000001,80.02028963999997,3.697076880000001,10.70733236,1.33568896,0,0,0.305,LOW
110.28,16.901001879999995,197.96828800000003,5.20789192,4.457017839999999,1.2914463999999999,0,0,0.005,LOW
260.92,19.6660924,277.7298,5.834211079999999,6.01659352,1.34278736,0,0,0.05,LOW
368.6,35.155812,139.792656,3.78075128,9.00957572,1.3150696800000004,0,1,0.685,MEDIUM
111.52,33.301627999999994,112.9505936,5.533232399999999,12.06239784,1.3654183600000003,0,0,0.145,LOW
169.76,24.88850439999999,171.67608,3.94750204,5.74930332,1.34947268,0,0,0.205,LOW
327.76,26.408813600000002,204.87746808,5.30871984,7.865071400000001,1.3322073999999997,0,0,0.175,LOW
253.68,35.057131600000005,71.567366,4.0963588799999995,9.71363948,1.3054505999999997,0,1,0.81,HIGH
143.6,22.874792000000003,224.78385199999997,4.10037328,5.18711744,1.27747044,0,0,0.02,LOW
107.8,32.76726639999999,99.33068000000002,5.5152554799999995,11.68200872,1.2099238399999996,0,0,0.185,LOW
383.24,23.4440404,329.45941600000003,5.0094666,6.4842154800000005,1.3299963599999998,0,0,0.195,LOW
666.12,44.751652400000005,160.5213616,5.25559088,17.287607200000004,1.3224965999999998,1,0,0.085,LOW
389.32,27.89408679999999,270.472496,5.652539480000001,9.42199884,1.28135812,0,0,0.06,LOW
250.64,22.273314799999998,69.46478799999998,4.5037009999999995,5.45874224,1.2912351600000003,0,0,0.07,LOW
601.44,21.095740799999998,311.18518720000003,4.4570598,5.02559168,1.34336736,0,0,0.04,LOW
285.8,29.58526400000001,237.14484000000004,4.650884919999999,8.4433486,1.2970510400000002,0,1,0.525,MEDIUM
515.12,41.869722800000005,174.59276799999992,4.4786630800000005,13.332017600000002,1.31327152,1,1,0.62,MEDIUM
80.44,13.17081524,166.448404,6.523689520000001,3.7714047600000002,1.29055652,0,0,0.005,LOW
294.48,36.259105999999996,317.76333200000005,4.16120212,10.075835359999997,1.2990308400000001,0,0,0.48,MEDIUM
26.72,20.4919092,321.187184,6.17462988,6.716521200000001,1.3367444800000001,0,0,0.0,LOW
183.0,18.58007948,129.470852,5.979399200000001,6.0454776400000005,1.3046622399999999,0,0,0.055,LOW
257.56,27.7079104,88.5131956,3.69983312,6.40306228,1.335306,0,1,0.54,MEDIUM
205.56,44.2173708,33.5751572,4.5910593199999985,14.33383928,1.3073664,1,0,0.275,LOW
207.96,19.233126,265.3574919999999,3.7942809999999985,3.6069727199999995,1.3291199599999999,0,0,0.015,LOW
395.72,33.44117119999999,228.99603200000004,4.31893484,9.211998719999999,1.3151568799999995,0,1,0.735,HIGH
464.64,38.092340799999995,122.81978560000003,4.356509559999999,11.316866439999998,1.3647904,1,0,0.3,LOW
169.12,25.833909879999993,176.81447599999998,3.49133828,5.717616288,1.2842921200000001,0,0,0.11,LOW
449.72,35.4558544,191.06724800000003,5.7750167999999995,13.87196104,1.33238576,0,0,0.145,LOW
401.28,38.52382639999999,125.71589320000002,5.24455504,14.419507519999998,1.3644507600000002,0,0,0.19,LOW
76.08,31.096863599999992,265.59100400000005,5.803377319999999,11.446180720000003,1.29655996,0,0,0.095,LOW
108.8,30.0756828,173.19320400000004,4.856389920000002,10.575570959999999,1.20504404,0,0,0.1,LOW
382.36,42.20040119999999,204.39290799999998,3.4682789199999995,10.86910876,1.31896332,1,1,0.76,HIGH
305.96,33.680189600000006,53.53995440000001,4.033845199999999,9.003173160000001,1.3068363600000004,1,1,0.79,HIGH
166.2,27.3061068,87.8714236,4.9743138,8.12911112,1.2548453599999998,0,0,0.03,LOW
132.64,17.034564399999997,72.8062472,4.24090992,3.382324960000001,1.29657144,0,0,0.12,LOW
469.84,31.782167200000004,82.53909400000002,5.2036677199999986,10.92584344,1.32554048,0,0,0.19,LOW
667.68,29.4567244,221.63832000000002,3.714960000000001,7.030275480000001,1.36807156,0,0,0.08,LOW
401.84,37.83181439999999,87.4081984,4.56082056,11.6293892,1.3274950799999996,1,0,0.47,MEDIUM
229.28,28.725126799999998,234.41549600000002,5.0326840399999995,8.723578640000001,1.3468220799999997,1,0,0.3,LOW
63.28,32.4244552,326.27228799999995,4.39091908,9.12267364,1.1164071199999999,0,0,0.1,LOW
407.52,27.791595199999996,82.48709919999999,3.52201336,6.115098240000001,1.3232140800000003,1,0,0.395,LOW
143.72,35.1171444,164.965648,6.327607159999998,15.136700399999997,1.2722542800000003,0,0,0.15,LOW
248.92,28.794678799999996,239.47390335999998,5.753119760000001,11.232689760000001,1.33164164,0,0,0.15,LOW
67.96,22.658517999999994,306.162432,3.4192910799999994,4.511892799999999,1.3332792000000004,0,0,0.115,LOW
382.6,34.9781908,237.24929743999994,4.063623600000001,9.46064456,1.3285455600000002,0,1,0.76,HIGH
59.04,18.249260800000005,161.331452,4.963827840000001,4.5521169200000005,1.3054602800000001,0,0,0.005,LOW
281.84,25.820273599999993,257.55709599999994,4.39567428,6.46952364,1.28893164,0,0,0.145,LOW
331.36,34.04479919999999,250.361008,3.56801916,8.366186999999998,1.3063866400000002,1,1,0.865,HIGH
59.2,24.4520992,191.50063736,5.955517080000001,8.276643799999999,1.23304988,0,0,0.015,LOW
286.2,16.834833879999998,268.70115999999996,3.8797893999999995,3.2339652,1.3049076800000001,0,0,0.04,LOW
234.16,33.0424564,255.57030399999996,4.1061706,8.8880558,1.3143320800000005,1,1,0.61,MEDIUM
366.92,26.93681759999999,118.581534,3.44970644,5.7654822,1.31585484,0,0,0.245,LOW
29.12,30.16171707999999,22.409186079999994,4.4768821999999995,7.233741280000001,1.2315801999999998,0,0,0.125,LOW
86.48,23.638755999999994,81.40079080000001,3.2137763599999998,5.087104679999999,1.3075665599999997,0,0,0.175,LOW
24.0,26.425988800000006,123.97687080000001,3.5764233199999995,5.810385604,1.3082927599999998,0,0,0.135,LOW
237.2,36.89739720000001,290.69916799999993,4.872536879999999,12.08627676,1.2979449600000001,0,1,0.65,MEDIUM
847.28,20.115346279999994,98.05440600000001,3.0540306800000003,3.612948484000001,1.34026772,0,0,0.065,LOW
29.2,33.27786544000001,109.94056199999999,5.6812622,11.00212008,1.24864408,0,0,0.255,LOW
90.32,25.006147199999997,123.56159679999999,5.62399624,8.10391472,1.3173815199999999,0,0,0.065,LOW
68.2,17.059067479999996,48.686989999999994,4.427912000000001,3.3491013276799997,1.31257468,0,0,0.005,LOW
388.52,20.3845088,316.91563800000006,4.079323759999999,4.4184086,1.35116556,0,0,0.04,LOW
322.68,34.103386799999996,162.26736,5.432762839999999,12.18843932,1.34034248,1,0,0.385,LOW
460.88,34.1000504,306.994652,3.18532588,7.750132760000001,1.3282941200000005,0,1,0.535,MEDIUM
118.64,22.231923600000002,267.95272,6.179763079999999,8.162926880000002,1.34492144,0,0,0.015,LOW
350.8,30.38620999999999,136.014272,3.86971404,7.490256120000001,1.2981750400000005,0,0,0.45,MEDIUM
98.08,20.4718828,131.517612,4.678462759999999,4.71656768,1.30348772,0,0,0.03,LOW
223.44,34.77277719999999,75.8358632,4.0006144400000005,9.35142956,1.33416376,1,0,0.475,MEDIUM
266.04,33.33780839999999,111.39621704000001,4.412031239999999,9.47769004,1.3074150000000002,1,1,0.895,HIGH
72.72,14.782327999999998,269.6145,4.20249472,2.8490480887200005,1.2970215600000001,0,0,0.02,LOW
147.44,28.379584000000005,229.50137999999998,4.841338160000001,8.265438520000002,1.30879508,0,0,0.365,LOW
101.32,40.263972399999986,217.39127199999996,3.67806476,10.70561444,1.3513638399999999,1,1,0.66,MEDIUM
219.16,30.11791879999998,227.12762376000003,3.6982899600000008,7.1709996799999995,1.26656916,0,0,0.07,LOW
542.76,29.438717199999992,95.76294183999995,4.15604696,7.640076599999998,1.37052848,0,0,0.155,LOW
392.76,30.798937999999993,162.646904,3.83772888,7.616438759999999,1.2841716000000003,0,0,0.31,LOW
384.32,28.915568399999998,147.68823200000003,3.55795592,6.593374999999998,1.28886128,1,0,0.21,LOW
149.32,26.791090000000004,308.438004,3.90987888,5.884845959999999,1.34500184,0,0,0.375,LOW
162.88,28.033950800000007,292.82517599999994,6.424457960000002,11.170229240000001,1.3394412400000002,0,0,0.015,LOW
254.68,35.5474292,241.52656528,4.64878884,10.715880239999999,1.2968666400000002,1,1,0.71,HIGH
332.52,26.275441199999996,246.67252799999997,5.635457199999999,8.701171839999999,1.32257816,0,0,0.095,LOW
196.28,28.4309812,245.68023999999997,3.4371925599999997,6.27241556,1.3234816800000002,0,1,0.72,HIGH
448.56,28.372059600000004,144.431512,3.376797040000001,6.228616360000002,1.3239787200000002,0,0,0.4,MEDIUM
54.44,19.488730399999994,145.302428,4.311490880000001,3.7387719319999997,1.30394612,0,0,0.025,LOW
64.36,30.892680800000008,322.65400400000004,3.842735959999999,7.39265864,1.2524039599999999,0,0,0.04,LOW
319.92,31.0023128,52.83979008,3.670233839999999,7.54504544,1.36798844,1,1,0.575,MEDIUM
325.56,27.25969439999999,192.54971200000008,3.8847495199999997,6.4631818,1.2900585199999997,0,0,0.285,LOW
78.88,25.638944000000002,131.171116,3.70564848,5.69623276,1.2555487600000002,0,0,0.01,LOW
173.76,20.848110799999994,65.06898360000001,4.265676839999999,4.73548496,1.3243892799999997,0,0,0.165,LOW
18.16,30.5639436,125.97859600000001,4.692831880000001,8.85938016,1.32016,0,0,0.115,LOW
313.2,18.660619999999998,112.90740800000002,4.322373720000001,4.08797236,1.2917793199999996,0,0,0.015,LOW
456.24,26.71690628,241.76480800000002,2.8968517199999995,4.92869656,1.3182674399999996,0,0,0.455,MEDIUM
602.56,41.499475200000006,282.714972,5.0948115199999995,14.77308,1.3186745599999998,0,1,0.51,MEDIUM
265.64,28.176314000000012,213.76476800000003,4.16731244,6.9523473199999986,1.3147361999999998,1,0,0.415,MEDIUM
389.96,22.718723999999998,257.666128,4.61981228,5.96654032,1.30021176,0,0,0.185,LOW
80.4,25.22064868,284.432916,5.00549812,7.46986952,1.3298929199999998,0,0,0.12,LOW
20.0,14.982244040000003,253.60394799999992,6.043299480000001,3.6967184799999995,1.29480256,0,0,0.01,LOW
21.68,24.370141199999992,165.45378,6.95665612,10.06665884,1.106175,0,0,0.035,LOW
214.52,22.2341628,71.40535560000001,5.45159508,6.38203264,1.3539300399999998,0,0,0.075,LOW
62.48,22.433017600000003,45.29458960000001,4.69887084,5.77374308,1.27805804,0,0,0.01,LOW
441.64,34.5770992,167.69381599999997,4.70567948,10.715517920000002,1.3241530399999997,0,0,0.475,MEDIUM
116.44,41.311929600000006,185.37529999999998,3.0259850799999994,9.541257359999998,1.24805132,0,0,0.42,MEDIUM
142.48,21.641920799999994,55.1594888,4.301777799999999,4.42537408,1.29650292,0,0,0.11,LOW
443.52,33.232683599999994,309.205184,5.473721359999998,11.82940932,1.3661034800000003,0,0,0.12,LOW
405.0,24.655612,85.5831764,4.021663960000001,5.7247564,1.32844448,1,0,0.17,LOW
434.04,27.4504424,47.4839896,3.6894895200000004,6.26189436,1.32286168,0,0,0.175,LOW
167.16,16.83450848,229.89884799999993,5.5663544,2.7482696452799997,1.2721230799999999,0,0,0.005,LOW
234.36,15.982489479999996,116.18220399999998,5.87798924,3.8238905602799997,1.33874912,0,0,0.025,LOW
300.04,23.689472799999997,196.842652,5.12409228,6.759147639999998,1.3237230799999997,0,0,0.075,LOW
151.32,28.435990680000003,227.59218000000004,3.5620572,6.4175682,1.3060736,1,1,0.595,MEDIUM
253.88,37.170496799999995,190.28063367999988,2.3975082800000003,7.3895866,1.2916566400000002,1,0,0.49,MEDIUM
303.44,27.427298800000006,267.058384,7.243835880000001,12.964527,1.31117348,0,0,0.17,LOW
278.08,30.108841999999992,165.21368399999994,5.1197344000000005,9.508456839999997,1.27711528,0,0,0.155,LOW
52.16,20.98416428,89.69685799999999,5.45879144,6.384207280000002,1.2772506399999999,0,0,0.07,LOW
245.2,38.629175200000006,262.689088,3.7034480399999996,10.185687080000003,1.28051264,0,1,0.575,MEDIUM
102.16,32.314345200000005,299.2283752,3.2321973600000002,7.26358156,1.2830457599999996,1,0,0.435,MEDIUM
374.56,33.009839199999995,223.87377119999996,4.55345648,9.229177720000001,1.3176585600000001,0,1,0.56,MEDIUM
212.84,30.435799199999998,296.593612,4.07056848,7.821529160000001,1.3325002000000001,1,1,0.61,MEDIUM
186.72,29.089369199999993,34.739136800000004,5.698719439999999,10.13347704,1.3643772800000002,0,0,0.075,LOW
134.96,23.917079200000003,108.41341639999999,3.54831676,4.897000760000001,1.25280716,0,0,0.03,LOW
261.28,19.36827532,150.780372,4.190973959999999,4.147789199999999,1.313037,0,0,0.02,LOW
64.68,28.651242399999997,194.29227600000002,4.82454244,8.219031919999999,1.152987,0,0,0.02,LOW
86.32,30.303966400000007,224.97229999999996,4.3472319200000005,8.260090320000002,1.3434122400000001,1,1,0.775,HIGH
91.28,29.844977479999997,215.309972,2.9656947599999994,6.258945679999999,1.32702612,1,0,0.425,MEDIUM
68.92,22.4564516,179.18771200000003,4.4335352,5.454681320000001,1.2841502,0,0,0.01,LOW
314.8,31.601036,217.61704399999996,4.921849399999999,10.05682756,1.31061396,1,0,0.39,LOW
481.36,43.2278704,157.0032,3.2565135600000015,10.81535288,1.3680526,0,0,0.24,LOW
395.4,28.907286000000003,220.27840400000002,4.13945724,7.402071480000001,1.3006114,0,0,0.175,LOW
104.2,29.9164396,283.492528,3.7891215200000006,7.177154399999998,1.3164862400000001,0,0,0.29,LOW
12.16,31.880031080000002,172.762592,2.943634360000001,7.14084704,1.14693916,0,0,0.13,LOW
9.52,17.78110384,153.722308,3.7313801600000005,3.4422086309600006,1.12778268,0,0,0.01,LOW
149.2,35.6484612,227.85474799999997,3.5998230799999997,8.971561439999999,1.284008,0,0,0.405,MEDIUM
216.32,39.71218639999999,88.75067680000001,3.4801762400000005,9.89300208,1.30381472,1,1,0.765,HIGH
515.44,33.5541344,75.3478076,4.28357408,9.427682879999999,1.32506392,0,0,0.295,LOW
794.2,33.3492772,170.57138000000003,4.05884588,8.884658919999998,1.32028956,0,0,0.02,LOW
314.28,27.766821199999995,42.706748399999995,3.5586988800000006,6.054432320000001,1.29395568,1,0,0.395,LOW
316.72,16.098996,171.31860519999998,5.158283120000001,3.71050924,1.3300973999999999,0,0,0.0,LOW
134.6,9.89071772,114.05040000000001,4.303087680000001,2.026474576,1.2871723600000005,0,0,0.005,LOW
452.48,20.126561999999993,48.4211668,4.139512119999999,4.3947223200000005,1.31241676,0,0,0.075,LOW
321.24,38.382954399999996,228.56035999999997,3.2412204799999995,9.1683582,1.3099320799999998,1,1,0.875,HIGH
227.48,36.858875600000005,87.93386439999999,4.78261728,11.711408120000002,1.30232372,1,1,0.71,HIGH
317.72,27.188107599999995,259.890272,5.78394008,9.90148252,1.31060696,0,0,0.04,LOW
174.24,23.89249492,203.75257200000007,3.95139504,5.340121160000001,1.2813296,0,0,0.015,LOW
198.8,46.2898268,200.0227636,3.60506548,12.736455759999998,1.3310252399999996,1,0,0.465,MEDIUM
496.68,45.00130519999999,128.92869599999997,4.294730960000001,13.957693240000003,1.31413052,0,1,0.58,MEDIUM
189.88,20.405355200000002,128.20260800000003,4.290210840000001,4.775998479999999,1.3020207999999998,0,0,0.315,LOW
377.0,34.6784748,123.31670800000002,4.65311744,10.59337396,1.3000858800000001,0,1,0.54,MEDIUM
619.08,32.746391999999986,184.116656,3.8895671200000006,8.46796204,1.3243686000000003,0,0,0.285,LOW
133.88,32.601047999999984,303.79865128,3.686305399999999,8.020998400000002,1.2950996000000001,1,0,0.5,MEDIUM
240.16,37.72252999999999,151.953448,3.95100604,10.296432520000002,1.3562239200000001,1,1,0.655,MEDIUM
241.24,20.5735252,202.53563999999994,4.754318080000001,5.24901612,1.30532168,0,0,0.05,LOW
95.2,26.142073999999994,199.845956,5.220521120000001,7.932791359999998,1.3336368399999996,0,0,0.24,LOW
83.96,28.459638800000008,199.77945200000002,3.8655966800000003,6.87906224,1.3035972799999995,0,0,0.18,LOW
782.28,29.796862,142.532736,5.02768716,9.195541120000001,1.33766404,0,0,0.04,LOW
87.72,25.12516239999999,208.639448,4.491195920000001,6.495089840000002,1.2359457600000001,0,0,0.015,LOW
34.76,29.013262799999993,74.76327280000001,3.91507488,7.018096039999998,1.2794863200000002,0,0,0.165,LOW
217.88,24.219848399999986,122.13296400000002,4.24525984,5.83874908,1.3170183199999999,0,0,0.19,LOW
255.76,28.11226840000001,87.6345232,4.841123280000001,8.106642040000004,1.27841328,0,0,0.19,LOW
354.24,30.243054399999988,94.77713320000002,6.0858898,11.629045199999998,1.31069932,0,0,0.175,LOW
138.16,13.963193440000003,109.82205400000001,5.0632786,3.223020568000001,1.2747148400000001,0,0,0.0,LOW
585.08,40.981486,296.538356,4.32484484,12.88150912,1.34518392,1,0,0.24,LOW
280.96,23.538206399999993,191.13180400000002,3.5363162000000004,4.872742239999999,1.3201042799999998,0,1,0.52,MEDIUM
401.76,18.40970816,144.334784,5.38580032,4.92698504,1.317628,0,0,0.01,LOW
69.4,27.689959999999996,136.41315088,3.4373570000000013,5.76373104,1.3613624799999997,1,0,0.285,LOW
175.2,42.00691480000001,269.73092,5.050438000000001,14.884656,1.2765212400000001,0,0,0.215,LOW
823.28,39.9495576,156.71779999999998,3.76632536,10.74979112,1.31985732,1,0,0.015,LOW
243.92,45.52097359999999,161.33990615999997,4.03789832,13.214822199999997,1.35760876,0,0,0.465,MEDIUM
778.72,29.441796800000006,224.57402799999997,4.0371782,7.439027399999999,1.3366250400000002,0,0,0.03,LOW
514.36,34.49659519999999,212.02751200000003,3.68916696,8.652551599999999,1.3210039200000003,1,0,0.405,MEDIUM
254.2,24.0332132,83.7319568,6.217650959999999,8.59049852,1.3394304,0,0,0.005,LOW
229.04,28.559932800000006,65.22711400000001,4.10248484,7.17931988,1.2873027200000005,0,0,0.405,MEDIUM
86.36,28.447068399999992,269.65494,4.0895288800000005,7.219165519999999,1.3662218400000001,1,1,0.7,HIGH
239.28,34.860748,218.38983200000007,4.7553034400000005,10.877948239999998,1.29243328,0,1,0.56,MEDIUM
43.24,17.480626000000004,65.6178044,5.040303559999999,4.24834012,1.2758006800000001,0,0,0.025,LOW
126.44,24.75825920000001,123.94222848,4.20931372,6.071588479999999,1.29934204,0,0,0.15,LOW
123.08,28.62686439999999,321.19872575999995,4.098689480000001,7.24330512,1.2573031200000002,0,0,0.055,LOW
450.08,36.967530800000006,281.6531999999999,4.40559072,10.90829072,1.3202911600000005,0,0,0.495,MEDIUM
57.88,22.405361359999997,277.9823636,4.04933424,3.96149462104,1.31371576,0,0,0.025,LOW
270.04,31.399416800000004,321.8193679999999,4.54788384,8.994895199999998,1.3132598,0,0,0.335,LOW
418.64,41.9090148,279.566288,3.7602782000000006,11.467694799999999,1.32658488,0,0,0.305,LOW
83.0,28.9505564,216.78666400000003,4.798168079999999,8.49930652,1.2981323999999999,0,0,0.145,LOW
63.76,32.601254680000004,285.68433200000004,5.815122799999999,10.295331654040002,1.25896852,0,0,0.225,LOW
156.96,28.0270108,101.94305120000001,3.5414064400000003,6.414106479999999,1.3379401999999998,1,1,0.585,MEDIUM
129.36,27.918508799999994,74.87019288,5.32037512,8.905316800000001,1.3243613599999997,0,0,0.215,LOW
810.08,18.305323599999998,97.5855,3.689380559999999,3.4953605999999997,1.3206267200000001,0,0,0.03,LOW
176.92,34.01131519999999,45.01841439999999,3.4428779999999994,8.186002959999998,1.33414228,1,1,0.605,MEDIUM
85.2,30.029395200000003,219.88029999999998,4.14712308,7.796866480000001,1.3508336799999998,1,1,0.63,MEDIUM
172.68,13.024043399999998,113.0279992,6.65477736,3.3750565362399993,1.27592376,0,0,0.005,LOW
125.32,28.5694876,187.38295200000005,5.04466152,8.70487632,1.3589379199999998,1,1,0.57,MEDIUM
191.24,42.07624280000001,193.61491600000005,4.35782016,13.082615039999999,1.24975932,0,0,0.305,LOW
352.56,32.17309719999999,276.04981200000003,6.489645679999998,13.689201719999998,1.31619616,0,0,0.185,LOW
49.56,17.946298399999996,167.2929,4.79526832,4.531883199999999,1.09821564,0,0,0.01,LOW
312.2,23.978820399999996,25.982011200000002,3.7394325999999993,5.197470320000001,1.2758102799999997,0,0,0.06,LOW
165.84,30.087904,301.47712400000006,5.57148028,10.471889520000001,1.1104121200000001,0,0,0.035,LOW
55.24,28.309085599999992,255.910124,4.9874369199999995,8.49976004,1.27573804,0,0,0.17,LOW
50.36,27.29666480000001,293.25267599999995,3.9910467600000006,6.58118564,1.3184752,0,0,0.13,LOW
24.16,20.83534816,187.58302056,6.202267000000001,4.360954501359999,1.32772696,0,0,0.02,LOW
159.88,25.6874428,238.43152399999997,6.765788120000001,10.82588376,1.34383792,0,0,0.01,LOW
115.36,36.9668012,241.44827328000002,4.27830528,10.710633440000002,1.31253732,1,1,0.505,MEDIUM
29.0,43.90077199999999,219.769872,3.88310084,12.5246148,1.2725129599999998,0,0,0.475,MEDIUM
136.48,27.122377599999997,112.35450000000003,6.138400560000001,10.061742279999999,1.3371876799999998,0,0,0.115,LOW
145.12,24.083113199999993,318.9491856000001,5.78103976,8.283629480000002,1.35650532,0,0,0.185,LOW
62.52,24.1447172,143.171696,5.1834356,6.94650232,1.3025849600000001,0,0,0.06,LOW
63.48,18.667665599999996,181.100832,6.745124799999998,6.203938000000001,1.1070781600000001,0,0,0.01,LOW
45.24,21.2972192,201.47007599999998,5.274345080000001,5.3112803614,1.25041832,0,0,0.005,LOW
111.0,30.238942799999997,177.305984,5.2102092,9.93013268,1.32483716,0,0,0.3,LOW
332.68,17.359453079999998,147.73678,5.35391068,4.10294832,1.30104852,0,0,0.01,LOW
136.16,28.25140384,102.9446144,3.4007298399999994,6.301720220000001,1.2804953600000002,0,0,0.16,LOW
266.92,32.1319092,192.43191999999996,5.355543399999999,10.83702684,1.29913408,1,0,0.41,MEDIUM
549.96,32.8523496,29.16127479999999,4.983022720000001,11.271955439999997,1.3521218399999997,0,0,0.04,LOW
212.04,28.747812399999997,196.97502,3.5204335600000003,6.275458520000001,1.2850070399999998,0,0,0.42,MEDIUM
14.36,16.09842496,204.186156,6.34479468,4.471782826359999,1.2754085999999998,0,0,0.0,LOW
386.6,23.910741599999998,183.06414399999997,4.19855624,5.7088696400000005,1.3273501200000002,0,0,0.085,LOW
56.96,15.453632840000001,188.931144,5.6047349199999985,3.7473511684399994,1.283118,0,0,0.0,LOW
151.44,14.851309239999994,139.544992,3.45374112,2.5520655199999998,1.3125238,0,0,0.01,LOW
69.84,31.30486719999999,194.11264400000005,3.19986712,6.84548844,1.3268040399999999,0,1,0.515,MEDIUM
41.76,28.33386279999999,88.48030679999998,6.3534644,11.159256440000002,1.30796752,1,0,0.125,LOW
279.4,20.055719200000002,298.62901199999993,5.112432399999999,5.2101950000000015,1.33524576,1,0,0.045,LOW
263.36,33.555953200000005,77.07907039999999,4.697246959999999,9.82886724,1.3309238399999999,1,0,0.48,MEDIUM
139.4,29.5862724,68.6822556,4.787047080000002,8.675094919999998,1.34216012,0,0,0.33,LOW
36.2,22.796854680000006,196.62466399999997,4.1538214,5.576792560000001,1.3364429199999999,0,0,0.045,LOW
171.88,24.469659599999996,152.66183600000005,6.2791564399999995,8.3412112,1.3080748799999997,0,0,0.05,LOW
15.6,27.003030680000002,143.7436208,4.385376400000001,7.640378159999999,1.3443843600000003,0,0,0.095,LOW
46.4,22.772324400000002,39.8332552,4.38729768,5.56588936,1.3581851600000001,0,0,0.03,LOW
55.08,24.258074000000008,207.3970456,7.361191960000001,10.862039800000002,1.3627351999999997,0,0,0.01,LOW
185.16,35.73963239999999,258.67550800000004,3.139413759999999,7.962091280000001,1.261565,0,0,0.235,LOW
35.0,21.9928832,154.3865948,7.031210639999999,2.55218288332,1.3425325600000002,0,0,0.045,LOW
448.92,27.287633200000002,50.3697188,5.63126188,9.169324240000002,1.3331758799999998,0,0,0.06,LOW
251.24,30.690174399999993,154.066212,4.1493172000000005,8.0003838,1.30124772,1,1,0.695,MEDIUM
450.04,18.597381199999997,166.9677,4.558087639999999,4.02208308,1.3165642,0,0,0.02,LOW
203.6,31.049602,323.64056,5.181277959999999,10.028912919999998,1.2759342399999998,0,0,0.145,LOW
151.04,26.427480799999998,77.54315016000001,3.10522536,5.35905128,1.3170559599999998,0,0,0.37,LOW
313.64,36.41299719999999,46.06046055999998,3.6315524,9.219323800000002,1.28875052,0,1,0.505,MEDIUM
157.2,24.199964680000004,264.6248132,5.864569520000001,7.57836292,1.28298328,0,0,0.02,LOW
411.6,31.804574799999997,77.99128159999998,5.2724662,10.54969644,1.36736344,0,0,0.21,LOW
251.08,11.775930319999997,211.46459,3.4819730399999997,1.7775007440000001,1.3609471199999998,0,0,0.04,LOW
243.2,25.706492799999992,219.6931,3.4360210800000006,5.47367776,1.1450591599999997,0,0,0.055,LOW
178.52,23.477548799999994,255.685908,3.8639575199999996,5.234496159999999,1.2844529199999999,1,0,0.05,LOW
484.84,35.569430399999995,311.4598239999999,5.283364880000001,13.86948956,1.32553324,0,0,0.21,LOW
112.76,29.830076,201.358412,4.582293960000001,8.21813092,1.1537030000000001,1,0,0.05,LOW
229.28,21.302053199999992,298.64557199999996,4.92523092,5.66370424,1.33127288,0,0,0.03,LOW
302.96,23.998095600000006,343.455776,4.504094160000001,6.051773400000001,1.3017909200000002,0,0,0.265,LOW
56.56,25.097985600000005,325.765832,5.4129278,7.78338544,1.1814040000000001,0,0,0.045,LOW
124.04,31.785832399999993,320.13678487999994,4.73834012,9.507558719999999,1.24826432,0,0,0.05,LOW
198.68,21.06685052,112.11575199999999,4.856387079999999,4.73805423736,1.32123384,0,0,0.055,LOW
39.68,16.482171999999995,248.97959600000002,4.290997839999999,3.414246,1.2883612799999997,0,0,0.0,LOW
292.64,35.4498692,293.873028,3.6425584400000006,8.91979476,1.2851119199999999,1,1,0.665,MEDIUM
24.72,53.520695599999996,198.28865600000006,4.018193799999999,16.6130308,1.2744071599999998,1,1,0.575,MEDIUM
43.64,26.55802079999999,274.649068,4.84305732,7.2198987599999995,1.3657806,0,0,0.3,LOW
215.08,30.299909599999992,58.407524800000004,3.6925391199999997,7.2116207600000015,1.3359818799999996,0,0,0.24,LOW
529.72,25.862215199999994,205.71053600000008,3.9782771199999996,6.044876319999999,1.32241428,0,0,0.075,LOW
263.32,19.216932399999997,189.039172,6.2095258,5.94890308,1.29788184,0,0,0.055,LOW
252.72,22.386744800000006,175.82701199999997,4.785018400000001,5.814680640000001,1.314519,0,0,0.01,LOW
139.92,31.599749999999993,294.55669487999995,3.72117652,7.7360492,1.2653843999999999,0,0,0.075,LOW
489.72,25.54249479999999,196.36667600000007,4.310881519999999,6.43831804,1.3187560799999998,0,0,0.08,LOW
446.6,39.96605160000001,49.53208319999999,4.252207479999999,11.95777716,1.3681066000000002,0,0,0.21,LOW
20.44,23.53768552,259.73670400000003,6.10921052,1.8833494696,1.3073278,0,0,0.065,LOW
55.0,23.246224680000008,296.86636,3.59447536,4.865219811999999,1.3172239200000002,0,0,0.08,LOW
216.48,30.48916679999999,152.283084,4.71570108,8.99536628,1.3045154399999999,1,1,0.545,MEDIUM
419.72,32.341717199999984,168.13074000000003,4.04945868,8.48999472,1.2850169599999999,0,0,0.155,LOW
273.92,37.183417600000006,344.65775600000006,3.8062860400000007,9.85075956,1.3678001999999998,1,0,0.305,LOW
307.2,25.791413600000006,133.138616,4.99527484,7.456753360000001,1.2887291599999997,0,0,0.06,LOW
218.64,38.1285204,227.51363599999993,3.4983116800000005,9.513635720000002,1.2713982,0,0,0.085,LOW
116.68,23.106772679999995,261.23702399999996,6.411292439999999,6.552279051999999,1.3063985200000001,0,0,0.04,LOW
103.76,39.734082,268.5796348400001,3.26126864,9.708726399999998,1.366712,0,0,0.475,MEDIUM
75.88,35.395798,335.3479400000001,4.04048164,9.568597440000001,1.3130658800000001,1,0,0.325,LOW
456.24,29.580651600000007,237.16919999999993,3.8528248,7.220979079999999,1.3298061600000002,0,0,0.31,LOW
287.32,25.18916919999999,67.45925319999999,4.4758368,6.623818040000001,1.2736157999999997,0,0,0.03,LOW
598.64,29.9069364,57.44158527999999,5.3611068400000015,9.842941000000001,1.3242112400000001,0,0,0.045,LOW
52.16,22.513065999999995,174.80254000000002,4.024472360000001,5.093132959999999,1.2470240399999997,0,0,0.0,LOW
135.2,34.42023800000001,178.04877600000003,4.37561744,9.88746244,1.2781689199999997,0,0,0.42,MEDIUM
345.4,35.4361128,290.551108,3.6446559599999997,8.910339519999999,1.28639784,1,1,0.605,MEDIUM
89.6,33.984409600000006,265.114844,4.609271679999999,10.14338272,1.3092874400000003,1,0,0.38,LOW
138.68,32.67606919999999,113.606664,3.823392319999999,8.200594,1.3051626799999996,1,1,0.84,HIGH
283.88,24.4083288,107.065376,3.96188916,5.577026879999998,1.2773836399999998,0,0,0.02,LOW
124.04,30.20485252,168.5802996,6.2413106,4.746764899000001,1.3159261600000003,0,0,0.11,LOW
317.04,23.539763760000007,75.6,4.255313720000001,5.478318879999998,1.2837906,1,0,0.08,LOW
298.36,26.066813599999996,108.50594080000002,4.515947799999999,6.882618080000001,1.3512863200000005,0,0,0.175,LOW
252.32,27.869989199999992,220.96273599999998,3.10220888,5.7556115199999995,1.2998398400000002,1,1,0.77,HIGH
216.6,34.5382356,226.99143199999997,3.9198868,9.09432932,1.2842738,1,1,0.525,MEDIUM
129.2,31.239613199999994,299.55319199999997,4.098367119999999,8.1542196,1.2781428400000003,0,0,0.11,LOW
258.84,27.473652800000004,120.42073239999998,4.554048240000001,7.666000079999999,1.32323164,1,0,0.24,LOW
269.24,28.226922799999997,90.1374416,3.8081558799999997,6.629135879999999,1.3283262,0,0,0.42,MEDIUM
358.92,34.0853292,29.935909279999997,3.49142436,8.192122520000003,1.3312716,0,0,0.375,LOW
161.6,25.689146279999996,295.2313952,4.306517400000001,6.52271268,1.24950264,0,0,0.01,LOW
25.36,18.838430799999998,249.47019999999998,5.13074652,4.89848396,1.35650568,0,0,0.045,LOW
173.04,34.6691156,220.98721599999996,4.094636360000001,9.553127,1.28529348,1,1,0.695,MEDIUM
191.28,29.765947200000006,137.85272799999998,3.0798004399999996,6.368203360000001,1.35324236,1,1,0.695,MEDIUM
89.52,24.180070000000004,108.11505600000001,4.3524531999999985,5.96463868,1.2315495199999997,0,0,0.015,LOW
421.28,22.612077999999997,120.55020799999997,6.107375080000001,7.70372628,1.3320347199999998,0,0,0.035,LOW
121.04,23.341732399999998,124.42769200000001,5.34908884,6.9517314400000005,1.2953901600000004,0,0,0.035,LOW
233.76,36.14077879999999,85.08488559999999,5.965905640000001,14.494893359999999,1.335829,0,0,0.025,LOW
300.8,45.035168000000006,147.197116,3.6608608400000002,12.437073239999997,1.3075540799999998,1,1,0.875,HIGH
107.48,27.0282592,106.97145560000003,3.90795972,6.5217308800000025,1.26472928,0,0,0.01,LOW
101.4,30.302700800000004,290.2572600000001,5.87832992,11.148715480000003,1.2240640799999998,0,0,0.03,LOW
106.32,19.662114799999994,135.55186399999994,4.24667248,4.35358512,1.1053384000000002,0,0,0.0,LOW
600.92,28.901391599999997,113.124758,6.055560560000001,11.00536792,1.3512119999999999,0,0,0.065,LOW
125.48,31.91106959999999,32.2535016,4.6863133999999995,9.4742796,1.2889456399999997,0,0,0.255,LOW
233.04,31.4850108,131.72755088,6.3701212400000005,13.000875559999999,1.3050827999999999,0,0,0.145,LOW
327.68,28.8020296,216.451328,4.29252436,7.608746799999999,1.3174614799999997,1,0,0.43,MEDIUM
142.04,15.49235012,197.9311552,3.3568555200000003,2.4151971080000005,1.29543284,0,0,0.025,LOW
208.52,43.41309679999999,271.26158,3.28852996,10.969610440000002,1.3146734800000004,0,0,0.5,MEDIUM
291.88,32.220335199999994,335.197904,3.6740970000000006,7.861798359999999,1.3435822800000004,1,0,0.28,LOW
142.52,33.1136164,245.71047599999994,3.4664322800000003,7.832190440000001,1.3595734,1,1,0.81,HIGH
390.96,38.5282924,206.65220799999994,3.6003206,9.912424760000002,1.308825,0,1,0.71,HIGH
419.04,28.176856399999988,280.9184920000001,3.707842999999999,6.31397192,1.2877318400000002,0,0,0.27,LOW
60.52,32.623760399999995,146.63272,5.876866840000002,12.538141799999998,1.1173508399999996,0,0,0.205,LOW
141.92,26.232859199999993,246.8577200000001,4.73574332,7.22698672,1.2742411599999999,0,0,0.01,LOW
84.44,19.744298799999996,201.67080800000002,3.57702112,3.85103464,1.2985012799999998,0,0,0.015,LOW
239.48,35.37186999999999,337.361936,4.725198079999999,11.045969800000002,1.30242236,0,0,0.17,LOW
229.4,14.66162456,113.27280600000002,5.71189352,4.126581719999999,1.2855406,0,0,0.01,LOW
62.24,27.67961332,135.7370272,6.165055879999999,6.446406396399999,1.2505518399999997,0,0,0.04,LOW
384.48,44.5700624,152.985464,4.55170568,14.559496400000002,1.3655216000000001,0,0,0.275,LOW
213.12,42.0693376,89.3272556,3.2300386000000003,10.41594828,1.3440178400000002,0,0,0.42,MEDIUM
407.36,35.06462919999999,311.53233176,3.8628763600000013,9.113396479999999,1.3218224000000003,0,1,0.6,MEDIUM
88.68,20.0424268,100.6485636,5.896070400000001,6.09363758344,1.3010834799999995,0,0,0.195,LOW
89.6,31.3550024,288.214476,4.263479200000001,9.12862212,1.30983336,1,0,0.455,MEDIUM
42.36,45.591436800000004,321.562572,3.45277296,12.056307319999997,1.3043521999999999,0,0,0.155,LOW
469.72,20.257283199999996,208.13141000000005,3.8369376,4.17930052,1.36895776,0,0,0.04,LOW
189.52,14.294163640000004,274.9007999999999,6.0670146,4.11596492,1.3199492400000004,0,0,0.02,LOW
105.12,19.08212988,338.599096,3.630572280000001,3.8061007400000006,1.16843732,0,0,0.0,LOW
69.72,29.3643392,243.71423600000008,3.99806112,7.343844359999999,1.24110384,0,0,0.005,LOW
171.48,32.9459728,313.148326,3.5635826399999995,7.8522584,1.3668727999999999,1,1,0.67,MEDIUM
175.04,27.6427896,165.7266168,3.4322142799999993,5.280716136,1.3043782000000002,1,0,0.41,MEDIUM
100.24,30.8520172,271.879552,3.9298036400000003,7.963074399999999,1.31299396,1,0,0.315,LOW
238.44,23.541855199999997,331.94854799999996,3.8567073200000004,5.220142840000001,1.2329069999999998,0,0,0.015,LOW
187.52,36.5286676,323.32391200000006,4.106987040000002,10.195400759999998,1.33291192,1,0,0.36,LOW
142.36,26.427657199999995,88.36152000000001,3.4217667200000004,6.087762199999999,1.3324993600000001,0,0,0.475,MEDIUM
36.04,25.492916399999995,158.349436,4.46029472,6.072551520000001,1.21669516,0,0,0.005,LOW
412.56,43.6360468,191.39289600000004,4.0136726,12.763734399999999,1.31419772,0,1,0.68,MEDIUM
114.52,35.096240800000004,229.850364,4.499629880000001,10.42313152,1.29485008,1,1,0.54,MEDIUM
