Sample_ID,Elevation,Slope,Aspect,TWI,LS_Factor,SDOIF,Label
1,119.44,36.830368799999995,116.86456079999999,3.46651308,9.013694119999998,1.28173328,0
2,156.2,28.5246668,184.633436,4.660536520000001,8.013824600000001,1.3595777600000003,1
3,162.56,38.336258,284.94243599999993,4.22779928,10.958017759999997,1.36505416,0
4,76.4,19.2713188,173.07644800000003,3.737840919999999,3.785719680000001,1.10081808,0
5,109.16,28.2579376,125.51257200000002,4.54205968,7.74252096,1.28422052,0
6,306.8,36.0860148,51.99482359999999,3.8189410799999997,9.288987479999998,1.3258067199999999,1
7,131.04,16.030554239999994,175.04085520000004,4.20951304,2.601523831479999,1.3214091199999998,0
8,139.64,28.853625599999997,207.73658800000004,3.3547579599999993,6.34837364,1.2879779199999999,0
9,104.08,23.347584,242.43053200000003,6.5959653199999995,8.874313999999998,1.30311524,0
10,146.72,33.357264799999996,272.629144,4.1852438,9.091420040000001,1.29917508,0
11,137.92,34.07925519999999,64.539518,4.15194632,9.310489200000003,1.29615636,0
12,356.36,25.724335879999995,174.516564,6.082206839999999,9.196176479999998,1.32387588,0
13,49.4,26.900479999999995,257.2403279999999,4.6564470799999995,7.357345679999998,1.3490598,0
14,23.12,28.6420372,98.61776720000002,3.439620000000001,6.351566879999999,1.35133868,1
15,513.4,41.60047520000001,249.65608,4.3818155999999995,12.6855012,1.3160147200000003,1
16,301.6,39.1227396,248.93502,3.7985538400000007,10.702709320000002,1.28076408,1
17,258.68,20.9543324,59.9394008,4.819433640000001,5.34169368,1.3395122000000002,0
18,56.6,21.344167600000006,150.966916,3.4433816000000004,4.214322640000001,1.2547686799999997,0
19,688.12,42.7062252,186.08562400000002,5.4805004,16.793752,1.33425104,0
20,494.6,35.97855919999999,203.21233200000003,3.8752935199999996,9.499487440000001,1.3653488399999998,0
21,94.64,21.4716012,293.40505400000006,6.43220664,7.674338639999999,1.35879172,0
22,316.16,37.257294,230.90850399999997,3.0607373199999994,8.526437199999997,1.31031912,1
23,221.04,27.89456120000001,204.81989200000004,5.560675439999999,9.38310216,1.30713924,1
24,20.44,23.53768552,259.73670400000003,6.10921052,1.8833494696,1.3073278,0
25,77.96,33.113420000000005,131.78121199999995,5.35076648,10.855885359999997,1.3472836799999999,0
26,223.0,30.596391199999992,160.77228216,4.02052308,7.324439879999999,1.2957556799999999,1
27,103.4,38.7947644,290.6520599999999,5.24044512,14.074500000000002,1.29466912,0
28,105.8,25.19866176,86.58912559999999,5.452248040000001,7.586394200000002,1.3229532,0
29,173.6,34.8392636,89.7948576,4.21439428,9.747219440000002,1.33291244,1
30,162.0,31.6156916,215.52278400000003,3.378107,7.21156076,1.3183700800000002,1
31,194.92,19.103274680000006,205.24214800000004,3.7021727200000005,3.7429544000000003,1.19968904,0
32,467.64,27.81809479999999,61.062819600000005,3.56268712,6.1886478,1.28643956,0
33,47.84,20.6499328,240.58979599999998,3.8189427600000005,4.260623079999999,1.2769017999999999,0
34,143.16,34.294147599999995,87.31081760000001,3.848106999999999,8.8480468,1.27922384,1
35,121.08,32.01937480000001,306.007972,4.2606898,8.725034919999999,1.36284192,1
36,182.68,22.521377200000003,72.57659880000001,6.232764080000001,7.825249480000001,1.29762,0
37,17.04,29.492488,160.54541600000002,4.659701040000001,7.220310319999999,1.30535716,0
38,568.16,31.0366244,119.8278048,3.57387252,7.364145759999999,1.32961804,0
39,53.24,35.32444199999998,63.05427159999999,4.469215279999999,10.47781992,1.2944034800000004,1
40,155.44,31.8607928,122.43550000000003,4.5008500399999996,9.093641599999998,1.3536283599999996,1
41,292.96,33.46327519999999,155.74504,4.99679192,10.537449959999998,1.30951624,1
42,331.92,32.9858608,44.55203599999999,3.9159503199999994,8.546821360000001,1.3626123599999997,1
43,222.24,21.9126296,171.721708,3.746930880000001,4.64266764,1.3170890799999995,0
44,25.12,37.4395752,341.39645200000007,4.247782119999999,10.8245874,1.2999401600000002,0
45,610.8,29.9294364,336.980124,4.1128756,7.7043605600000005,1.32543068,0
46,416.56,42.47385799999998,229.562196,3.7685076,11.684087240000002,1.3327788400000005,0
47,87.72,33.723101199999995,295.56366399999996,3.8370055600000006,8.63150676,1.27688348,0
48,904.8,28.802560399999994,113.07369144,3.668837359999999,6.68543224,1.3199728,0
49,81.64,22.09109388,179.01927600000002,5.790006400000001,7.628684000000001,1.3059338000000003,1
50,231.6,33.9369756,200.74503200000004,3.7969953600000004,8.650637080000001,1.32272924,0
51,298.0,25.632202000000003,61.3963004,5.88029964,8.80617052,1.3067192,0
52,22.84,22.0084164,111.34286520000002,6.8026896,3.78916153288,1.3286764400000002,0
53,454.2,42.76551519999999,202.602136,3.849915719999999,12.04691032,1.3123497199999996,1
54,315.8,40.85204960000001,349.1070880000001,3.96367992,11.5533208,1.3148174800000003,0
55,106.68,20.159391199999995,110.4388508,5.95222008,6.22465736,1.117598,0
56,209.88,31.498763599999997,153.56987679999997,5.469215519999999,10.857650119999999,1.3042300799999997,1
57,122.96,29.442804400000004,310.65031560000006,3.6201980000000002,6.8197206800000005,1.27739304,1
58,162.88,24.42957652,231.03781528000002,5.251719359999999,7.105962440000002,1.3377304400000003,0
59,181.4,32.6428948,148.97711599999997,3.6007251599999996,7.88597232,1.2835677199999997,0
60,192.96,31.6569608,37.23341111999999,3.369525800000001,7.3438824,1.1951176399999999,0
61,160.48,29.360264799999992,295.80511200000007,4.739032000000001,8.5089314,1.27591292,0
62,632.08,39.9704288,110.51496199999998,3.3168930800000003,9.855617079999998,1.3320038399999998,0
63,366.0,28.6939728,270.7123095200001,5.3388982799999996,9.55569152,1.3269919200000002,0
64,416.0,22.987360799999998,228.03856000000007,4.319735520000001,5.492694480000001,1.2885307599999998,0
65,148.84,32.082252000000004,254.81147064000004,4.929912200000001,10.05596568,1.27736664,0
66,80.68,25.31266548,177.37461999999996,3.49319864,4.788223648000001,1.2837087200000001,0
67,253.88,34.9744508,326.86885200000006,4.85471872,10.97891536,1.35621068,0
68,315.32,46.1550488,171.778492,4.12845552,14.1399248,1.36435096,0
69,824.64,39.501433199999994,250.30121599999993,3.5763231199999996,10.15638124,1.3186544800000002,0
70,401.08,36.500942,177.72119199999997,4.8529734,11.811307799999998,1.32715288,1
71,217.04,45.72308160000001,217.9661158,5.259814399999998,18.099528799999998,1.28239444,1
72,41.96,14.12962588,181.62404800000002,5.08806044,2.5106185400000003,1.2737295599999998,0
73,226.16,30.757804799999995,168.218328,4.59800472,8.7788864,1.3164224399999997,1
74,184.48,36.8846456,92.76020279999999,3.6293111200000006,9.35224864,1.30737928,1
75,128.16,37.42500359999999,161.9168976,5.20138352,14.149914880000004,1.3185427200000002,0
76,192.44,30.27855960000001,265.4858736,3.3063861200000004,6.4933919200000005,1.30328672,0
77,76.8,28.8554572,216.05637600000003,4.72980092,8.319543520000002,1.18729528,0
78,110.24,23.7354164,278.881804,5.520180800000002,7.2920853200000035,1.27786876,0
79,189.36,29.4172672,330.30538887999995,4.13638624,7.5840608399999985,1.3063892000000001,1
80,466.12,31.511566,276.87343400000003,4.42922768,8.8551006,1.3519460399999996,0
81,272.24,28.53324919999999,158.612288,4.02304092,7.083989080000001,1.33399136,0
82,263.4,30.3861196,177.08095999999998,3.6470267600000006,7.25406296,1.3042519600000002,1
83,89.44,26.291503999999996,229.14338,3.6293384399999997,6.0132088,1.3585374799999999,1
84,121.76,18.364756679999992,274.33739600000007,3.6151895599999992,3.7431237679999994,1.28680892,0
85,90.88,12.030976,341.30281199999996,4.516783719999999,2.89651248,1.2884374399999998,0
86,142.48,32.37852399999999,92.46085199999997,3.3498068000000005,7.54435758,1.35257256,1
87,385.44,34.081756399999996,57.88932079999999,5.509483319999999,12.307132639999997,1.3692858800000003,0
88,7.08,17.876178319999998,169.68008599999996,5.4196263600000005,3.3099307997200005,1.3053211999999998,0
89,224.56,39.340298000000004,289.6157348,3.2453082799999997,9.45231792,1.3674195999999998,1
90,160.76,29.396928800000005,89.07094088000002,4.0253239600000015,7.334691799999998,1.3058383200000003,1
91,321.0,41.070101199999996,350.225012,4.376525839999999,12.621117040000001,1.3631577599999998,0
92,21.88,39.539542,168.236692,4.30299416,11.820830040000002,1.24666512,0
93,169.6,25.8480628,232.83761808000003,3.33067596,5.463001639999999,1.3380441200000004,0
94,92.16,33.162945599999986,29.963724799999994,3.8493364799999994,8.42726648,1.366476,1
95,415.92,38.190853999999995,245.64993199999998,5.69149884,14.828431600000002,1.3154586799999999,0
96,41.92,29.022706399999997,300.4342,3.321960360000001,6.310654960000001,1.36654636,1
97,33.12,24.908899199999997,42.25469400000001,5.1482624,7.250282880000002,1.3566462800000003,0
98,640.84,30.641712400000007,134.76375199999998,4.0608034,7.889724319999999,1.34417028,0
99,235.16,37.12249559999999,246.23025072000002,6.264510200000001,16.050586400000004,1.2779042399999998,1
100,147.48,21.443980399999997,176.993084,3.60406972,4.31363392,1.28984212,0
101,104.64,46.775544,238.90356400000002,2.6359579600000007,10.513854920000002,1.3023648399999999,1
102,60.72,20.049719359999997,224.19471200000004,7.68678808,4.6278850590000005,1.34084784,0
103,299.56,13.397613319999996,182.46659599999998,6.038121680000001,3.56403610432,1.28796856,0
104,60.32,20.627713600000003,184.12987288000005,7.2208425599999995,7.7740355999999995,1.3541555999999997,0
105,113.64,26.883684000000006,137.83787599999997,4.614995120000001,7.2968722,1.30586816,0
106,421.68,39.38950239999999,122.10295599999999,3.4047948399999997,9.814202,1.31706524,0
107,241.56,41.73912400000001,91.29083560000002,4.02108792,11.972886199999998,1.3025986400000003,1
108,343.08,27.3147936,329.8944212,3.98807096,6.61829836,1.3320827199999996,1
109,270.0,25.617534399999997,169.36895199999995,4.061887359999999,6.102409359999999,1.33570464,0
110,19.16,22.68279248,167.045148,5.505810240000001,4.131485925560001,1.30880304,0
111,529.64,45.90956,113.6655128,2.8955894800000004,11.044792039999999,1.36274432,1
112,258.84,27.473652800000004,120.42073239999998,4.554048240000001,7.666000079999999,1.32323164,1
113,54.0,24.962762799999997,252.02264399999996,4.941524919999999,7.06692624,1.2834279999999998,0
114,304.04,20.855948119999997,277.574372,5.05137988,5.472534316,1.30155412,1
115,347.56,16.5079072,279.03062399999993,4.128022199999999,3.321482679999999,1.2841650800000002,1
116,486.88,25.852929999999986,242.719692,4.469376440000001,6.70661088,1.3192660799999998,0
117,324.76,31.872069600000003,66.3141192,4.402983840000001,8.97659004,1.3327924800000002,1
118,171.48,27.136596799999996,92.1126816,4.87279672,7.770707120000002,1.3168121199999998,1
119,82.96,27.821564400000003,270.289412,3.3030593600000007,6.20721972,1.2976900400000002,1
120,475.8,39.1419152,63.989165200000016,2.7348890400000005,8.6784418,1.32838528,1
121,142.88,30.03803532,94.55776519999999,5.02139736,9.06573476,1.3346711999999998,1
122,179.76,38.96503920000001,325.18676768000006,5.20366284,14.197434079999999,1.2989081999999998,1
123,279.84,38.570782,268.35445424,4.070317519999999,11.03614604,1.3043933999999995,1
124,245.2,27.4430484,332.4386039999999,4.044991039999999,6.74446756,1.36644532,0
125,218.36,38.774333599999984,249.9417880000001,3.6305531999999996,10.060763959999997,1.2856769599999998,1
126,630.76,29.427953199999987,333.75182087999997,5.0074071600000005,8.970397519999999,1.3449962,0
127,85.84,26.85650188,205.042996,5.00287412,6.71883355768,1.2958095999999997,0
128,272.64,29.532047600000002,146.69382080000003,4.11289868,7.563344600000001,1.33109628,1
129,110.2,16.70349892,315.05834200000004,5.318972239999999,4.833436524,1.27979952,0
130,98.96,18.8628108,119.71726000000001,4.08391148,4.0445406639999995,1.2337211600000002,0
131,383.28,29.106355600000008,51.15234079999998,4.016459919999999,7.287952919999998,1.36894948,1
132,363.76,30.988727599999997,255.85121096,4.556614679999999,9.059949920000001,1.3283079599999998,0
133,396.24,34.292286000000004,169.98610079999997,4.915104479999999,11.30029728,1.3286181200000002,0
134,233.76,27.0337416,56.371364,3.3863553200000003,5.800884999999998,1.26932396,0
135,281.92,23.581274359999995,108.27362439999999,5.973740319999999,7.41247922684,1.3305818000000003,0
136,516.52,23.0702336,224.97080799999995,5.443199679999999,6.90602168,1.33318612,0
137,310.4,19.2951548,101.0602592,4.43610396,4.42406765316,1.28946576,0
138,596.0,43.729012399999995,41.607904399999995,3.56417748,11.633711879999998,1.34546216,0
139,447.44,11.37340844,207.65040000000005,4.33309712,1.2503426242,1.29743232,0
140,191.36,43.113414799999994,319.258412,5.283991239999999,16.693839600000004,1.3143661599999998,0
141,73.0,19.2915752,194.40493600000002,4.1926492,4.3211488,1.2877303600000003,0
142,296.52,21.066413200000007,103.01770479999998,4.134042880000001,4.614422360000001,1.3155079199999997,0
143,59.72,31.34010159999999,99.85091480000001,4.22313716,8.37001164,1.3545558800000002,1
144,312.6,24.914016799999995,105.21629288,4.961568960000001,6.9094716,1.32957616,0
145,147.76,37.09729639999999,301.057864,4.767291639999999,12.007341399999998,1.2943470800000003,1
146,351.32,21.008037599999998,112.62787560000001,5.7592403600000015,6.27332264,1.32650804,0
147,175.2,42.00691480000001,269.73092,5.050438000000001,14.884656,1.2765212400000001,0
148,245.16,33.14051239999999,285.19037999999995,4.139432,9.044159839999999,1.35944084,0
149,67.4,17.672983200000004,39.25468679999999,6.46795448,5.970753320000001,1.3024291999999997,0
150,408.08,38.976382,178.99867999999998,4.576429999999999,12.22377532,1.33037856,1
151,11.44,29.6356168,234.48177600000002,4.286069880000001,7.939862400000001,1.2849844799999999,0
152,114.52,16.0981756,248.50709600000002,5.119719839999999,3.4388218683199994,1.36076996,0
153,423.64,40.224006,61.5718336,4.92406848,13.572967720000001,1.32623152,1
154,439.76,44.679184400000004,186.97035599999998,3.7100408400000005,12.3640936,1.3634623599999998,0
155,539.68,18.9020312,258.874796,4.81827524,4.63257612,1.36506856,0
156,152.44,28.01654039999999,190.46291200000007,4.753979600000001,7.99560288,1.3602725200000003,0
157,247.92,29.305360399999998,121.80771999999999,4.403635,7.894602320000001,1.3282248800000003,0
158,323.48,28.234502799999994,164.59983600000004,4.79045004,8.09964948,1.3375389999999998,1
159,311.16,35.5102304,286.2116599999999,3.9902404799999998,9.53767864,1.33780152,0
160,301.84,18.235024359999997,210.12672999999998,3.13796284,3.1934121639999997,1.3608158399999999,0
161,431.68,48.903006000000005,198.904568,2.8025805200000002,11.66305008,1.31358832,1
162,120.36,23.798918000000004,302.3482,4.65829744,6.145067839999999,1.2844823999999997,0
163,321.8,26.991449999999997,81.86638399999998,5.3543413599999985,8.5592594,1.2839576799999994,0
164,154.44,48.31191092,284.96623559999995,3.6727554,12.167632324000001,1.33273932,1
165,143.12,29.15664628,225.01558479999997,2.68197708,5.654888028,1.2565662000000002,0
166,349.72,34.4660804,160.2198412,2.8313161599999996,7.028056959999999,1.32840316,0
167,115.24,24.75765764,140.56739559999997,3.6878558399999997,5.62930054656,1.31477396,0
168,116.12,31.998571600000005,165.46588599999998,3.8124922799999994,7.203204039999999,1.3138342,0
169,47.28,22.147175359999995,127.345516,5.146673760000002,6.45194156,1.1717136000000001,0
170,381.64,27.60241759999999,76.3353884,4.08252812,6.88121808,1.2968966,0
171,206.08,42.757817199999984,90.4823728,4.1250743199999995,12.596339039999998,1.30004736,1
172,69.32,23.989354560000002,116.33450400000001,4.281221119999999,5.430722887999999,1.2954246,0
173,162.88,28.033950800000007,292.82517599999994,6.424457960000002,11.170229240000001,1.3394412400000002,0
174,51.84,16.455454,213.56970399999997,4.80713852,3.5194128439999997,1.30047184,0
175,279.8,34.079187999999995,150.01635492000003,4.222748880000001,9.296023839999998,1.36770272,1
176,234.36,15.982489479999996,116.18220399999998,5.87798924,3.8238905602799997,1.33874912,0
177,14.36,16.09842496,204.186156,6.34479468,4.471782826359999,1.2754085999999998,0
178,305.96,33.680189600000006,53.53995440000001,4.033845199999999,9.003173160000001,1.3068363600000004,1
179,144.76,23.9407168,213.84173079999997,6.04004776,8.2257448,1.3357907599999999,0
180,603.4,25.105346000000004,144.31174799999997,5.07101424,7.232648,1.3400830800000003,0
181,98.56,11.833405399999998,110.86260200000001,8.263092559999999,5.27763003444,1.33425932,0
182,170.12,32.6930516,219.992124,3.7937715199999995,8.169920959999999,1.3188212799999999,1
183,50.44,18.174839199999997,109.434594,3.8595363999999996,3.844108381560001,1.3139973200000004,0
184,163.68,30.334963999999996,147.96418400000002,3.8692203999999997,7.522891920000001,1.2935766000000002,1
185,24.72,35.0325644,116.98119519999999,5.19052472,5.028697986679999,1.3079331599999997,0
186,459.84,31.144364799999995,174.30457199999998,4.628184559999999,9.158947439999999,1.3169380400000004,1
187,623.6,30.6883744,202.37063200000003,3.6463364400000002,7.554066639999999,1.358838,1
188,24.56,24.2060908,143.95971600000001,3.46496776,5.181957583999999,1.1625232799999998,0
189,272.32,21.8512128,157.70549200000002,4.4629578400000005,5.17366524,1.29795928,0
190,85.64,29.183621599999995,319.59984576000005,5.403862800000001,9.61737748,1.3127746800000002,0
191,42.36,45.591436800000004,321.562572,3.45277296,12.056307319999997,1.3043521999999999,0
192,226.36,22.397310400000002,116.67870000000002,5.05591892,6.166828280000001,1.3053505200000002,0
193,36.16,21.38739252,258.77046799999994,5.931954199999999,4.1905786684,1.28743432,1
194,155.52,24.954698000000004,294.70945688000006,4.61467348,6.5711698799999985,1.2714919199999999,0
195,82.56,31.054815199999993,336.5255639999999,4.540980600000001,8.839854160000002,1.36231344,0
196,333.68,30.9449672,192.542492,3.3527715200000006,7.0242038,1.30435744,1
197,76.76,34.81780719999999,331.04329200000006,3.48419452,8.44730052,1.3373219600000001,1
198,177.72,31.764584,152.13818400000002,3.39859632,7.45659572,1.3053131999999998,1
199,186.36,38.160025999999995,156.754988,3.7725649999999997,10.181490239999999,1.2999402400000002,1
200,252.44,37.2135524,194.86772000000002,3.9743780400000004,10.16172648,1.2297242400000001,0
201,58.88,27.276374399999995,193.8987768,4.01761252,6.60667884,1.28715488,0
202,187.64,31.788882400000002,116.79199360000001,4.158481879999999,8.452635,1.3387894,0
203,348.72,32.720908400000006,183.211512,4.96163488,10.052845599999998,1.31703388,1
204,294.2,26.996578400000004,305.462188,3.8642115199999996,6.645373799999999,1.3048485600000002,1
205,306.84,24.88364548,269.2953360000001,3.3229379999999993,5.294085956,1.2898012,1
206,154.24,34.60147,121.58394520000002,3.0303873599999998,7.55404312,1.2993797999999999,0
207,266.08,32.05282,133.17200079999998,5.107557119999999,10.338312319999998,1.35909124,0
208,115.16,21.40395748,303.7289199999999,5.614070200000001,6.448522639999998,1.2866644,0
209,28.2,33.476503599999994,241.80499200000003,2.7455612399999993,6.899246403999999,1.27402572,0
210,321.84,45.954631199999994,111.57043400000002,5.225517399999998,17.099497999999997,1.3002019599999999,1
211,54.6,23.17134796,186.71754079999994,3.14744656,4.5220177040000005,1.2724280799999999,0
212,140.88,29.389426399999994,201.68647511999995,6.448099279999999,11.83870044,1.2779238799999997,0
213,196.16,24.15133932,314.519796,5.15539756,7.196043719999998,1.3379039199999996,0
214,365.8,17.65812664,146.91136399999996,3.725027840000001,3.3726791160000005,1.2980110400000004,0
215,160.72,23.9718152,215.50245200000006,5.90141568,8.06125888,1.14931496,0
216,321.96,33.7008396,103.3339664,3.67814296,8.525638800000001,1.3414860000000002,0
217,175.64,22.131061999999996,74.29816040000001,4.51866408,5.445172240000001,1.3003628,0
218,203.16,32.371586799999996,202.94122799999997,5.573312480000001,11.57431044,1.24864876,0
219,49.96,24.95636519999999,279.801188,4.5577727999999995,6.54195656,1.3261098400000002,0
220,194.12,34.2974024,329.18928400000004,3.91526756,8.983190279999999,1.2797728000000002,0
221,114.88,38.1408592,276.133372,4.11198712,10.783850800000003,1.25495784,0
222,126.88,22.846273079999996,321.60744,5.772717680000002,7.15179932,1.1229445599999999,0
223,216.32,15.508888959999997,143.548704,5.0476942,4.256600079999999,1.321839,0
224,64.16,27.086051999999995,307.2680200000001,6.05966868,9.85756336,1.3321789199999998,0
225,57.6,18.260348799999996,77.0059444,6.541700039999999,6.694267120000001,1.25640308,0
226,73.6,32.873098399999996,112.81838480000002,3.5362463199999996,7.9372872800000005,1.28209312,1
227,186.04,38.10226119999999,72.4727856,3.93615304,10.436179280000001,1.2664528,1
228,45.6,24.565937200000004,307.09974400000004,4.976933599999999,7.1697015199999985,1.36661904,0
229,69.2,18.807167600000003,184.71135600000002,4.51898204,4.47925576,1.0973541199999999,0
230,28.12,27.2011068,100.53507879999998,5.994487760000001,9.914840680000003,1.2901115200000002,0
231,89.6,31.3550024,288.214476,4.263479200000001,9.12862212,1.30983336,1
232,133.64,22.460097599999997,281.196204,5.7573227199999994,7.0266715600000005,1.3004169200000002,0
233,234.44,33.73778239999999,49.40060479999998,5.213231360000001,11.31420728,1.2783543999999998,1
234,316.32,37.26311799999999,239.252356,3.14236964,8.724284759999998,1.2808067600000002,1
235,282.6,30.874885199999994,20.7554088,3.85166224,7.6467662800000005,1.3347107600000003,0
236,58.64,29.867656240000002,232.764264,3.4573871199999995,6.027890706479999,1.28849456,0
237,214.16,31.97525599999999,89.77063480000002,6.7679250400000015,14.571580839999998,1.26889404,0
238,393.48,29.8390128,120.04034240000001,4.2804828,8.07692348,1.32817276,1
239,41.72,18.428200240000002,176.12049999999996,3.605271399999999,2.57127141632,1.3422544399999998,0
240,194.6,31.860612,121.5864936,4.61488048,9.270835920000001,1.33253984,1
241,21.84,22.181166799999996,257.580952,4.92707556,5.588872400000001,1.22429456,0
242,142.84,33.80566120000001,95.9616844,3.6007847600000003,8.28143812,1.3349716799999998,1
243,214.2,28.1511768,182.83800399999996,3.7001073200000008,6.476130920000002,1.3206233600000001,0
244,160.24,28.169103199999995,250.58414920000004,5.300326360000001,9.201630639999998,1.33880888,1
245,94.96,30.794171999999985,249.64238799999995,4.26521848,8.27069052,1.35011596,1
246,157.2,30.0787904,310.78862888,4.31332428,8.04741472,1.2820872399999999,0
247,355.8,35.9465456,66.00360759999998,3.3602931199999997,8.529586479999999,1.2798224799999998,0
248,50.84,43.586631199999985,235.350068,4.432119320000001,13.75915448,1.3099424,0
249,423.24,28.331838799999996,49.69756879999998,4.49525332,7.74640272,1.32746304,1
250,75.24,23.60064068,238.047496,9.598121440000002,1.25206123616,1.3589230799999998,0
251,377.0,26.388933600000005,225.41416399999994,4.703722040000001,7.26184592,1.31148304,0
252,295.64,34.0351664,171.70270800000003,4.742052920000001,10.750183040000001,1.3401305600000004,1
253,282.52,17.3936988,145.626,4.51978128,3.8099402,1.2999668,0
254,566.72,27.8230948,58.002066799999994,3.1881546,5.78993292,1.3245673199999999,0
255,36.84,17.585908279999998,300.08926599999995,5.363169640000001,4.06543122976,1.3623634399999998,0
256,256.32,27.107112800000003,91.7181484,6.271803640000001,10.247884319999999,1.3374970000000002,0
257,297.64,34.25821,271.54777584,6.05524188,13.69373292,1.31286856,1
258,232.08,28.100065600000008,295.12402399999996,4.302460479999999,7.310624520000001,1.3140269599999999,1
259,30.48,19.428654679999994,204.28320639999998,3.41568348,3.7387228520000004,1.2669219200000001,0
260,457.04,27.5730332,287.75901999999996,4.22370148,7.019829519999998,1.3197676400000002,1
261,131.4,25.239023600000007,279.46646799999996,3.60829848,6.30984464,1.29975336,1
262,101.92,15.105764399999998,237.39241199999998,5.869543640000002,3.3450449698799996,1.36024552,1
263,469.88,37.86328199999999,24.43156704,4.274759640000001,12.466372400000001,1.3706319999999999,0
264,111.56,19.20087,346.461612,5.72612736,5.619746879999999,1.3659649599999997,0
265,413.8,32.942588,305.66455199999996,3.99583928,8.60411788,1.2807984000000001,0
266,67.04,34.60346508,285.36622932000006,2.7254255599999997,7.116574624,1.31428308,0
267,280.28,25.460379999999997,284.29084,5.02410108,7.362096159999998,1.28901992,0
268,363.24,21.816750799999994,289.510014,7.195129919999999,8.40743904,1.3538641200000001,0
269,181.64,24.04894196,289.901456,5.138504199999999,5.861404479080001,1.3105195600000001,0
270,77.16,28.705195999999987,246.63374399999998,5.466055520000001,9.521780599999998,1.26100076,0
271,49.92,13.026969639999999,123.98580799999999,6.836164240000003,2.44166371268,1.2895340799999997,0
272,354.56,25.340748400000003,230.17811200000003,3.5340915200000005,5.468154879999999,1.3160352000000004,0
273,242.84,28.507306399999997,165.92522,3.6756526799999993,6.572234999999999,1.2962387999999998,0
274,182.8,31.363844680000003,259.2432624,5.012917759999999,9.322944280000002,1.30240328,0
275,407.2,31.397566799999996,69.114308,4.429911519999999,8.74380556,1.32905028,0
276,547.72,24.796513200000003,103.83246695999996,3.5885624399999996,5.31906944,1.3281952400000003,0
277,106.12,27.35600212,117.54706879999998,3.9199005600000003,6.279145120000001,1.29908176,0
278,322.04,34.9582056,317.72709352,4.18816576,9.72608228,1.3574435999999996,0
279,81.96,35.40612879999999,342.802568,3.45915456,8.612965319999999,1.10616216,0
280,528.88,35.57462279999999,231.34233599999996,3.2138372,8.223182840000002,1.3342589599999999,1
281,298.36,28.649151200000002,326.9515320000001,4.875804240000001,8.504705199999998,1.3675741199999998,0
282,269.24,28.226922799999997,90.1374416,3.8081558799999997,6.629135879999999,1.3283262,0
283,716.52,20.728624,156.011858,5.3420421199999994,5.800370200000001,1.34686796,0
284,268.84,30.66866,299.39671568,3.43477444,7.001661559999999,1.3677612000000001,1
285,182.28,34.9446672,121.64776399999997,4.15805364,9.68184244,1.26536308,0
286,49.68,31.686417599999995,233.89472800000004,6.55512524,14.09486864,1.3464210799999998,1
287,239.36,24.2190172,319.28565199999997,4.5355297199999995,6.278188959999999,1.3297063199999999,1
288,234.04,37.135418800000004,272.2595559999999,3.081726320000001,8.501157040000002,1.3009730399999997,1
289,364.2,14.137997599999998,247.0609448,4.096243919999999,2.595889808,1.2906353599999998,0
290,121.84,21.301332,330.8144840000001,4.428059319999999,5.065072999999999,1.3554451600000004,0
291,64.72,19.573291599999994,330.551224,4.14714932,4.158325879999999,1.2758442399999999,0
292,49.52,20.81481080000001,261.57000800000003,5.914838520000001,6.542161559999999,1.29583696,0
293,202.4,44.7300696,209.687388,3.3536697199999996,11.474260640000002,1.29247516,0
294,215.4,16.023734279999996,265.98781599999995,5.9467827200000025,4.4288628,1.2919552,0
295,457.04,43.11984480000001,196.028188,2.9553862000000004,10.20960756,1.30982812,1
296,369.72,30.409383999999992,279.7418200000001,4.287737720000001,8.178616799999999,1.3441675599999998,1
297,221.56,25.430615999999997,68.3351672,4.07543312,6.193345999999999,1.1474505600000002,0
298,318.8,35.39039759999999,256.20394799999997,3.4615915999999998,8.5380338,1.3042417599999998,1
299,695.08,34.95667759999999,202.507064,4.95615432,11.364149159999997,1.3344480399999998,0
300,457.72,42.7929204,192.42527200000004,3.9180858399999994,12.217792000000001,1.3107161600000001,1
301,687.04,29.29298080000001,30.551265200000003,4.24045932,7.6368866,1.34779284,0
302,365.08,26.860532799999998,333.3479319999999,4.4972417600000005,7.0893290800000015,1.2866065999999998,0
303,174.08,24.232579600000008,224.42041199999997,3.863123639999999,5.44231152,1.29814732,0
304,482.24,30.064903599999994,325.2256168800001,4.19567936,7.981556119999998,1.3188963999999999,1
305,81.8,26.044155200000006,94.17940920000001,4.20418448,6.45818124,1.30775824,0
306,189.84,26.598370839999998,194.2246612,5.43106988,7.837826241280001,1.33462908,1
307,103.28,16.200261600000005,267.137384,6.952499200000001,5.78569068,1.3426598800000002,0
308,540.2,46.6040884,294.20786799999996,3.44901128,12.235587720000002,1.3153435999999998,0
309,131.04,31.267897599999987,101.28817239999998,4.029741640000001,8.108525160000001,1.3360910000000001,1
310,209.84,32.095892799999994,280.5563616,3.4189471200000003,7.4786113599999995,1.3330528,1
311,25.32,22.652949599999992,99.84385559999998,4.131397720000001,5.167281040000001,1.2702508000000001,0
312,149.56,21.836789999999997,98.7104556,5.17604176,6.681506559999998,1.3612545199999997,0
313,293.32,54.452727599999996,296.45984536000003,3.6756804800000005,15.926749200000007,1.35148092,0
314,324.24,35.788758,257.95148800000004,4.19327996,10.086623960000002,1.3682498800000003,0
315,145.4,17.269338,289.47479999999996,6.9425263600000005,5.097063716000001,1.3250634,0
316,114.96,28.8216208,160.779416,5.251689560000001,9.21406464,1.3129479200000003,0
317,40.68,18.876444279999994,235.85357599999992,3.6601518000000004,3.6905815439999996,1.35656588,1
318,97.16,24.909890519999994,59.122681199999995,5.256934360000002,6.34515943524,1.09918848,0
319,423.76,28.239769599999992,119.010352,4.418157679999999,7.52261632,1.3331398800000003,0
320,91.28,29.844977479999997,215.309972,2.9656947599999994,6.258945679999999,1.32702612,1
321,195.28,26.38937159999999,223.3718060000001,3.2895164399999994,5.4601374,1.36215708,0
322,250.4,50.96623399999999,232.03442776,3.5270189999999992,13.508039680000001,1.2908376400000001,0
323,75.48,20.0235924,174.52266,4.915159999999999,5.1101621999999995,1.3054895599999998,0
324,67.52,21.172466399999998,234.147296,5.38759572,5.924325240000001,1.2761172400000005,0
325,616.12,35.08786879999998,249.08229599999999,4.935967160000001,11.390587519999999,1.33749848,0
326,623.56,26.361841999999996,93.78451279999997,4.781785520000001,7.623766119999996,1.3360445599999997,0
327,334.64,11.135240719999999,229.2504,5.228574879999999,2.4663538117999995,1.3018458800000001,0
328,144.52,22.119895319999998,247.111702,3.6755762,3.97885548568,1.2995248000000001,0
329,256.68,33.47105359999999,110.51486919999998,5.56542932,11.915393799999999,1.2948164800000002,0
330,73.0,23.8673656,84.8231824,6.882200760000001,9.761144320000001,1.27744596,0
331,100.48,22.151252400000004,106.70608799999998,6.563788360000001,8.148533999999998,1.2415222399999997,0
332,96.28,31.88089536,218.94706400000004,6.30762184,11.379177520000002,1.27470428,0
333,288.04,15.66775588,239.63624400000003,4.254745120000001,3.2041889599999998,1.3049049200000002,0
334,48.88,22.1407312,190.80493599999997,5.77683636,6.9572806400000005,1.112,0
335,121.96,28.057018399999997,171.306708,3.45509568,6.369509840000001,1.10424,0
336,71.2,38.667385999999986,52.55180759999999,3.42976224,9.545987599999998,1.29517904,1
337,223.64,30.40855399999999,200.77910000000003,3.6455411999999994,7.417142359999999,1.3275138800000001,1
338,239.4,38.84537,274.33637999999996,3.313410120000001,8.748734719999998,1.29948004,1
339,65.0,28.77440399999999,27.105849199999998,4.56160052,7.977350960000003,1.1821735999999998,0
340,412.56,20.53124028,122.85039719999999,5.34456396,5.82053188,1.30003532,0
341,207.44,35.811362,169.01121600000002,4.62988484,10.930994759999999,1.3085729600000002,1
342,620.92,36.594519199999986,306.51297999999997,3.9632574000000007,9.89343216,1.34288376,0
343,485.72,48.120320000000014,168.00283199999998,3.2310590000000006,12.50354592,1.3094574399999999,0
344,294.4,38.3767596,141.99873172,5.1275869599999995,13.175088319999997,1.2954253600000003,0
345,316.92,31.699179200000007,219.02106799999993,4.484433360000001,9.039269919999999,1.3200301599999997,0
346,295.64,18.289424399999994,265.604268,6.5113014,6.27765136,1.3211728,0
347,152.72,28.0229832,26.9884132,5.44447752,9.157758840000001,1.2658783200000001,0
348,178.12,25.954217600000003,22.804905999999995,4.079152520000001,6.250502279999999,1.26684284,0
349,252.88,28.57918679999999,336.72469199999995,4.32848712,7.522596799999999,1.2833131599999998,0
350,200.44,20.767566520000006,196.708608,4.3962661999999995,4.672501988,1.300848,1
351,541.8,43.068622799999986,309.53208400000005,3.8318836400000014,12.085101679999998,1.3235865999999996,0
352,268.48,37.26481600000001,264.28210800000005,3.7650623200000006,9.625421039999999,1.3019388,1
353,302.2,33.159545480000006,307.123888,3.4734357600000005,8.38625844,1.29787736,1
354,400.52,28.58442759999999,108.0523568,5.29037124,9.119264000000001,1.3265483599999999,0
355,206.0,35.91778360000001,163.35853268,3.1658414000000006,7.285951048,1.2695168000000001,0
356,557.04,34.173283600000005,166.82876800000003,3.8049132800000005,8.838309479999998,1.3307234799999998,0
357,509.72,14.79010876,349.692604,4.2273048,3.3534126399999997,1.31997884,0
358,24.48,14.42934792,212.35124400000004,5.18559036,3.51184236,1.2393807200000002,0
359,79.68,26.746132800000005,153.31309999999996,5.17035748,7.211742919999998,1.2985532800000001,1
360,74.76,13.026705440000002,136.103892,4.874233360000002,3.5273609680000004,1.28940136,0
361,27.08,29.770978799999995,315.724828,4.9535422,9.029338639999999,1.2908729600000002,0
362,606.16,38.765260799999986,43.82694448,3.98906496,10.99985048,1.35038376,0
363,259.08,30.91116439999999,278.8964600000001,5.367939679999999,10.2189056,1.315203,1
364,400.32,25.278239999999997,166.1311796,4.78170136,7.143318720000002,1.3319137600000002,1
365,313.92,23.1742324,63.237923200000004,5.24610864,6.793540480000002,1.3679719599999998,0
366,573.56,22.687108399999996,269.07375199999996,6.060801640000001,7.619647679999998,1.3547802000000002,0
367,351.92,14.233926039999997,258.010212,6.198526280000001,3.854646400000001,1.30255652,0
368,375.24,24.704602800000004,245.296248,3.98032792,5.701358839999999,1.36115252,0
369,142.44,31.064990800000004,236.806324,3.69024848,7.4597077600000015,1.3585726,1
370,517.12,40.9456692,108.1431132,6.339275799999999,19.38257356,1.3154339199999998,0
371,336.16,40.235958000000004,181.05988799999994,3.8468896800000003,11.083853400000002,1.30881272,1
372,199.6,23.460743999999995,127.60182799999998,3.8030928400000006,5.0849732,1.27658496,0
373,82.32,25.902905999999994,64.5213084,4.1202529199999995,6.224273919999999,1.2401264799999998,0
374,115.4,29.938962399999994,167.246268,4.18000468,7.838210239999999,1.3212919200000002,0
375,180.08,28.0190932,315.925628,6.895930519999999,12.44889568,1.3668149600000004,0
376,130.6,30.48901519999999,290.11964800000004,3.8910276799999997,7.56920128,1.3098585200000001,1
377,254.76,20.727032799999996,276.71894,5.314447599999999,6.120528800000001,1.3041714800000002,0
378,31.96,18.722269079999993,215.31228799999994,6.8851341999999995,6.182610704480001,1.2834681600000002,0
379,333.4,13.944921239999994,216.436204,4.521016079999999,3.01764092,1.3017461599999998,0
380,740.44,17.2482944,210.29582799999991,4.48589648,3.76721432,1.3232456,0
381,354.76,20.638474799999994,232.06424799999996,6.664303879999998,7.43458812,1.3007031200000003,0
382,424.96,22.516325199999997,257.9107336,4.435235320000001,5.5342913199999995,1.2934039199999998,0
383,219.76,23.28766119999999,141.57083200000002,3.4314828000000004,4.795327359999999,1.3329175600000003,1
384,142.68,18.214336799999998,220.85101999999998,3.7255500799999997,3.9866818148400007,1.3015686400000004,0
385,235.8,37.3575412,264.05314400000003,5.431818800000001,13.761938400000002,1.2814490799999998,1
386,423.6,39.191192,186.633892,3.4700428,9.893195000000002,1.3124601999999999,0
387,288.6,26.319120400000003,163.873128,3.741565,6.040330319999999,1.3271216,1
388,183.36,28.303697599999992,139.465636,3.457179160000001,6.28710828,1.1462648800000002,0
389,404.2,40.8504716,96.09578680000003,4.1208516,11.902458039999999,1.3071104000000002,0
390,129.56,36.756145599999996,277.919588,3.43860732,9.152521479999997,1.27774864,0
391,13.88,19.136379999999996,172.36574760000002,4.60602852,4.40393042928,1.31311592,0
392,601.28,31.93789839999999,242.897012,2.7857701999999995,6.5230614399999975,1.3351154,0
393,259.92,33.1666968,118.44383599999998,4.98754164,10.581125039999996,1.29606024,1
394,286.32,30.03105200000001,122.70255600000002,4.2482084,7.99126824,1.3519978399999997,0
395,340.28,20.388993199999994,283.77777599999996,4.362809080000001,4.85095012,1.33228588,0
396,44.2,31.457452,59.68171960000001,3.6700032000000005,7.5925777199999995,1.2434799600000002,1
397,312.6,31.6796452,99.2823084,5.191896400000001,10.149789599999998,1.2825392400000002,0
398,327.92,33.2697924,315.59467200000006,3.638421880000001,8.127868280000001,1.2910243600000002,0
399,89.48,31.376580399999998,162.721632,4.732861440000001,9.301602760000002,1.10901276,0
400,197.0,33.9257732,117.07180480000001,3.4376490799999995,8.326977079999999,1.31666512,0
401,226.6,33.4590876,85.3014424,4.40231612,9.5940382,1.3324221200000002,0
402,96.24,18.288116679999995,145.86029599999998,5.19428644,4.36573849832,1.29733228,0
403,69.92,20.748311199999993,181.6174528,5.545296280000001,6.1278443199999995,1.3393119599999996,0
404,267.6,30.962472400000006,138.599944,4.294356919999999,8.37615008,1.3046081600000001,1
405,169.88,30.286241999999987,221.76664000000008,3.6179000399999994,7.1098589599999995,1.1926934000000002,0
406,196.12,18.04929828,254.32785599999997,6.18141568,5.64560104,1.33439932,0
407,30.8,17.618853879999996,255.07876,3.8915407999999996,3.4025775040000004,1.2728304799999999,0
408,363.72,25.6903316,141.41462400000003,4.954648200000001,7.4130271200000015,1.3211296,0
409,265.68,24.175953359999998,173.80269600000003,2.98937716,5.092088119999999,1.28171612,1
410,33.32,22.536574120000004,78.4131484,6.0509273199999996,7.03747588,1.3548832399999997,0
411,654.6,27.198579599999995,27.635194800000004,5.48751884,8.93661564,1.32546908,0
412,89.2,31.379044799999996,331.45738800000004,6.636913400000001,13.651069159999999,1.215841,0
413,46.56,18.25028588,336.88303999999994,5.12650044,4.318881600000001,1.30495024,0
414,207.8,23.6361228,94.5781868,6.70210676,8.7121096,1.3189132799999999,0
415,205.08,27.18844119999999,340.84217599999994,4.18321604,6.801311440000001,1.24528508,0
416,295.08,22.795136,50.369965360000016,4.94453548,6.025564439999999,1.2894159600000001,0
417,321.72,30.630556000000002,32.27569799999999,5.96364744,11.8800386,1.3186018400000001,0
418,188.52,35.4969268,218.66355599999994,3.330063320000001,8.416004480000002,1.30079068,0
419,686.72,31.54556599999999,66.44104607999999,5.451966359999999,10.853964719999999,1.3439965600000001,0
420,164.76,16.95751999999999,123.79738400000002,4.332053719999999,3.5621594799999996,1.10195908,0
421,303.36,27.163604919999994,254.66815199999996,3.7840022799999997,6.46338748,1.31554068,0
422,693.48,42.5455224,147.555952,3.481092119999999,11.07991864,1.34512652,0
423,542.88,40.1313488,118.22684,4.18295828,11.691248120000001,1.3181929199999995,0
424,238.2,33.483305599999994,337.189676,4.304666839999999,9.4099466,1.32891296,0
425,33.28,22.501135999999995,177.4489928,3.6454997600000003,4.25005236,1.28979816,0
426,25.04,45.82707479999999,89.69880280000001,3.68571556,12.518874760000001,1.2738914,1
427,59.96,26.897758000000003,136.95379847999996,5.12219788,8.071299800000002,1.3631164,0
428,313.92,15.18381052,287.23094399999997,3.6565178400000002,2.6619975949600003,1.3508829999999998,0
429,275.36,29.244705600000007,235.10605999999999,3.6216401599999997,6.79137428,1.3059574,1
430,159.72,27.5440596,69.05685680000002,4.045057839999999,6.710192239999999,1.3458256799999995,0
431,94.88,30.47103559999999,37.2253072,4.3023089599999995,8.21820552,1.2784888400000003,1
432,143.2,42.8741716,241.078492,4.74835664,15.048650680000002,1.2951934399999998,0
433,176.92,34.01131519999999,45.01841439999999,3.4428779999999994,8.186002959999998,1.33414228,1
434,126.88,26.682543199999994,266.275288,5.69061916,9.758616159999999,1.2641565199999998,0
435,90.68,31.59517479999999,322.949646,3.0882984000000007,6.782444200000001,1.36129112,0
436,341.28,45.86638359999999,126.90417999999998,3.7091009599999993,12.777262399999998,1.3141965199999999,1
437,549.8,37.61068399999999,316.205828,5.032659280000001,12.638543920000002,1.3507706,0
438,422.28,24.203430800000007,300.3560519999999,6.01350412,8.3675068,1.3256098,0
439,114.96,23.1367268,196.39736000000005,4.550811039999999,5.8181017200000005,1.2889480400000002,0
440,178.36,30.36742839999999,163.24908,4.9121583200000005,9.240396559999999,1.34161284,0
441,205.24,29.80894412,248.99390800000003,2.73364188,5.871886599999999,1.3007478000000001,1
442,25.32,22.199586,76.08600159999997,5.711683400000001,7.085024079999999,1.23968656,0
443,471.24,36.3473592,176.238048,5.18968792,12.25936544,1.3153888799999998,1
444,166.0,29.7466012,204.70482855999998,4.128635600000001,7.659558840000002,1.3440774400000002,0
445,221.28,22.259427840000004,124.36226719999999,4.926136920000001,6.089214448,1.3367388400000002,0
446,201.08,31.514887599999998,165.3753544,5.5384312399999995,10.838255160000001,1.3364055199999998,0
447,463.92,33.19172079999999,164.29399599999996,4.347610360000001,9.25762472,1.32416316,1
448,258.32,29.631017999999997,274.43668,4.300015599999998,7.774488880000002,1.30423892,1
449,60.68,15.959148800000001,89.71499919999998,5.586937519999999,3.547188800000001,1.12920316,0
450,304.04,12.953908679999998,232.67446199999995,6.40551784,2.62014980552,1.28856028,0
451,197.36,26.570264799999986,106.685884,4.072420439999999,6.448498119999999,1.33341936,1
452,145.84,17.189390279999994,200.180556,5.99594592,5.315634080000001,1.3012528399999999,0
453,107.08,31.619969199999993,203.38768800000003,5.234451679999999,10.660100559999998,1.14952928,1
454,272.72,33.607060800000006,310.97586,4.238544160000001,9.01237988,1.3340196400000004,1
455,187.68,25.045422280000007,314.999224,3.3832412799999996,5.326755764,1.34861832,0
456,23.52,15.222170119999996,263.64644799999996,5.064210760000002,2.5568311569999995,1.2923474799999999,0
457,161.32,20.964260520000003,144.698544,6.921023719999999,8.12209688,1.3092994800000002,0
458,59.0,25.513664800000004,63.9560104,4.2784295199999995,6.314960599999999,1.2787250000000001,0
459,61.08,21.4655788,261.10906,4.4015336000000005,5.0721194800000005,1.2735577999999999,0
460,378.84,38.3524964,306.51277600000003,4.80114708,12.482152800000001,1.3130361199999998,0
461,45.8,21.59809840000001,86.42174759999997,4.343896160000001,5.05490404,1.2710530800000002,0
462,129.12,34.32141719999999,232.5124,3.939157360000001,8.93380652,1.3018813200000003,0
463,63.16,18.866177439999998,222.562176,5.3150349199999996,3.3310463460000004,1.3460052000000002,0
464,170.68,34.477719599999986,170.696528,6.036502039999999,13.832300960000003,1.2727228799999997,0
465,58.8,20.035212799999996,85.81294839999998,4.43202488,4.5896866,1.2922175999999999,0
466,96.44,42.459143999999995,227.93357200000003,3.1259891600000005,10.245128520000002,1.2988737600000002,0
467,127.68,26.0505896,165.34658591999997,6.200015519999999,9.509399640000002,1.2603786000000001,0
468,321.16,30.786600799999995,49.28949704000001,4.00212036,7.801619079999998,1.2905077600000001,0
469,171.6,24.2748636,332.43683599999997,3.7659801600000002,5.3001610800000005,1.29819272,0
470,588.52,37.76997640000001,274.41858399999995,6.183158719999999,16.144513200000006,1.3619738399999997,0
471,207.64,25.9164344,143.6492,3.9816120400000012,6.175316479999999,1.30541476,0
472,308.6,30.61413384,256.02207200000004,3.383868599999999,6.5532699679999995,1.31564768,0
473,526.52,25.925031600000008,139.74967999999998,3.9810905999999995,5.976351520000001,1.3377858799999998,0
474,356.16,16.033654679999998,290.78218400000003,4.944313319999999,3.54320741864,1.3028730399999997,0
475,57.52,30.420104399999992,348.92700399999995,3.9620762400000014,7.6569977200000015,1.13926032,0
476,121.76,29.29740799999999,58.91493119999999,3.697395600000001,6.855892520000001,1.3337154,0
477,133.84,30.412231199999997,170.89476799999997,4.810862280000001,8.991054160000001,1.1942011199999998,0
478,205.16,24.903842799999996,95.09224280000001,3.7263251599999996,5.53212036,1.3635209200000002,1
479,581.96,42.086525599999995,292.557144,4.14813992,12.520637399999998,1.35782988,1
480,372.84,25.661438799999996,284.1029964,6.5359763599999985,10.23231752,1.3201257600000003,0
481,89.6,33.984409600000006,265.114844,4.609271679999999,10.14338272,1.3092874400000003,1
482,153.16,32.25094479999999,232.66245999999995,5.039377919999999,10.297771080000002,1.3672934399999996,1
483,112.36,22.23655452,137.14729519999997,3.4722343199999997,4.171562757759999,1.29866512,0
484,104.12,28.50674919999999,99.80338607999997,3.8924733199999992,6.86344744,1.3352599199999997,0
485,329.88,51.88356720000001,98.1820276,3.0938456799999994,13.243976799999999,1.3024259200000001,0
486,343.04,38.392978,300.204572,4.08204932,10.907084039999997,1.3126779999999996,0
487,239.68,25.810598240000004,113.29655168,6.28153304,9.55508908,1.3307551999999998,0
488,285.08,39.562133599999996,212.299844,3.1172526000000005,9.310861039999999,1.3154053600000004,0
489,129.2,27.93010920000001,247.0686,5.3347117200000005,8.894040839999999,1.3081199600000002,0
490,42.2,21.86130988,213.6906,3.8274122399999992,3.1952564370000003,1.2687946799999998,0
491,276.76,34.70683840000001,143.14629607999998,5.531057560000001,12.715809119999996,1.2955015600000002,1
492,350.56,16.490584279999997,216.196052,4.50174464,3.75735676,1.3128294399999998,0
493,632.4,36.78940079999999,63.415884,3.787123639999999,9.64671792,1.32577456,0
494,370.12,20.34549000000001,56.1730124,5.711862840000001,6.039289800000001,1.2869159199999998,0
495,92.04,18.041116,294.72004799999996,6.773285160000001,4.481805199719999,1.29864048,0
496,202.44,32.891976799999995,216.8199560000001,3.4917549199999995,7.430966080000001,1.2920210000000003,0
497,553.52,37.2134328,211.13954399999994,4.427146959999999,11.12213244,1.3144187600000004,0
498,293.28,36.528228399999996,254.39001999999996,3.2477118800000007,8.59497296,1.28062984,1
499,144.52,50.162836799999994,251.78244959999995,5.102254599999999,20.5702944,1.2882064800000004,1
500,87.16,25.326316400000007,97.41701479999998,6.029152200000001,9.813267440000002,1.2328684,0
501,538.2,31.55401039999999,55.34966608,5.79758688,11.5421934,1.3250814799999997,0
502,146.48,15.990817080000005,242.87940799999996,5.377728000000001,4.17552539476,1.1078056,0
503,176.64,33.43293919999999,60.49117000000001,5.1340574,11.035487799999999,1.1375902000000002,0
504,340.28,23.239147040000002,232.623932,4.245244199999999,4.7693033089600005,1.3328726,1
505,50.72,16.6774124,256.70389600000004,5.17120628,3.6581492000000004,1.27801292,0
506,34.6,25.404030040000002,145.974498,3.638378560000001,5.917670328000001,1.09320036,1
507,51.84,27.812995600000004,325.293912,3.7970622400000003,6.537793159999999,1.31797872,0
508,310.8,25.135159599999994,150.970868,4.0304376799999995,6.196965439999999,1.3603232399999998,1
509,346.52,36.272008,192.748676,4.79772516,11.584218120000001,1.3084453599999997,1
510,312.88,35.35655359999999,313.50287760000003,4.09890536,9.78713104,1.3681796000000004,0
511,120.04,10.964992279999999,304.850416,4.266563959999999,2.8218847438399997,1.2998773599999998,0
512,105.12,27.3897416,282.439012,4.808854319999998,8.35638688,1.3617034799999999,1
513,572.88,31.302251200000004,128.505632,4.74496396,9.270434040000003,1.32480772,1
514,469.92,38.79701239999999,296.235776,3.1088995599999993,9.11213936,1.31204072,1
515,24.4,21.2157184,258.63854760000004,5.4744088799999995,5.351666359999999,1.2940368800000002,0
516,322.32,32.708394000000006,89.29836959999999,4.094455880000001,8.576772680000003,1.3075507599999998,1
517,199.76,22.095072400000003,316.70051408,5.447995079999999,7.03477452,1.35042416,0
518,681.56,24.695132000000005,309.893496,4.16719596,5.935084559999999,1.35768056,0
519,447.6,26.150498400000007,268.1575400000001,5.52479336,8.302712280000001,1.3138932399999996,0
520,53.56,28.282211600000004,276.52257496000004,3.709210080000001,6.502671679999999,1.3212563600000002,0
521,80.92,13.707880479999996,298.957812,5.1316473600000005,2.80227512,1.2871758,0
522,118.76,19.56494948,242.625268,3.9795326400000004,4.3379927799999995,1.35168984,1
523,116.36,23.753354400000003,192.6787676,6.34409132,8.663858240000001,1.3334113599999997,0
524,163.68,30.072094399999997,107.79274320000002,5.537382080000001,10.3679552,1.3369779199999998,0
525,88.72,27.098138800000005,212.219268,3.9277436,6.161851621,1.3509937600000002,1
526,161.72,35.2940048,141.41879,5.18378876,10.8127662,1.29276304,0
527,343.08,31.2466036,136.110776,3.6099525200000007,7.423453119999998,1.28327844,0
528,450.04,28.669932399999993,287.616268,4.35232852,7.575560720000001,1.3196466,1
529,64.44,27.116102400000003,183.8813968,2.6967969600000004,4.69365696,1.3421287999999998,0
530,210.28,28.22925919999999,110.98729680000002,3.177620000000001,5.85914568,1.30789424,0
531,161.44,39.3742724,77.80528,5.496718959999999,14.928961999999999,1.293653,0
532,141.76,16.692504,108.0,4.508242719999999,3.6652720400000005,1.33695012,0
533,156.36,37.2988276,215.41532647999998,3.52898188,9.32571536,1.31273448,0
534,43.96,22.025330800000006,289.596812,4.1960686,4.64635944,1.3614332399999998,0
535,216.72,30.481520800000002,153.74167599999998,3.5502426000000002,7.058067000000001,1.2594598,0
536,216.96,14.960958519999997,145.514992,4.98683328,4.232279879999999,1.33611032,0
537,331.08,25.662685999999997,225.7682639999999,4.6309919200000005,6.8820834,1.3260370799999999,0
538,18.96,41.383586400000006,196.82811200000003,3.6263237999999998,11.069431159999999,1.2926877199999998,0
539,413.24,24.0348264,220.024228,5.6082092,7.522638279999999,1.31087268,0
540,22.32,20.6761572,302.493372,5.22398536,5.608281919999999,1.3478326399999998,0
541,203.68,21.752015999999998,94.22833239999999,4.64106328,5.37017316,1.2779152399999996,0
542,149.16,31.003590399999997,55.5764448,3.3628261999999993,6.866348600000001,1.33240708,1
543,507.32,42.541391600000004,320.95268711999995,4.339738919999999,13.078767399999998,1.3273083600000002,1
544,93.68,36.5551424,225.57205599999998,7.228614080000001,7.579544200639999,1.2981336,0
545,160.48,21.28239308,169.03676399999998,3.23959744,4.40266088,1.27592308,0
546,74.6,28.015097200000003,45.0,3.48930028,6.206898239999999,1.13017508,0
547,223.92,27.669454000000005,269.4165520000001,3.9090046800000016,6.625071439999999,1.27996432,0
548,121.92,36.60842199999999,142.078268,4.3399418,10.61490324,1.3104514399999996,1
549,173.48,33.188338800000004,79.3479972,4.59901488,10.019698319999998,1.282958,1
550,547.44,23.233045600000004,266.91437199999996,5.517582239999999,7.106738280000002,1.3665147600000003,0
551,214.52,22.2341628,71.40535560000001,5.45159508,6.38203264,1.3539300399999998,0
552,328.32,44.90268520000001,168.28506800000002,4.17117852,13.971635440000002,1.31061924,1
553,629.84,28.28241879999999,167.02591600000002,6.393601680000001,11.52983968,1.3510769999999999,0
554,264.32,35.2215496,324.67043695999996,4.45110612,10.358118160000002,1.28620568,0
555,308.92,42.6298744,138.9167696,4.77053372,16.70105292,1.35751272,0
556,686.92,38.429486399999995,225.77133999999998,4.228818200000002,11.330062600000002,1.31699772,0
557,137.4,21.782610399999996,93.24510960000002,6.490224800000001,7.911925039999997,1.3057903199999998,0
558,149.12,31.08521811999999,126.11880039999998,3.8677810400000006,7.446039483000001,1.30191732,0
559,675.52,37.6887088,245.66358015999998,4.6204550399999995,11.757646079999999,1.3214726800000003,0
560,253.28,22.681741999999996,319.929456,5.21058136,6.169868719999999,1.3436347600000003,0
561,609.08,32.2517892,95.54115680000001,4.63131036,9.738768839999999,1.33250336,0
562,297.36,16.23505468,59.634291600000005,4.82559564,3.4764866000000008,1.28688928,0
563,614.56,18.6744556,299.21524400000004,5.688206520000001,5.436341240000001,1.32384336,0
564,132.84,25.90603188,149.32473199999998,3.947087720000001,6.051777240000002,1.3116617200000003,0
565,70.44,16.010122959999993,226.03136399999997,7.3023399599999985,4.8492896415199995,1.33931852,0
566,169.44,29.609598399999992,244.95678735999994,4.874754760000001,8.8266858,1.3371320800000002,0
567,145.68,18.909668959999998,213.2836792,3.92623312,3.4667929679999996,1.2941924,0
568,271.0,33.872820000000004,102.22908640000001,4.62433384,10.005877759999999,1.30290184,1
569,221.12,36.60573319999999,137.94764399999997,4.85489216,12.054022,1.2913586000000001,0
570,79.88,29.704725319999994,107.30973479999999,4.3570636,8.6941344132,1.1737353600000002,0
571,148.72,20.816611599999998,237.87448799999996,5.32126932,6.03655076,1.3142808800000003,0
572,168.12,45.32826999999998,290.117196,4.822166639999999,15.646329199999998,1.2752059199999999,0
573,249.04,26.458794800000007,308.97567999999995,3.88355812,6.25039576,1.27384028,0
574,122.84,23.576402119999997,190.69716400000001,4.0224472,5.412024632000001,1.2987699600000002,0
575,282.8,26.27344919999999,79.60032600000002,4.286976920000001,6.633099559999998,1.3665918,1
576,374.92,35.8335476,204.04568799999993,3.69786084,9.0831514,1.30944832,1
577,16.92,20.769139079999995,260.08418,6.294805680000001,6.1211866301599995,1.32839276,0
578,151.52,25.309803999999996,93.184354,3.3629186799999995,5.2200535200000004,1.29621824,0
579,691.4,21.84474200000001,224.230956,4.5507925600000005,5.357329,1.3561141600000002,0
580,167.64,38.7702284,54.919213200000016,3.10607392,8.988422839999998,1.3314658400000001,0
581,149.76,23.0798776,50.352819999999994,3.94304652,5.125143680000001,1.36309516,0
582,462.52,18.458805359999996,66.5683484,4.47530996,4.2307358399999995,1.3235496800000002,0
583,91.92,27.804507599999997,296.03512,5.2661013200000015,8.82210016,1.24235088,0
584,502.2,45.850166400000006,77.223106,3.65465072,12.694587920000002,1.3555712799999997,0
585,83.28,37.5183076,194.28069599999995,4.211525440000001,10.802508399999999,1.2471431199999998,1
586,425.2,28.08295399999999,33.585964000000004,6.39117096,11.284115360000001,1.3532853599999999,0
587,396.68,27.039546279999996,240.06696799999997,3.3402369199999997,5.936419691999999,1.32815912,1
588,331.84,20.650796799999995,50.449791999999995,5.1067988,5.505927840000001,1.29745248,0
589,96.4,26.58937348,140.32836064,3.7081613199999994,4.8822140233599995,1.25868608,0
590,433.76,32.32328759999999,147.37890000000002,4.3548691999999996,9.254037,1.3120949199999998,0
591,232.88,17.722420439999997,267.03868,4.24907112,4.509833306199999,1.30558992,0
592,810.52,29.514517599999998,199.15213599999996,3.3891676400000006,6.551297399999999,1.33709508,0
593,42.96,33.6359212,188.56652800000003,3.8987798,8.6756796,1.3419609599999998,0
594,111.88,18.939919999999994,143.34959999999998,4.61522532,3.79845372,1.27729384,0
595,535.2,39.5309432,270.406592,4.656538159999999,12.669375200000001,1.3377996800000003,1
596,315.44,29.9434144,247.12979792,4.232674759999998,7.9549806,1.36875144,1
597,252.68,35.168848,300.1665919999999,3.2063189199999997,8.075959440000002,1.3676490800000003,1
598,154.96,15.379809079999996,207.915308,4.89809804,3.1924364505600007,1.3008086,0
599,139.4,23.5721444,263.23886,4.064930319999999,5.397875679999999,1.3367048400000001,0
600,192.6,23.4808976,246.14403200000004,4.29548444,5.810441232,1.1783596,0
601,79.6,21.434607200000002,326.677228,4.5310548399999995,5.185700440000001,1.2648731600000003,0
602,26.24,22.80404896,130.46188320000002,5.2434512799999995,4.688429441039999,1.3388018400000001,0
603,618.36,51.767889999999994,135.67728336,2.8633590000000004,12.17559632,1.34768372,0
604,393.4,21.826889079999997,230.22711440000003,2.8263718400000006,3.6526918039999994,1.28236796,0
605,390.44,20.0848436,98.9531988,5.07270196,5.23533644,1.31844192,0
606,281.84,29.472328399999995,252.201564,3.9459350400000006,7.438621479999998,1.3045585199999996,1
607,236.04,25.824278400000004,113.68577719999998,3.3541725600000007,5.452242879999999,1.36484524,1
608,322.24,13.419232839999998,259.436242,4.5975012799999995,2.312563656,1.2995972800000002,0
609,175.56,36.066630800000006,177.00417624000002,3.7436852799999993,9.283256080000001,1.3640907999999998,0
610,440.4,32.2047484,257.874244,4.327980760000001,8.9685644,1.32780484,1
611,53.32,20.136358399999995,158.82304799999997,4.048417840000001,4.010293839999999,1.30914316,0
612,312.16,36.106947600000005,281.15878799999996,4.222357,10.423289919999997,1.31618772,1
613,527.36,20.19167172,308.56879599999996,6.64313936,6.47633404,1.32563064,0
614,190.64,34.7637228,231.96343200000004,3.22102992,7.834292160000001,1.29723108,1
615,52.68,9.775560719999998,239.4,5.969576199999998,2.1453025973599997,1.2983239600000003,0
616,114.76,33.96714868,244.61772880000004,4.7899733200000005,10.473827844,1.3114454,0
617,350.56,34.44371359999999,192.42979200000002,5.4446972,12.255736840000003,1.3167439999999997,1
618,100.76,26.2278028,335.91208400000005,3.9507909199999993,5.839987479999999,1.3425714400000002,0
619,432.28,24.332478799999993,325.79417199999995,4.501807400000001,6.260103279999999,1.3647655599999995,0
620,364.36,19.197623599999996,193.95110800000003,3.63948564,3.9163593119999995,1.3110445599999998,0
621,371.56,26.785535600000003,241.82027200000002,6.38150808,10.384840680000002,1.31566876,0
622,184.72,34.587303199999994,289.75724,3.4750413600000005,8.35513552,1.16695712,0
623,156.16,32.85461239999999,163.82310800000002,4.14401572,8.790833279999998,1.29904032,1
624,521.0,40.02274159999999,208.02400800000007,5.27926096,14.788246720000004,1.31337908,1
625,155.64,29.987612,276.79924048000004,4.623257,8.886881239999997,1.3004758400000003,0
626,139.08,41.359432399999996,71.76650800000002,3.34811568,10.37514008,1.29436528,1
627,666.04,32.7918792,174.913232,3.9198083599999993,8.42938224,1.33263576,0
628,139.64,25.305143199999993,224.14252264000007,3.8434780799999997,5.917288,1.3602124800000004,1
629,35.8,22.10997824,155.64645079999997,6.284489279999999,4.9296778862,1.3549245200000004,0
630,114.8,23.89924212,114.2303012,4.540627,5.8045129840000005,1.3395071600000004,0
631,98.16,29.962377999999998,296.86744000000004,4.508451920000001,8.349806,1.25370744,0
632,193.52,22.574953999999995,283.298228,4.330514800000001,5.3914205200000005,1.25937048,0
633,35.24,20.269949959999998,217.14934399999999,3.4074714,3.982867601560001,1.3037349599999999,0
634,114.76,27.8527104,313.33121128000005,6.01699996,10.3217094,1.3605241600000002,0
635,427.08,38.3267124,216.96560399999996,3.7854735999999995,10.261752719999999,1.3630126000000002,1
636,203.32,25.632029880000008,253.13040800000002,4.457662,6.769929464,1.3031042,1
637,193.92,21.357527479999995,125.47323320000004,5.7026502400000005,5.432934110720001,1.3525588400000002,0
638,153.76,26.460563200000003,172.33024,2.95194092,5.141210160000001,1.3458048,1
639,78.92,28.994297599999996,70.48665880000003,5.39436472,9.46213636,1.3073456800000003,1
640,71.6,15.339138399999994,186.06947600000004,3.95627256,2.9324272879999995,1.31166224,0
641,231.4,25.247074680000004,285.2950832,5.36267456,7.48710684,1.3007648,1
642,30.4,27.6343376,282.4246279999999,3.1063440799999995,5.704020199999999,1.32738148,0
643,647.52,21.298575600000003,221.263216,4.202175840000001,4.82692032,1.36762936,0
644,315.28,33.85059879999999,345.8899559999999,4.467523840000001,9.961244920000002,1.3572641200000002,0
645,29.88,34.29051119999999,41.29024520000001,3.22361008,7.779199880000002,1.29380612,0
646,134.96,26.836425600000005,193.76748,5.38550796,8.4633616,1.33135436,0
647,608.64,27.314444399999992,259.89365999999995,3.5740760399999996,6.074085240000001,1.36709848,0
648,169.52,32.0667704,173.17131999999998,3.1960602399999996,7.1322223199999994,1.3470182799999997,0
649,30.04,48.69833479999999,323.752328,3.306303680000001,12.70134028,1.3122511599999998,0
650,127.96,21.3906156,223.02130800000006,5.44161652,6.307322959999998,1.30041084,0
651,199.32,39.02923239999999,66.80867208,4.418472240000001,12.33655672,1.28463888,0
652,282.56,18.474220799999998,103.546946,4.4172864,4.1289126000000005,1.2905886000000002,0
653,300.4,24.32604720000001,180.67152799999997,3.608607159999999,5.19666416,1.29006,0
654,230.12,24.1238872,221.79405199999994,4.336324640000001,5.95508188,1.32036904,0
655,150.96,29.312547200000008,120.74515520000001,4.77196404,8.2564968,1.3017814800000003,0
656,348.92,37.045424,21.647480560000005,3.8956091600000002,9.964964440000001,1.3668159599999998,1
657,93.32,22.744166120000003,256.3536000000001,6.266391680000002,7.820114640000001,1.31336796,0
658,171.84,26.948992399999987,77.97167960000002,3.83100164,6.32021068,1.33438816,1
659,112.32,22.2080604,122.26126000000002,4.65425496,5.40044152,1.1205621199999998,0
660,172.84,27.2051072,252.73050799999993,3.69175796,6.394343200000001,1.3029566799999999,0
661,137.08,30.12798839999999,110.91611280000001,4.475233599999999,8.42314148,1.2881600800000002,0
662,152.68,33.21974372,77.695458,3.582834359999999,8.103874800000002,1.3269624800000002,0
663,704.64,31.272825999999995,307.08860400000003,3.7138652400000005,7.5335848799999985,1.32468984,0
664,68.88,30.4328656,139.53073600000002,4.48540844,8.49314164,1.2151735199999998,0
665,112.84,33.577494400000006,136.375164,3.58108004,8.1635332,1.2781799200000001,0
666,208.84,35.91037079999999,172.94257200000004,4.14122328,10.01622,1.3084915999999998,1
667,169.88,21.031466279999997,210.74439999999996,5.8915588,6.82001576,1.30972384,1
668,150.92,28.553686,106.5408936,3.730139199999999,6.718359479999999,1.3348558000000004,1
669,148.84,34.84880079999999,138.219904,3.8447098399999993,9.002855400000001,1.31570508,1
670,97.88,13.5280226,292.288632,5.503536000000001,3.3118108637999994,1.3040478399999995,0
671,50.2,26.101535999999996,123.15944359999999,5.541961760000001,8.27425568,1.2697391599999996,1
672,548.08,28.237421599999994,170.51903599999997,4.67194948,7.93877388,1.3216024000000002,0
673,371.08,36.114563999999994,198.58849999999998,3.60407372,9.16177396,1.3093215599999999,1
674,324.88,31.8006592,173.597852,4.756754800000001,9.61909308,1.3071409600000001,1
675,258.92,34.8169044,293.47641999999996,3.8278429999999997,8.95704328,1.30426912,0
676,65.24,21.342023759999996,254.693544,4.802116160000001,5.03619691212,1.31655652,0
677,24.04,28.679195479999997,140.96870800000002,4.452779840000001,7.6659725199999995,1.2125826400000002,0
678,277.36,32.15571639999999,317.1995119999999,3.57197668,7.745112879999999,1.36665708,1
679,277.12,23.762757999999994,127.864316,4.15918756,5.5877872,1.3102958,0
680,236.12,33.60892159999999,140.11144,4.227581119999999,9.277799360000001,1.3029392000000002,1
681,284.92,26.791214000000004,67.85308960000002,3.4898988400000004,5.836688239999998,1.3350246000000001,0
682,716.56,34.892478000000004,349.4074279999999,4.679659720000001,10.70313152,1.3209007200000003,0
683,84.2,23.011344799999996,300.08498800000007,6.68475504,8.89135952,1.1116893600000002,0
684,342.12,28.75611599999999,92.91731360000001,3.57683804,6.559108600000001,1.3360968799999997,0
685,100.04,30.701862800000004,300.33083767999995,4.021941160000001,8.175770679999998,1.350863,1
686,163.6,28.557165199999996,239.9782600000001,5.0568274,8.774358879999998,1.2743116399999999,0
687,177.84,20.034422399999997,142.709716,4.2297164800000004,3.40012172184,1.3480848399999998,1
688,226.4,20.046442,119.99213360000002,4.419569719999999,4.509151160000001,1.31614876,0
689,254.24,31.639592399999987,230.14319200000003,4.63728112,9.273869959999999,1.29273724,0
690,264.72,32.58799799999999,136.3776248,3.7084349599999995,8.20330408,1.29060512,0
691,336.52,37.00997999999999,93.93373079999999,4.719398920000001,11.810095760000001,1.31503952,1
692,142.52,33.1136164,245.71047599999994,3.4664322800000003,7.832190440000001,1.3595734,1
693,66.72,13.351808519999997,199.54560799999996,6.37793456,2.2806133079600004,1.3205289199999999,0
694,204.04,15.03783,150.716992,4.7438646,3.072398784,1.29951796,0
695,218.04,31.766976,176.07881999999998,4.03384888,8.2879396,1.2779344,0
696,98.64,22.145364,123.89465200000001,5.906601160000001,7.528588319999999,1.2772105200000001,1
697,15.2,42.08684480000001,51.6983604,4.06759348,11.8971318,1.1304144799999998,1
698,57.96,34.9715508,188.535948,4.274682360000001,9.125881840000002,1.2953562399999998,1
699,39.04,30.496999199999994,250.94809600000008,5.72248108,10.963467839999998,1.2936119200000002,1
700,49.2,30.718730000000004,232.59418559999997,4.253895119999999,7.240579040000003,1.2828005599999996,0
701,147.08,21.915069439999993,247.94781000000006,6.281429240000001,4.951798498239999,1.3375772000000001,0
702,106.32,19.662114799999994,135.55186399999994,4.24667248,4.35358512,1.1053384000000002,0
703,358.16,32.776280000000014,325.27350399999995,3.78078332,8.283317319999998,1.29220056,1
704,175.44,15.158398279999998,175.355544,4.132381479999999,2.8019463999999994,1.34245152,0
705,471.32,34.499684,286.827244,3.4855580799999997,8.24641888,1.3577477199999997,0
706,273.32,34.8716328,96.81625919999999,4.513713839999999,10.288365359999998,1.3070333600000001,1
707,189.28,32.9771132,255.50255199999995,3.61580088,8.03637192,1.2777384,1
708,136.56,22.013136399999997,158.87751599999999,5.936783800000001,7.142177079999998,1.3033039200000003,0
709,310.44,42.31902399999999,303.865904,3.4813873599999994,11.061240200000002,1.30545752,1
710,169.44,27.860735599999995,245.51620967999995,4.811752920000001,7.983890079999998,1.32060932,1
711,46.04,24.868178399999998,314.35869199999996,5.504169800000001,7.8232006799999985,1.3139546000000002,0
712,286.24,34.932269999999995,48.3559812,3.4967726800000003,8.474564039999997,1.3642911599999998,0
713,165.12,27.592736799999997,146.26757200000003,4.84653284,7.897176799999999,1.2974926,0
714,205.56,25.7995104,305.7436576,4.27900864,5.733235639040001,1.3012034799999999,0
715,42.92,24.350035999999996,211.18236000000002,5.285528039999999,7.401882639999999,1.22591872,0
716,87.36,14.091038439999998,58.29719680000001,6.405097839999999,4.107958560000001,1.3555243199999998,0
717,110.72,32.3503456,296.48439576000004,3.7041905600000002,7.880021319999998,1.23867896,0
718,58.92,33.991092800000004,269.18169599999993,4.97456772,11.09433948,1.3088492800000002,0
719,173.44,24.146249200000007,215.373136,6.655651879999999,9.307569039999999,1.3395621999999998,0
720,123.56,41.18765679999999,307.33786799999996,3.07344288,9.677976680000002,1.28989172,1
721,223.68,20.349890800000004,155.97072,4.5059976,4.75987816,1.33588628,0
722,338.72,28.226636799999998,93.0473312,3.8608667599999995,6.743221719999999,1.3132898,0
723,127.84,25.2258112,285.79326000000003,4.84651912,7.126151280000001,1.2049984400000002,0
724,49.64,14.5649856,188.80198720000004,4.225487159999999,2.5101283704000004,1.32063504,0
725,90.44,17.966461199999998,272.15188,4.67697144,4.14635444,1.2793396,0
726,155.24,28.1697564,65.62078159999999,3.878113640000001,6.7444250000000014,1.2932902,0
727,67.68,24.071423960000008,94.36187,5.254667479999999,5.21151064908,1.2959339600000002,0
728,610.28,40.91792239999999,322.65256400000004,3.7546867199999996,11.094506239999998,1.3422942,0
729,79.32,22.033046679999998,138.48462320000002,5.277472759999999,5.908971346840001,1.3392836,0
730,232.12,26.2404836,244.69359600000007,4.542166439999999,4.977126446399999,1.29125248,0
731,95.4,29.876982799999993,288.26027600000003,3.43005544,6.6507632,1.3311136,0
732,181.64,21.693376799999996,83.8364628,4.0843752,4.860295800000001,1.27374076,0
733,280.56,15.788655719999998,155.157936,5.15301776,4.325155359999999,1.2239778000000003,0
734,545.32,31.309102799999994,197.70495999999994,4.97297716,9.78541328,1.33470528,0
735,349.88,31.09127359999999,90.6417248,3.8873382800000003,7.809239919999999,1.3316305200000003,1
736,461.52,32.7793508,306.540912,3.4080038400000006,7.67105548,1.3197555600000002,1
737,395.28,38.20672960000001,188.90393200000003,4.721192880000001,12.245114400000002,1.3097284,0
738,110.4,27.28776468,160.98424239999997,3.0396938399999995,5.593883204,1.3664280400000002,0
739,64.48,27.75728092,245.40656799999996,4.01376008,6.8147936640000015,1.286762,0
740,25.84,25.995116399999997,132.04710839999996,3.2425356,4.92759282,1.1242806,0
741,415.0,34.70480400000001,81.48520600000002,3.8242863600000003,8.91440404,1.36376744,1
742,122.12,25.264126120000004,158.234112,5.386028920000001,8.378139359999999,1.3431539999999997,0
743,174.92,33.44500760000001,286.923872,3.5713503199999996,8.06626044,1.3416364399999998,1
744,314.64,25.216376399999994,85.44547480000001,4.68887304,6.60460268,1.2774092000000001,0
745,132.4,30.3672516,114.83533120000001,5.2996358,8.91412488,1.2797211599999998,1
746,122.0,24.399772799999997,305.09061999999994,7.01188572,10.262751959999997,1.13977648,0
747,186.24,29.878218799999996,251.50456104,5.979928560000001,11.54419292,1.2788574,0
748,50.32,30.211108,74.69432719999998,3.57982004,7.0284939600000005,1.32323588,0
749,215.56,21.81717932,216.56609200000003,6.867237960000001,8.19105896,1.3011301999999998,0
750,132.64,17.034564399999997,72.8062472,4.24090992,3.382324960000001,1.29657144,0
751,123.56,26.628945199999997,183.243088,4.999554399999999,7.78195472,1.2986299600000002,0
752,15.32,14.188941440000002,200.735404,4.46881184,1.9379912036000004,1.28239412,0
753,514.88,37.4812856,93.28523,5.3483068,13.625092399999998,1.3131934,0
754,185.24,31.208930799999994,308.12846399999995,3.42606852,7.140567600000002,1.3667368000000002,0
755,327.48,27.74098759999999,71.72069919999998,3.472665,6.120488720000001,1.30704816,1
756,74.84,16.17435296,139.92750800000002,4.375250879999999,3.75214061392,1.31129232,0
757,100.0,27.971325079999996,241.08434799999995,3.7728240399999997,6.735562484000001,1.3502040799999997,1
758,187.52,36.5286676,323.32391200000006,4.106987040000002,10.195400759999998,1.33291192,1
759,352.96,33.085267599999995,60.033758799999994,5.3645483999999986,11.480295439999999,1.3296809600000001,0
760,46.76,23.023782679999997,145.577004,5.316855960000001,6.3858615599999995,1.3425326800000001,0
761,341.4,21.2262516,82.5333088,5.4526326,5.8688398,1.3281267599999997,1
762,343.08,36.8796256,46.41190648,3.1745809199999995,8.567600120000002,1.3037849600000002,0
763,201.28,27.654763600000003,274.22786399999995,3.27618904,5.837985560000001,1.2749704400000001,0
764,248.76,32.12578679999999,302.97367288000004,3.1100156000000005,6.998802639999999,1.35180912,1
765,382.76,22.1083744,277.4095719999999,3.5405815599999992,4.76811616,1.2818340000000001,0
766,59.76,32.120399199999994,79.48458400000001,4.74769968,9.60512092,1.2891535200000002,1
767,591.2,22.3803404,188.106748,5.738988280000001,6.96123092,1.3315119999999998,0
768,175.92,30.520130000000005,231.14323199999993,5.2757686,10.00875552,1.3278277999999997,0
769,692.52,36.666916799999996,54.44952648,4.320255120000001,10.614006879999998,1.3439567600000004,0
770,225.92,22.741410799999997,245.95220359999996,5.5057696,6.584208599999999,1.3043300000000002,0
771,496.96,24.015022799999997,56.019757600000005,6.16415064,8.65325776,1.326065,0
772,189.76,28.022783200000003,160.918196,3.63858924,6.45233524,1.3352954,1
773,124.84,25.237890399999998,297.11596399999996,5.594989480000001,8.0968522,1.20558568,0
774,93.36,52.106010399999995,257.21812,2.6572592799999994,12.224255040000001,1.3023807600000004,1
775,174.28,32.90518839999999,155.249752,3.76111488,8.236156800000002,1.14647344,0
776,212.56,22.35682599999999,73.9693604,4.9908307999999995,6.014383759999999,1.2805456000000002,1
777,47.64,28.82214959999999,267.88698688,5.740485679999999,10.8630514,1.3653983600000001,0
778,397.36,20.843589199999993,139.994408,3.9411796800000003,4.53980872,1.2818857599999998,0
779,105.92,38.598013200000004,93.2758088,4.6958246400000005,12.336143760000002,1.2682721999999997,1
780,252.12,30.2783932,278.084064,3.7413736800000006,7.421498879999999,1.14385056,0
781,35.08,21.5201024,80.117268,5.66826336,6.271404959999997,1.29295416,0
782,277.48,26.417248399999995,108.771418,3.3420318799999995,5.15858696,1.30493276,1
783,165.8,18.3385332,174.911708,5.511739040000001,4.976210439999999,1.3208159999999998,0
784,339.44,32.74366559999999,32.22609631999999,3.84385484,8.301389440000001,1.27805204,0
785,390.56,36.4554168,208.77483199999998,3.52431596,9.034636079999999,1.36223528,1
786,367.6,30.833390799999993,179.77462399999996,3.8380126799999994,7.610684759999999,1.28539716,0
787,115.12,29.02744879999999,187.71205199999997,4.3193152,7.685814520000001,1.27401032,0
788,113.2,12.347426839999995,143.02635200000003,7.1836831199999995,3.533329291120001,1.3336968000000002,0
789,298.16,32.43287999999998,88.3743212,4.5309950400000005,9.39352524,1.3298175199999998,1
790,23.96,36.36389079999999,71.59934839999998,3.6975536399999998,9.206904759999997,1.1655010799999999,0
791,213.84,24.172315200000003,245.83138928,5.726491639999999,7.845280199999999,1.3332701999999998,0
792,380.28,39.75044519999999,213.236556,4.614894720000001,12.152268040000001,1.3210618799999998,1
793,705.08,20.240254399999998,156.003532,4.02961692,4.61262564,1.34031824,0
794,108.72,17.644178640000003,200.14727319999997,4.01832636,3.4672052206,1.2741359600000004,0
795,225.52,30.3910848,283.95344800000004,5.44954632,10.33725388,1.2748842799999998,0
796,103.92,35.5374012,113.41220519999999,4.11709828,9.9818088,1.3445995199999998,1
797,215.92,37.7551532,207.80401999999995,2.76966212,8.112637599999998,1.3109481599999997,1
798,453.44,31.01597279999999,241.94550399999997,5.131173399999999,10.54627168,1.3580075200000001,1
799,266.64,27.13617079999999,194.4246720000001,4.014394279999999,6.6099025199999994,1.2890011600000002,0
800,196.28,28.4309812,245.68023999999997,3.4371925599999997,6.27241556,1.3234816800000002,0
801,136.72,35.4820796,54.10734367999998,4.079112760000001,9.659997999999996,1.3553811199999999,1
802,55.92,30.9911428,195.70909600000002,4.228168599999999,8.24859344,1.28830004,1
803,191.2,34.101389200000014,268.050748,4.077743359999999,9.179582879999996,1.2854375200000001,1
804,154.96,32.945228799999995,116.3244248,3.6568588000000006,8.028796119999999,1.3048470399999998,1
805,167.16,24.744285200000004,201.17627599999997,4.3452623599999995,6.10959744,1.3212475600000004,1
806,560.12,21.774975599999998,127.07404399999997,4.603543200000001,5.3712867200000005,1.3247983200000002,0
807,159.48,34.71673319999999,202.66708839999995,5.2629138,10.80248476,1.3249604,0
808,188.96,30.865241999999995,223.99616800000007,5.72973056,11.00661944,1.36258128,1
809,337.12,23.797325999999998,154.87350799999996,4.91438348,6.52822416,1.31149152,0
810,87.84,29.896215999999995,152.32148,3.8691236,7.191657159999998,1.30714648,0
811,200.96,31.419453079999993,301.733676,4.045729560000001,7.7610681999999995,1.32416564,1
812,23.28,37.6570672,233.7609,4.05617808,9.864419480000002,1.3562713600000003,0
813,62.12,34.8767332,104.703888,2.99414648,7.557325639999999,1.2750091200000002,0
814,51.0,22.060748799999995,264.756372,3.83352384,4.4449580154,1.29297292,0
815,50.68,27.871898,295.1466439999999,4.176371319999999,7.03684396,1.2830555200000004,0
816,73.16,32.19419359999999,249.13366000000005,4.603768039999999,9.055517639999998,1.2605965999999997,0
817,480.0,28.67088399999999,93.1789964,4.431821279999999,8.02627424,1.3281206,1
818,124.0,33.817797600000006,294.07796,4.53731444,10.01972328,1.3116845200000002,1
819,176.72,31.744447599999994,191.50575776000002,4.619642960000001,9.25761968,1.3662859600000001,0
820,214.16,26.675419600000005,307.006588,7.021135040000001,12.481946720000002,1.3193256399999997,0
821,158.28,44.038856800000005,103.89719240000002,3.636519879999999,11.957948319999998,1.33820364,0
822,20.56,32.34688596,127.26526399999999,4.63841828,6.21108263044,1.31456416,0
823,45.96,14.030388,182.5374,5.748812040000001,2.97887708,1.10657076,0
824,413.24,20.695049200000003,120.00521199999999,4.4329382,4.65048772,1.29529416,0
825,112.32,26.450889200000002,157.940136,2.9714042800000002,5.087722039999999,1.2664973199999998,0
826,151.28,27.792420679999996,289.2075279999999,4.269400559999999,7.1131404,1.1108424400000003,0
827,401.52,27.467243600000003,153.95386799999997,4.714194119999999,7.741676239999999,1.3643146800000003,0
828,158.76,23.918401199999998,271.75267199999996,6.66996108,9.62079968,1.3456113600000006,0
829,169.76,29.193507200000003,46.120167200000004,4.18044748,7.535789080000001,1.3036074,0
830,239.64,11.798046919999999,186.46260199999998,4.51561752,1.2566965703600004,1.3120233199999998,0
831,55.96,22.33902200000001,193.09948400000002,5.070114399999999,6.14075876,1.2734141200000002,0
832,220.64,22.9296024,174.51254400000002,5.864217239999999,7.8849456000000036,1.3347364800000003,0
833,191.04,28.8345952,72.17985192,3.5073179600000004,6.551825560000001,1.28585572,0
834,57.0,33.414685600000006,316.23054399999995,4.81900832,10.389244239999998,1.27498908,1
835,162.16,28.770121600000003,89.6867392,3.87237164,6.945897039999998,1.3377737600000001,1
836,169.08,34.909785199999995,88.26431576,3.9671320800000007,9.3458234,1.26395432,0
837,175.28,26.131814,126.39801599999998,5.289630079999999,8.065586080000001,1.3377407200000002,0
838,35.04,18.746450039999996,280.20536599999997,5.298849720000001,5.30021976,1.23544908,0
839,183.8,28.658770800000003,244.84701599999994,3.36022344,6.298038880000002,1.32322472,1
840,66.16,14.75664268,187.07082840000004,5.189615480000001,2.87840436344,1.2740229600000001,0
841,232.52,35.701902,96.31761920000001,4.79620928,11.6706908,1.3349668000000003,0
842,307.96,31.505292799999996,204.951512,6.036478559999998,12.159581799999998,1.32374588,1
843,514.68,49.6471864,316.56260000000003,3.9609420399999986,14.953223199999998,1.34183408,0
844,239.28,32.47021360000001,41.19734959999999,6.181505960000001,13.1135488,1.30399404,0
845,370.16,32.32221799999999,131.5990896,3.1638427600000005,7.112150400000001,1.2958031600000004,0
846,181.64,32.147588000000006,203.55486399999995,4.002080360000001,8.149528720000001,1.31000132,0
847,197.2,26.286842399999998,274.55554000000006,3.97339104,6.318545560000001,1.3001131999999997,1
848,48.84,20.206962679999993,212.57286,4.405116,4.6171279599999995,1.2495866399999997,0
849,50.52,22.97922759999999,35.85624120000001,5.70625556,7.224649679999999,1.24783664,1
850,287.0,26.738661199999996,313.22503200000006,3.71915132,6.208900999999998,1.35020708,1
851,180.28,25.03368252,88.93284680000001,3.89057564,5.840593395999999,1.33344692,1
852,30.4,26.10369,170.4855,4.10791912,6.26617328,1.2201700000000002,0
853,51.88,21.0456496,138.96643079999996,4.196552,4.765004360000001,1.29109604,0
854,480.0,34.2949844,257.87868799999995,4.45897676,9.930105679999999,1.359668,1
855,266.28,32.117017999999995,98.37923840000002,3.1163105199999994,6.969859400000001,1.26603844,0
856,322.76,35.05402279999999,261.5274479999999,4.833942520000001,11.148463760000002,1.31139032,0
857,101.76,28.195673199999998,336.69712,4.2086070399999995,7.19374248,1.366721,0
858,798.48,27.760367720000005,267.17899200000005,2.6193779999999993,5.2322409599999995,1.3170528400000001,0
859,21.16,28.761603079999997,44.72432959999999,4.5127074,7.934860520000001,1.25769424,0
860,137.8,31.423993600000006,233.064072,4.09496712,8.22462788,1.2743664,0
861,171.6,34.29187759999998,343.61970799999995,5.0303980400000015,11.211741400000001,1.2953405599999999,0
862,155.68,21.95626668,286.54277600000006,3.863226479999999,4.65309132,1.1110562400000001,0
863,94.32,25.231372799999995,67.26057999999998,3.4113938799999994,5.312546080000001,1.3151702799999998,0
864,155.8,23.748744519999995,105.61883600000002,3.6399579200000005,4.7282033886,1.32508216,0
865,321.08,32.9808728,283.41967600000004,3.7624572399999994,8.365650039999998,1.29802692,1
866,94.12,30.33883811999999,268.321204,5.803477120000001,8.510923689600002,1.3355499200000003,0
867,97.96,27.697771599999992,79.9122664,4.430038960000001,7.389167880000001,1.2940411999999997,0
868,602.08,30.443711999999987,110.93323679999997,3.9613052399999993,7.65375724,1.3232305599999998,0
869,76.56,42.04068359999999,334.36653200000006,3.3495079199999997,10.621052879999997,1.3119292399999998,0
870,104.92,19.023934800000006,289.43953999999997,4.16206136,4.038635719999999,1.2758093199999998,0
871,105.04,14.406734000000002,155.410204,5.165654719999999,2.9320991552000004,1.2707218,0
872,439.36,33.1788832,130.317352,4.2926606,9.322196080000001,1.32767772,1
873,163.56,33.194784399999996,334.17372800000004,5.4022741199999995,11.52458492,1.3292276,0
874,201.04,29.216307200000006,336.0662439999999,4.25952264,7.731056079999999,1.36487864,0
875,321.96,37.2104612,72.39405839999999,4.152786319999999,10.51235992,1.3405541600000002,1
876,144.84,44.30453680000001,313.9742119999999,5.3207885600000004,17.173536,1.2958838400000001,0
877,285.84,36.5396784,169.274772,5.061904080000001,12.38734012,1.2813440799999998,1
878,339.8,39.1288892,88.71360040000002,4.51237032,12.10494036,1.3295473600000003,1
879,249.96,22.393878,206.44050000000004,4.018632479999999,5.038757959999999,1.28008172,0
880,324.44,27.816320000000005,250.6384760000001,3.7097614400000003,6.416290920000002,1.3013698,1
881,144.4,24.2102808,61.72199160000002,5.14548048,7.025472679999999,1.1909603599999998,0
882,146.04,30.597001200000005,200.07732799999997,3.5166551999999998,7.075985520000001,1.34251284,0
883,158.12,37.650737199999995,245.73483200000007,3.7187721600000003,9.823782399999999,1.35942028,0
884,82.04,20.878316799999997,314.71302799999995,4.115970079999999,4.58407212,1.12050468,0
885,205.04,26.3384384,149.12012400000003,3.38529724,5.473868639999998,1.30402668,0
886,287.2,10.154868199999997,277.11302,4.304539279999999,1.8989386386,1.32358528,0
887,214.28,35.64185559999999,202.162672,3.3628823199999998,8.605603080000002,1.2994168000000001,1
888,154.64,35.025248000000005,81.0595408,3.7602121600000005,8.977590880000001,1.3064353599999998,1
889,555.44,35.749742399999995,163.52711488,4.88512952,11.735175960000001,1.3495498800000005,0
890,109.2,22.061291600000004,190.98088400000003,5.09888704,6.091754519999999,1.3131816799999998,0
891,593.64,25.8818352,226.685732,5.2304382,8.38255448,1.3540184400000002,0
892,113.8,29.90602359999999,67.62283719999999,5.4804914799999995,10.180186760000002,1.3349544000000002,0
893,146.2,29.026873040000005,119.67670079999999,3.48945676,6.606000159999999,1.3525354399999998,1
894,75.0,22.859938000000003,194.465688,5.65904312,7.149215039999999,1.1125992,0
895,39.48,24.419803599999995,144.57778799999997,4.117763200000001,6.18338564,1.3046640399999998,0
896,113.52,29.773893599999994,303.340488,4.72350132,8.635215520000001,1.36276624,1
897,298.44,29.192758000000005,104.66847760000002,4.83457068,8.454761999999999,1.36749104,1
898,27.84,18.691041599999995,320.902188,4.56015856,3.97844408,1.29280616,0
899,102.76,15.064209079999998,198.01051999999999,7.67468124,2.6562144044,1.34384876,0
900,122.32,22.653232400000007,265.7146172,4.82205644,5.872582759999999,1.11392764,0
901,108.52,21.489159599999994,199.309352,5.859406280000001,6.81831772,1.1155942,0
902,450.64,33.21551879999999,88.80629559999997,4.293058879999999,9.2242138,1.3265644000000003,1
903,634.64,17.889910399999998,219.60195600000006,3.6265144400000007,3.3596754800000004,1.3501269999999996,0
904,299.04,28.205931599999996,191.29049600000002,3.40226676,6.176595359999998,1.31530864,1
905,210.12,38.218609199999996,220.39897999999994,3.09023504,8.74897664,1.31089236,1
906,174.04,25.577254399999998,152.569256,3.88792296,5.926176356000001,1.3097202800000003,1
907,136.24,37.7977392,263.4350400000001,3.52649452,9.52723088,1.23200536,0
908,336.96,33.0803268,290.33221199999997,3.8702653199999997,8.465783239999999,1.3163123199999998,1
909,744.64,27.435074399999994,184.52396000000005,5.86361872,9.68141844,1.3357151200000001,0
910,247.68,31.524547999999996,91.4606816,4.0162698400000005,8.11435328,1.3562731599999998,1
911,240.56,26.49521039999999,70.3740832,5.471775800000001,8.49762716,1.3309878,0
912,139.92,31.599749999999993,294.55669487999995,3.72117652,7.7360492,1.2653843999999999,0
913,233.92,41.06486680000001,314.656044,3.554514,10.760381480000003,1.3091102,1
914,39.68,37.7007596,94.89540720000001,4.47455252,11.480351480000001,1.3229274000000002,1
915,363.28,24.966962799999997,310.2714,4.77623444,6.81545444,1.3158415200000002,0
916,363.16,36.1530516,275.934164,3.6567004000000014,9.13063716,1.31140244,1
917,229.56,29.28114108,77.25349279999999,3.9401392399999997,7.087478919999999,1.30778076,0
918,178.16,32.012313199999994,83.95772400000001,4.511645960000001,9.220178840000003,1.2942821599999998,0
919,176.76,24.431730400000006,230.8343228,3.5451301599999994,5.1468578800000016,1.30673,1
920,265.96,20.3785424,192.538036,4.116783479999999,4.443663719999999,1.2772312399999999,0
921,362.6,25.617337359999993,134.7124692,2.8523433599999994,4.890053280000001,1.2857071600000003,0
922,226.52,25.152012400000004,294.49974800000007,4.84200476,7.0854935999999995,1.2941949199999998,1
923,128.96,26.327841879999998,240.29977039999997,3.5904039200000004,5.8897112714,1.29447284,0
924,195.96,18.260150799999998,294.74656600000003,3.9231336000000003,3.6370256679999993,1.3351857200000001,0
925,53.68,25.571365999999998,293.37317200000007,4.11246768,6.193442119999999,1.27460776,0
926,113.96,24.261209079999993,244.79892768,3.7349515199999996,5.142601303999999,1.2568055599999997,0
927,452.56,8.85918912,200.949598,10.62960184,0.0015751607999999998,1.3187379199999998,0
928,389.96,34.69973,154.451256,3.934532800000001,9.21240196,1.3090189200000004,0
929,235.76,36.897330399999994,81.46004343999999,3.39055524,8.954132999999999,1.3001905599999999,0
930,747.68,14.467374920000003,296.1736396,3.971509440000001,2.683717672,1.3239093200000003,0
931,347.44,27.820597199999987,205.31142799999998,3.52280496,6.15382868,1.3173496800000002,0
932,39.6,36.5549688,258.169488,3.381179360000001,8.255187,1.2831157199999998,0
933,105.04,32.8036904,239.04454000000004,4.0706090800000005,8.691486720000002,1.25906332,0
934,32.56,33.976173599999996,151.459488,4.077529639999999,9.14289688,1.27344784,1
935,21.84,22.874628279999996,228.04540799999995,5.0147224800000005,5.684305115999999,1.30154412,0
936,348.92,30.158885999999992,178.60756600000002,4.245416039999999,7.582613359999999,1.29079412,0
937,32.12,20.5239896,154.739704,3.9385922800000004,4.1763608,1.0974607599999997,0
938,207.24,35.47011079999999,104.487284,5.290528040000001,12.209643479999995,1.3076452,1
939,119.52,37.4146264,169.48753599999998,4.6564758799999995,11.72604468,1.3368778799999999,0
940,500.88,21.748814399999993,265.300256,4.67630948,5.437345719999999,1.31907352,0
941,348.6,25.522152399999992,175.977888,4.4714006799999995,6.588630600000001,1.3253473199999997,0
942,188.96,25.6166536,52.57858840000001,4.9564309600000005,7.4809076800000005,1.268424,0
943,512.68,32.044684,163.14767600000002,5.600949799999999,12.6027864,1.3324077200000002,0
944,464.48,31.529118399999994,173.816128,3.9090081199999998,8.09649764,1.32433176,1
945,79.08,30.442069199999995,50.4562024,4.04440252,7.719462159999998,1.3664538399999997,1
946,144.72,19.305673199999998,269.25960799999996,5.6778939600000005,6.50490912,1.3248514400000002,0
947,222.4,32.74427,182.93256800000003,4.51590168,9.324652919999998,1.30900084,0
948,93.08,33.999030000000005,153.824524,3.321584320000001,7.991670999999999,1.3208288,1
949,172.92,18.154579199999997,126.59103599999997,4.59479116,4.150508839999999,1.29977124,0
950,240.0,24.6177944,271.860756,5.328599280000001,7.434536680000003,1.3147364400000001,0
951,22.6,19.592665320000002,89.659112,6.429949600000001,5.133490126160001,1.27191544,0
952,78.04,30.912036800000006,309.959976,3.806347639999999,7.818741719999999,1.31409572,0
953,318.8,27.28596960000001,79.0623624,4.69501368,7.54460396,1.3224673999999998,1
954,182.4,26.8939924,244.508212,4.592491440000001,7.3063364800000015,1.3121314000000002,0
955,203.92,35.21805400000001,90.1784232,4.8459137199999995,11.258351680000002,1.2920036000000001,1
956,65.32,16.151911600000002,83.81581519999997,3.820119039999999,3.01993076,1.2689955599999998,0
957,121.12,36.80044680000001,221.57055168,2.9329872800000003,8.15809156,1.3062426399999998,0
958,140.8,21.033485879999994,132.53805600000004,5.0808062,5.114039160000001,1.2981665999999998,0
959,491.16,24.400105600000003,64.70554399999999,5.362909200000001,7.344267960000001,1.3517128399999998,0
960,243.64,30.4072788,98.57171040000001,3.79541676,7.392257599999999,1.29222644,0
961,90.4,31.647726399999996,155.23660159999997,5.674778440000001,11.142929120000002,1.2525344,0
962,295.76,37.3649584,199.25444800000002,4.085903600000001,10.4585998,1.2766973599999998,0
963,119.72,14.260758680000004,240.96178399999997,4.56239564,2.9390698799999995,1.1070165200000002,0
964,147.24,40.5889776,308.82720380000006,5.86762864,16.742124,1.29133904,0
965,334.52,29.197253999999997,62.205369599999976,5.907811079999999,10.698453759999998,1.3022554800000001,0
966,172.96,23.399858,335.6777320000001,4.20632856,5.516465879999999,1.2006601600000002,0
967,36.28,22.658499080000002,200.33944799999998,5.165783319999999,6.6529193200000005,1.2928428000000003,0
968,278.8,30.187866399999994,207.84318000000002,3.4944113599999995,6.9071966,1.28584676,0
969,65.56,14.864588,187.072804,5.995393000000002,3.4313338537600004,1.29795932,0
970,261.36,33.5895424,74.7476648,4.253407840000001,9.71762376,1.3085422800000002,1
971,51.64,20.438671359999997,103.92445399999998,4.43535544,4.8780184789600005,1.35348692,0
972,338.04,23.8515132,284.33522064,6.031140999999999,8.281109039999997,1.32000332,0
973,640.56,43.24753239999999,290.952408,3.57981124,11.553142560000003,1.3176664,0
974,238.44,33.173203599999994,89.51107839999999,6.491235999999999,13.704386880000005,1.29898028,0
975,83.2,21.751792679999998,229.21250680000006,3.6734233599999992,3.102487684,1.29611368,0
976,54.24,22.982038680000002,175.16249439999999,3.8620089199999996,4.851773036,1.262765,0
977,499.76,35.3233404,66.1736808,4.6973477599999995,10.939588600000002,1.3265874,0
978,515.44,33.5541344,75.3478076,4.28357408,9.427682879999999,1.32506392,0
979,317.8,27.56922828,93.01210848000002,3.1052328399999998,5.723205843999999,1.3345893999999998,0
980,171.16,32.20665119999999,42.0134876,3.2428922399999998,7.231521040000001,1.31487448,0
981,213.16,28.084936799999994,154.24476248000002,4.34932664,7.538539159999998,1.35777708,1
982,9.0,19.520017079999995,119.38076600000001,5.3241228000000005,4.3438025200000006,1.3198194399999996,0
983,108.48,23.960604800000002,172.38780336000002,5.146859280000001,6.654129439999998,1.1046192799999999,0
984,714.0,29.37896360000001,45.32520399999999,4.277554479999999,7.769261640000002,1.3216469599999996,0
985,82.16,18.065995479999994,210.989044,4.129506759999999,3.92086570608,1.2868011600000002,0
986,273.68,25.852115999999995,120.56350399999998,3.9361331199999996,5.908966028879998,1.2972099199999996,0
987,182.48,37.082659199999995,131.37391680000002,4.9955376,10.75980095932,1.2993381599999998,1
988,227.24,34.877284,87.3089028,4.24102904,9.814672640000001,1.2885466399999999,0
989,169.08,25.4174768,108.92073600000002,4.43944756,6.496525360000001,1.1029564799999998,0
990,289.04,22.219774399999995,240.84465879999996,3.31533704,4.4152325999999995,1.35884292,0
991,155.64,28.440416799999994,314.0336400000001,4.29622484,7.465558799999999,1.2999398,0
992,100.28,25.384282400000004,262.638128,4.623659759999999,6.72077408,1.2760226399999999,0
993,324.6,25.267418000000003,278.408852,5.81115292,8.473263919999999,1.3310856399999997,0
994,34.28,26.308740280000002,259.21992560000007,5.347592239999999,7.677567999999999,1.3391242000000003,0
995,373.44,24.809183199999996,57.71283640000001,3.92471684,5.741256720000001,1.33552932,0
996,173.32,21.032539879999995,188.50433920000003,3.02863752,3.8031078920000017,1.28624348,0
997,115.24,26.096306400000003,298.1421680000001,5.04965992,7.4573024,1.2966285199999998,0
998,206.36,32.131709199999996,82.2870804,3.78545184,7.958031159999998,1.30397652,1
999,187.16,33.5844308,258.673644,5.761211160000001,12.48543436,1.3234678,0
1000,129.36,23.4811424,258.46726,3.7838065999999997,5.102583679999999,1.1197340400000002,0
1001,107.88,28.0178068,163.17433600000007,3.3669112799999987,6.06765276,1.3393062000000002,1
1002,210.2,24.159834,141.61962000000003,3.8301016800000003,5.247220719999999,1.2825180799999998,0
1003,260.4,26.682626799999998,63.19116256,3.7829266800000005,6.0536591600000005,1.3002712399999996,1
1004,74.0,38.42461400000001,277.00766400000003,4.277635880000001,11.311722159999999,1.2465608000000001,1
1005,111.16,20.334542399999997,53.6929364,3.7884604800000004,4.161771600000002,1.2924600800000006,0
1006,451.96,8.457932519999996,188.67480000000003,4.439779920000001,1.6367870633200006,1.3160832800000002,0
1007,69.72,29.3643392,243.71423600000008,3.99806112,7.343844359999999,1.24110384,0
1008,453.64,36.5079028,74.8051132,5.23103784,13.422143879999998,1.32802224,0
1009,92.4,25.99179399999999,278.58326400000004,6.05942444,9.270144040000002,1.28373916,0
1010,388.8,37.7383284,171.39677920000003,4.88377096,13.421171240000003,1.3214531999999997,0
1011,36.8,22.623169599999997,257.0618384,6.254056519999999,3.7768587860799996,1.3390325200000002,0
1012,71.52,10.633104839999998,156.076796,7.238752999999998,1.4483451193199999,1.31189508,0
1013,359.8,32.70064999999999,157.50052,4.70610872,9.90483632,1.3345996,0
1014,17.08,15.85394016,222.61282799999998,3.438021519999999,3.0524613960000004,1.30945492,0
1015,417.72,28.141731999999998,185.69939600000006,4.20982524,7.2016028400000005,1.31678476,0
1016,100.92,36.811603999999996,272.479664,4.06445732,10.221444120000001,1.2835377600000002,1
1017,181.64,24.359132000000002,268.230848,3.9742041199999987,5.617541040000001,1.31161676,0
1018,55.44,15.875508759999995,80.71500119999999,6.208940439999999,3.0054166776399995,1.2810369600000002,0
1019,300.44,24.9103272,218.9567480000001,3.1200481199999994,5.070324199999999,1.3047862399999999,1
1020,183.4,27.288957999999994,141.75705200000002,3.560451600000001,6.069268960000001,1.3498888399999998,1
1021,156.96,25.849276800000002,321.321516,5.34490392,7.62018724,1.3201561999999998,0
1022,426.2,30.75735268,208.00217400000005,2.7918023599999997,6.215891932000001,1.3691828000000001,1
1023,490.6,36.4585352,194.98909199999997,5.120766,12.455662959999998,1.3297622000000002,1
1024,96.48,34.38602599999999,330.240616,4.49053548,10.24874892,1.2956556000000001,1
1025,616.32,28.505177200000002,55.072811599999994,4.305216440000001,7.473571239999999,1.32554392,0
1026,29.68,19.3307912,193.8838,4.523380359999999,4.53210584,1.2922383200000005,0
1027,37.2,30.761060400000005,94.39813680000003,5.137073480000001,9.945917360000003,1.30761728,1
1028,577.4,29.859567600000002,342.86774399999996,5.05820936,9.30242568,1.3506003999999996,0
1029,35.48,27.692120400000004,323.07771199999996,4.11104928,6.90581624,1.2852329999999998,0
1030,57.88,18.03591032,142.17990400000002,5.56596452,4.995497963600001,1.31419744,0
1031,892.16,34.2067412,44.99723520000001,3.8575022000000003,8.81551776,1.3202822400000003,0
1032,180.56,19.91093,84.50445119999996,5.5262860000000025,5.696502840000001,1.3343674,0
1033,139.48,27.5201548,67.73539319999998,4.24200248,6.980065999999999,1.3426473599999997,0
1034,146.16,26.945352000000003,291.79043600000006,3.8900035200000014,6.33879852,1.2551926800000002,0
1035,246.2,26.9988396,210.7789396,2.8421038,5.26567688,1.3003143600000004,1
1036,200.72,14.872639839999998,115.81979240000001,5.46177508,3.965598950759999,1.32612876,0
1037,141.92,29.818611200000007,270.85072999999994,5.565096520000001,10.078350679999998,1.3567174800000004,0
1038,498.2,24.091007599999998,188.48523999999998,4.4734042800000005,6.05611612,1.31938336,0
1039,545.08,26.375520399999996,231.11687999999998,3.68879108,5.873817479999999,1.3209932,0
1040,404.32,40.69984159999999,311.43443999999994,3.668390519999999,10.767274319999997,1.31368508,0
1041,185.56,15.320294160000003,104.64371400000002,5.11335156,3.71306530412,1.31401004,0
1042,232.56,37.729732799999994,76.6244252,3.4067414400000002,9.307622239999997,1.3034914800000001,0
1043,421.32,36.7629356,66.566842,4.62999968,11.314335279999998,1.3274626399999996,0
1044,293.68,29.243825999999995,93.29351760000002,3.356668199999999,6.608198000000001,1.3680168000000001,0
1045,236.12,32.901854799999995,165.620608,4.28940732,9.135170319999999,1.2598070799999999,0
1046,36.04,34.044909880000006,196.66189999999997,2.6851697600000004,6.748374359999999,1.30370476,0
1047,204.16,15.818126679999995,235.59344000000004,5.755340159999999,4.283266719999999,1.3039864399999999,0
1048,101.56,25.843013599999992,243.084564,6.589225879999999,10.4147078,1.3435861199999999,0
1049,169.08,33.59552440000001,56.54571648,5.637251239999999,12.336321120000001,1.2614574,0
1050,16.16,11.113061959999998,207.86459920000001,8.153542200000002,0.28032687108,1.35565028,0
1051,97.88,22.339879600000003,158.510264,4.9412178,5.981432079999999,1.2841339600000001,0
1052,332.0,33.049011599999986,343.38452800000005,4.212834,9.0138414,1.3197505600000001,0
1053,45.88,28.463533600000005,236.765844,3.8683076,6.847137519999999,1.3240263200000002,0
1054,68.36,20.28443068,115.48891200000004,3.95521232,4.303651640000001,1.3116836400000005,0
1055,204.2,41.0005684,323.493788,3.2304017600000003,9.971691240000002,1.29216936,1
1056,280.52,24.804555999999994,111.214412,4.866935600000001,6.841227000000001,1.3370501999999995,0
1057,141.68,29.7121956,87.2997364,4.2835596,7.84736224,1.3061638800000004,1
1058,723.24,29.530058399999998,105.54078935999998,4.573920479999999,8.291530720000003,1.3425480399999996,0
1059,285.76,16.69181364,52.760412800000005,4.8470796400000005,3.8435323200000004,1.3348827600000002,0
1060,489.64,32.496867599999995,201.08044,4.787063120000002,10.658830280000002,1.31929736,1
1061,221.44,30.765770400000005,284.56481488000003,3.6911155599999996,7.470901679999998,1.2964667600000002,0
1062,261.2,23.0718104,279.94748720000007,3.6305006000000004,4.8103549999999995,1.30840692,1
1063,144.36,29.049406799999996,330.332584,3.61016244,6.801425199999999,1.2464492000000003,0
1064,227.6,32.278502,209.810072,4.440629519999999,9.232443439999999,1.34608492,1
1065,28.64,33.02688092,151.238608,4.2614426,8.05273860128,1.2480566399999997,0
1066,162.08,25.6070752,103.32111279999998,4.12481196,6.06740776,1.29475824,0
1067,211.96,28.710902,89.04127080000002,3.3799013999999996,6.422786239999999,1.2651820399999998,0
1068,575.48,32.49432039999999,293.25394800000004,5.243101360000001,10.982661680000001,1.3565375599999998,0
1069,108.08,21.507949999999997,123.91798239999999,4.280204279999999,5.02427276,1.1053346000000002,0
1070,115.04,20.333100119999997,328.21526,4.4556962,4.878411606159999,1.25409796,0
1071,32.24,29.2214768,299.09046464,3.4413001599999995,7.211855000000001,1.09960268,0
1072,392.2,26.463296,195.81590800000006,5.894988600000001,9.28525808,1.3180181599999998,0
1073,260.36,44.63809520000001,267.69099575999996,3.02444012,10.791146600000001,1.29169176,0
1074,134.52,28.91931199999999,42.65929472,4.276032080000001,7.51755352,1.33861232,0
1075,20.0,29.5179148,173.938332,3.7657310400000004,6.546638159999999,1.3142392799999996,0
1076,111.16,31.532190799999995,317.0235559999999,3.7004423199999996,7.781866679999999,1.31059604,0
1077,476.64,29.158639199999996,170.78850399999996,4.80962896,8.4893708,1.32075648,1
1078,478.92,37.02418959999999,44.47936400000001,3.62216932,9.415926479999998,1.32585572,1
1079,262.72,32.720312799999995,331.27692,5.5645116,11.63866252,1.29703716,0
1080,197.68,25.746706800000002,238.58911247999995,5.6035594,8.316452840000002,1.33377816,0
1081,176.52,16.342622000000002,228.64876399999997,4.381608920000001,2.9357257113199995,1.34744476,0
1082,592.96,40.26541759999999,318.25733600000007,5.08182304,14.46783864,1.34501644,1
1083,99.48,26.013409599999992,52.088765999999985,4.016455840000001,6.18978916,1.2495809999999998,0
1084,102.68,25.719192000000003,129.3230948,6.1910994,9.506981800000002,1.34422952,0
1085,180.92,27.131440399999995,230.28952399999997,4.881506120000001,7.7628593200000005,1.3090476399999997,0
1086,124.0,23.513810799999998,182.240904,5.270629959999999,6.78977456,1.2968088800000002,0
1087,82.88,33.10661679999999,143.380228,3.71588824,8.1464764,1.302998,0
1088,100.92,30.1460376,35.137853199999995,5.020961959999999,9.35360036,1.2981390000000002,0
1089,158.36,41.47799359999999,210.63884516,4.809858480000001,13.37276152,1.2988616,1
1090,41.04,28.18339279999999,282.531472,5.883785440000001,10.1139882,1.2754549600000002,0
1091,129.8,26.3096108,307.1498664000001,3.787940440000001,6.01894896,1.2948844800000001,0
1092,35.64,20.232891600000002,102.80954399999999,5.749488199999999,5.5909684,1.2909895199999997,0
1093,128.36,30.8699412,291.516556,3.50074996,7.0865016,1.1499415600000003,0
1094,75.72,25.481643480000002,63.2483416,4.5905052799999995,6.8549190399999995,1.28843124,0
1095,172.72,28.297447199999993,287.562904,4.313526640000001,7.4730022400000005,1.31065708,0
1096,403.24,35.3127072,299.46248199999997,3.7876932,9.117272840000002,1.3644705199999998,0
1097,265.68,24.175953359999998,173.80269600000003,2.98937716,5.092088119999999,1.28171612,1
1098,490.44,38.145478399999995,135.13256400000003,3.8167354000000002,10.180507559999999,1.32987208,1
1099,20.72,21.408793239999994,242.97280000000003,5.366897919999999,5.737101281399998,1.11725784,0
1100,364.4,34.1402856,121.14513199999998,4.061713640000001,9.21327888,1.32976924,1
1101,329.0,38.0568096,186.48884000000007,3.31919312,9.229269879999999,1.30866712,1
1102,371.16,29.148147599999998,164.52702000000002,3.08076576,6.088098320000001,1.3132780400000001,0
1103,183.0,18.58007948,129.470852,5.979399200000001,6.0454776400000005,1.3046622399999999,0
1104,139.72,34.21909120000001,296.50768,4.2776821599999995,9.644619919999998,1.3076735199999998,0
1105,16.88,21.514231319999993,209.4874932,4.1489385599999995,3.7757651103999996,1.3418000000000003,0
1106,125.0,31.868283599999998,296.53902296,5.44615088,10.929007479999997,1.27757856,1
1107,132.28,23.312364639999995,89.82038712000002,3.4256914000000007,4.823980857840001,1.3004712,0
1108,44.28,19.729002119999997,177.87279,4.575685999999999,4.34167291632,1.3172371600000006,0
1109,194.76,21.1326132,116.4886196,6.8284943600000005,8.173073879999999,1.2991450799999997,0
1110,212.4,23.353856,118.231696,4.9706932,6.419425799999998,1.1455254799999999,0
1111,527.56,42.07531679999999,95.8826964,4.47646976,13.185947999999998,1.32532872,1
1112,54.12,25.426914399999998,141.16088,5.724356320000001,9.025875719999998,1.1191405199999997,0
1113,424.72,32.270624399999996,93.50946400000001,5.023101560000001,10.11826668,1.3281966400000003,0
1114,57.36,20.3115612,187.64281199999996,4.66335636,4.55491676,1.3210999199999998,0
1115,478.48,38.30220880000001,168.03549600000002,4.40091928,11.50322628,1.3331556400000002,1
1116,25.04,21.436338520000003,286.016316,4.80008716,4.21484076056,1.3375514000000002,0
1117,93.76,28.36811,255.09606287999998,4.2513220800000004,7.559101720000002,1.2925583999999999,1
1118,364.76,26.729050399999995,226.72156488000007,4.046301880000001,6.473175039999998,1.35503688,0
1119,41.0,17.80305535999999,157.087468,5.116204359999999,3.276524287679999,1.3407790400000001,0
1120,389.28,42.61694320000001,173.977644,3.77709816,11.727785599999999,1.28101256,0
1121,9.56,37.67536424,159.26347999999996,3.35567636,8.853117776,1.2660486000000004,0
1122,19.08,17.960305319999996,112.85009,4.902846079999998,4.984675163,1.35265448,0
1123,526.6,42.032702799999996,276.93679599999996,3.89273056,11.84983124,1.3102789199999998,1
1124,460.16,38.09460040000001,125.30054679999998,5.6170592,15.125696920000001,1.32890068,1
1125,216.6,28.254675719999994,107.60161768000002,4.02474764,7.115307480000001,1.3368474400000003,0
1126,169.4,33.14578479999999,74.49342800000001,3.433488319999999,7.7364355200000015,1.33870148,1
1127,271.44,42.4108788,329.02456800000004,3.47400472,11.011425680000002,1.3416959999999998,0
1128,243.36,34.77310052,88.52057368,5.09048336,9.352752253239997,1.32357124,1
1129,230.08,22.5833172,115.939352,4.56880556,5.524258,1.32133736,0
1130,221.88,19.485732520000003,167.72222399999998,5.417205119999998,4.655632056,1.32151248,0
1131,63.68,34.4177672,250.80274,4.59937792,10.327119680000001,1.1153388400000002,0
1132,367.36,32.72596640000001,308.77413600000006,3.19006292,7.385664759999997,1.3173224800000003,1
1133,377.08,28.937036000000006,118.5090868,5.27278816,9.65975324,1.32996408,1
1134,354.44,21.578776399999995,51.5687696,4.152131799999999,4.86589596,1.32790864,0
1135,17.84,30.4722476,274.352068,4.08206692,7.632955760000001,1.24081604,0
1136,342.72,34.1615688,178.78783600000003,2.829876239999999,7.28907552,1.30544212,1
1137,698.76,31.900980799999992,181.70018960000004,5.003862880000001,10.108591080000002,1.32226716,0
1138,233.2,38.54253719999999,155.24381200000002,4.066875240000001,10.90052232,1.30740132,1
1139,261.4,24.114381599999998,178.94698400000001,4.014576760000001,5.63958408,1.297803,0
1140,18.16,30.5639436,125.97859600000001,4.692831880000001,8.85938016,1.32016,0
1141,62.44,28.644984,101.974016,3.7589175600000004,6.723588120000001,1.31924128,0
1142,255.12,29.747074400000006,95.4776584,4.11049268,7.382146919999999,1.2907658800000001,1
1143,275.04,27.9559896,257.17847199999994,6.20900572,10.616075599999999,1.31668536,0
1144,293.48,24.916933599999997,244.77535999999998,3.22956932,5.076084399999999,1.3051554400000003,1
1145,498.16,33.61685919999999,338.502916,4.507591280000001,9.81288964,1.3534127999999999,0
1146,68.08,26.241336800000003,310.777492,4.2468226399999995,7.799305639999999,1.31039904,1
1147,336.52,28.2935984,299.84917599999994,5.51037828,9.302562120000001,1.3113153200000003,0
1148,351.24,25.56107920000001,276.918978,6.005131359999998,8.55093836,1.3250919600000004,0
1149,176.04,17.222309479999996,140.44019600000001,4.839731799999999,4.305737000000001,1.32061872,0
1150,377.0,42.219393600000004,317.70381599999996,4.0324329599999995,11.928640520000004,1.31881224,0
1151,153.36,30.33783,92.75555480000001,5.00523296,9.36708036,1.2937769999999997,1
1152,179.4,23.376677880000006,221.851492,3.2885405999999993,4.50064284,1.30239392,0
1153,62.92,28.17798652,79.9386516,5.137940480000001,9.07981444,1.3090486799999999,0
1154,363.48,24.555154400000003,69.90840239999997,4.472935999999999,6.344832120000001,1.3308079199999998,0
1155,101.16,21.952868399999993,224.86189399999995,5.262486800000001,4.29718063716,1.2768318400000003,0
1156,409.72,26.973339600000003,229.293044,5.564546520000001,8.71927536,1.3077439999999998,0
1157,316.4,30.9458952,187.205896,3.8569025199999993,7.936926520000001,1.3041028,1
1158,336.88,30.4412432,92.11923440000001,3.995640560000001,7.63346892,1.36885044,1
1159,101.96,21.571471880000004,144.38686239999998,5.387809399999998,5.9873705600000005,1.36185736,0
1160,305.48,33.18278668000001,66.0066428,4.431895800000001,8.858358960000002,1.3025748799999999,1
1161,219.84,28.6541528,85.69774120000002,4.68021288,8.109106439999998,1.3038029199999999,0
1162,589.28,11.218148439999995,185.81220000000002,5.08670432,2.75075808504,1.3474209599999998,0
1163,126.72,38.5004072,257.90461200000004,3.0033306,8.7031312,1.2802388,1
1164,116.84,35.54070719999999,323.77505967999997,3.52750372,8.687360640000001,1.2958599999999998,0
1165,120.24,29.141456399999992,253.16928,5.638421639999999,9.99528396,1.3137622000000002,0
1166,337.52,27.703731200000004,332.93536400000005,4.60500512,7.554703239999998,1.3318852,1
1167,184.84,27.676232799999994,197.28814400000002,3.3192121999999995,5.9596632,1.3380549200000003,0
1168,7.8,14.275884600000005,224.16210000000004,4.302771239999999,1.4978179431199998,1.2865286800000002,0
1169,303.32,28.962839999999996,265.4309599999999,4.125468399999999,7.2652016800000006,1.31349144,0
1170,444.28,14.18311656,133.21814239999998,5.45617276,2.07838026676,1.3128651599999999,0
1171,281.48,27.695280399999998,153.22409199999998,3.877379919999999,6.588321240000002,1.3588530799999998,0
1172,140.96,24.266884,327.47948,3.574476679999999,5.21604964,1.3409002400000003,0
1173,187.72,27.373578000000006,291.567732,3.8537097599999997,6.477440839999998,1.3119819599999998,1
1174,399.28,32.38795359999999,60.50201039999999,3.5307528,7.67346024,1.3223861200000002,0
1175,522.08,37.5767064,168.633364,3.4717140400000006,9.381455240000001,1.33017708,1
1176,61.56,20.944617199999996,245.00972000000013,5.66052912,6.2581864,1.2850160799999997,0
1177,218.56,38.03293239999999,141.96157599999998,5.45787012,14.204480279999999,1.35722504,1
1178,69.32,25.806852400000004,234.92574800000003,4.374590199999999,6.522378959999998,1.24810552,0
1179,318.32,23.116184280000002,197.66930800000006,3.0499757599999997,4.3514906,1.3036822799999999,0
1180,539.0,27.92895160000001,317.74892400000004,4.181631279999999,7.0917428000000005,1.3199536400000003,1
1181,112.48,21.05928716,185.76544,5.38404444,4.83201932,1.1041362,0
1182,86.48,23.638755999999994,81.40079080000001,3.2137763599999998,5.087104679999999,1.3075665599999997,0
1183,130.92,22.474544119999997,77.38790079999998,4.77121076,5.77084976,1.2946203600000001,0
1184,290.72,36.9744296,316.5564880000001,3.52596836,9.220337240000001,1.3137562,1
1185,143.72,30.157054399999993,283.2784680000001,5.608974240000001,10.54024248,1.28061708,0
1186,333.6,17.86147144,207.99472319999998,5.4983082,4.08085846412,1.3295754,0
1187,490.44,17.18680628,149.86393600000002,4.971083,4.08712927304,1.32168072,0
1188,243.36,34.7535968,332.52857200000005,3.0711264400000005,7.768146840000002,1.3011259600000002,1
1189,383.2,36.3274412,121.330116,4.8953424,11.769210879999997,1.3297771200000001,1
1190,89.76,15.119263079999996,261.26185599999997,7.3063102,5.4213359738,1.30538836,0
1191,127.12,40.310005600000004,283.35698,4.021580080000001,11.409256280000001,1.30467248,1
1192,164.16,41.57526732,143.0313308,3.46093828,10.28557164,1.3038276000000002,1
1193,80.08,21.243030160000004,253.18499760000003,5.76192792,4.128911502319999,1.3220698,1
1194,125.96,40.24168919999999,249.4789800000001,5.04220944,14.0424568,1.3112049199999998,0
1195,241.84,22.155802919999996,244.81351359999996,3.27412084,4.635941584,1.3329391199999998,0
1196,333.48,41.1444164,298.920988,3.2127787599999995,9.95259828,1.2989962800000001,0
1197,163.2,25.72193679999999,171.57157999999995,4.46959344,6.68578296,1.3511247600000003,1
1198,354.52,36.90551839999999,153.088164,5.4804078800000005,13.905482200000002,1.3113126799999997,1
1199,519.64,21.921754280000002,130.28758400000004,3.27765608,4.251956576,1.34307328,0
1200,286.92,36.94712,136.9901356,3.02535624,8.300487639999998,1.35887212,1
1201,36.12,26.097121880000003,110.27441959999999,5.131639320000001,6.425728079999999,1.3043857600000002,0
1202,340.8,16.481171479999997,322.84845600000006,3.7581314799999994,3.0913237880000004,1.30100068,0
1203,94.92,23.79560879999999,194.60785600000003,4.107680319999999,5.54427704,1.2807797999999997,0
1204,453.96,32.947622800000005,254.54814,4.69004124,10.0024728,1.3593815599999999,1
1205,45.44,21.418819960000004,226.24177728000004,3.96749912,4.49635540268,1.1012283999999999,0
1206,9.0,15.734653079999998,215.86321999999993,11.97964696,0.50047370988,1.2949052,0
1207,315.6,26.382084799999998,342.8736612,4.672363160000001,7.141580560000001,1.3141908,0
1208,395.6,23.788662,315.8254732000001,3.5935748399999996,5.00414204,1.3537585600000002,0
1209,390.8,34.976245999999996,133.75735200000003,4.2378494799999995,9.8236508,1.3296852799999999,1
1210,60.76,24.770779199999996,323.88630800000004,4.11604376,5.908001479999999,1.3480005599999998,0
1211,433.68,29.713250799999997,33.41688960000001,4.22767284,7.82387112,1.36908376,0
1212,709.36,27.358082799999988,277.074356,4.274335959999999,6.98715224,1.3588058800000005,0
1213,53.64,25.7351476,93.48123520000001,3.7349284000000007,5.745195479999999,1.2709084800000001,0
1214,295.24,28.849596399999996,283.631148,5.883722240000001,10.681863560000002,1.3154096400000004,1
1215,826.4,27.56916519999999,25.250731599999995,4.761324360000001,7.81926944,1.34112652,0
1216,66.96,22.22315559999999,268.61322040000005,4.833684000000001,5.7794861200000005,1.2912713199999997,0
1217,284.72,31.530532400000002,58.04460696000001,4.50258948,8.895012400000002,1.3082070799999999,1
1218,296.96,35.7698644,30.068702399999996,4.590900359999999,10.84546412,1.3348637600000002,0
1219,464.16,21.051725079999997,158.492248,4.1068738,4.4706308439999995,1.3182125999999998,0
1220,455.16,24.178900399999996,47.272248,3.8736711199999996,5.388299920000001,1.3691184800000002,0
1221,163.28,29.092086800000008,95.07944400000001,4.63133488,7.996444879999999,1.3375908400000003,1
1222,78.12,26.346932799999994,85.14970207999997,4.825285639999999,7.387205239999998,1.28565756,0
1223,298.24,29.32092239999999,197.11145199999999,4.4135584,7.95851316,1.2862925999999997,0
1224,642.2,36.422210799999995,85.02122920000002,3.4405167999999997,8.911669920000003,1.3684037199999997,0
1225,590.64,36.020484,310.43545599999993,3.54747512,8.901918560000002,1.3125151999999998,0
1226,158.08,15.355516880000003,153.74596399999996,5.31453436,2.8574972117599997,1.2775214000000001,0
1227,243.64,23.892081599999997,178.81020120000002,3.3884450399999997,4.933741684,1.3012777599999998,1
1228,155.4,35.076584000000004,211.85821199999995,3.4023362799999997,8.29293936,1.2900893599999999,0
1229,84.64,19.33372919999999,223.06322399999996,4.869335240000001,4.79630916,1.2877878,0
1230,130.2,45.2430508,221.22344400000003,3.46922024,11.878953120000004,1.31112404,0
1231,162.12,33.19342319999999,119.91732399999997,3.57615636,8.025335880000002,1.30473184,1
1232,171.16,26.273510399999996,30.639670000000002,5.7527420000000005,8.908892000000002,1.35401144,0
1233,179.04,31.672023600000006,313.48774688000003,3.6729735200000007,7.598596279999998,1.3445313200000002,0
1234,192.52,29.605466399999997,108.9252096,5.6197754799999995,10.269770760000002,1.3372746800000002,0
1235,121.2,11.444397159999996,108.325198,4.186843,1.8868455723600008,1.3361929600000004,0
1236,387.88,20.567728680000002,318.385488,4.11989024,4.57669152,1.3148652799999996,0
1237,459.6,15.499883239999999,187.151246,5.203570760000002,3.250029375159999,1.3160276800000004,0
1238,21.2,17.87166512,164.97866399999998,4.69457976,1.8930350053999998,1.3434629200000003,0
1239,324.4,34.202788,180.437748,4.18945348,9.429327599999999,1.3406409599999998,1
1240,561.36,13.709675480000001,205.11300000000003,4.229156359999999,2.516026159999999,1.3201483999999999,0
1241,231.48,28.948259999999994,77.479626,3.742174,6.8442624,1.3651812800000003,1
1242,409.24,28.153471199999995,51.330315599999984,3.6412881600000007,6.43701452,1.29514008,0
1243,257.44,33.5553448,323.25171615999994,4.69538816,10.1484918,1.2862343999999999,0
1244,354.6,34.63271119999999,216.91834,3.9206041200000006,8.978732359999999,1.3049956,1
1245,83.68,18.62489308,186.739044,4.94527848,4.780579287999999,1.3388545600000001,0
1246,402.12,46.142292399999995,327.447716,3.535617920000001,12.27192456,1.3674686,1
1247,277.96,24.24629639999999,121.02269600000001,4.477947800000001,6.107385279999999,1.28931948,0
1248,294.72,17.136021079999992,237.82470799999996,4.125744719999999,3.299150064,1.3431054799999995,0
1249,686.76,26.15904479999999,35.50150960000002,5.30805836,8.075587119999998,1.3482693599999995,0
1250,217.68,34.68970799999999,58.02075919999999,4.00280656,9.59220272,1.2948372000000001,1
1251,172.32,34.5585032,214.57162600000004,3.42962116,7.9082409999999985,1.30541572,1
1252,39.0,15.25104296,250.59209600000003,3.9088268,2.6953685079999996,1.36417148,0
1253,129.6,27.9456924,50.13885959999999,4.646546680000001,7.8220098400000015,1.3552128800000003,0
1254,152.28,29.8795172,242.618424,3.95980296,7.4743960000000005,1.3603786000000002,1
1255,217.36,28.169869200000004,25.11241136,3.8046609999999994,6.64301172,1.3418502400000003,0
1256,425.12,21.97761240000001,116.475124,3.7461286400000002,4.6183964,1.28433448,0
1257,81.64,30.20151296,229.689752,6.293748320000001,10.59502072,1.274399,0
1258,199.56,21.889259999999993,177.51135599999998,4.968225520000001,5.847707799999999,1.2795828800000002,0
1259,340.4,26.86039839999999,259.39855199999994,3.94029328,6.367683959999998,1.3023744000000002,0
1260,228.8,36.905829999999995,201.45387199999996,4.263170359999999,10.60135576,1.340228,1
1261,181.56,23.885938799999995,225.75523600000005,4.35143236,5.822134839999999,1.32870376,0
1262,245.72,16.17723012,304.719292,4.447865360000001,3.4689793319999995,1.1801541999999998,0
1263,416.24,30.614755999999996,217.717764,2.7244971199999997,6.10935856,1.2874510399999999,0
1264,16.12,21.42163536,163.5363764,4.28225108,4.361280226640001,1.2215461600000002,0
1265,44.56,24.3490184,307.10126,3.37263588,4.9999802,1.13916568,0
1266,184.44,34.504856,286.86001999999996,3.9529135600000007,9.13861848,1.3607574399999998,1
1267,27.04,20.350153199999994,68.7136632,4.23615492,4.3808276799999994,1.10370424,0
1268,84.0,14.754351999999997,126.47554880000001,6.488694239999997,4.205711883840001,1.26849888,0
1269,196.84,32.832116400000004,238.18745600000003,4.16933168,8.786090360000003,1.30668388,1
1270,95.44,27.8481716,314.603772,3.8444409200000003,6.593956279999999,1.2378413999999998,0
1271,59.6,23.350525200000007,253.306624,4.63880556,6.01016044,1.27342788,0
1272,219.0,33.0484836,319.91762399999993,4.65624192,9.83530968,1.3114932,1
1273,271.08,35.511569599999994,177.29329212000002,5.490190719999999,14.66055744,1.3686087599999999,0
1274,407.16,31.080671999999986,166.78839599999995,4.22846012,8.29500112,1.3016820800000002,0
1275,245.56,29.0076112,119.56510600000001,4.03715552,7.0481151199999985,1.3657768800000005,1
1276,199.2,21.717297199999997,147.395464,4.142953200000001,4.940314839999999,1.10519392,0
1277,303.8,38.2004624,77.676238,2.7594312000000003,8.339997559999999,1.2918834799999999,0
1278,123.44,36.38932799999999,238.73911200000003,4.09190424,9.98721312,1.28394516,1
1279,26.8,23.066547600000003,51.115593600000004,4.91507088,5.87221224,1.29389028,0
1280,95.76,25.862132799999994,330.326784,5.6768382,8.790699720000001,1.3371893200000002,1
1281,68.28,25.469256679999997,153.81824919999997,6.8315315199999995,8.11718208,1.2512360800000004,0
1282,101.92,18.79732292,166.778256,4.00867452,3.463131680000001,1.2934938,0
1283,186.84,32.2719248,158.433056,4.343678519999999,8.99746844,1.3616476400000002,1
1284,412.56,43.6360468,191.39289600000004,4.0136726,12.763734399999999,1.31419772,0
1285,408.48,23.54987292,86.93655879999999,4.095612,5.602160252000001,1.28689508,0
1286,433.28,38.10839599999999,199.352888,4.509196399999999,11.801398240000001,1.3123789199999998,1
1287,260.48,33.92119639999999,208.96247600000004,4.97491204,10.921062679999999,1.3200183600000002,0
1288,134.88,22.5393352,132.127812,4.523052359999999,5.58157728,1.3176139599999999,0
1289,318.16,20.7245272,283.696298,3.9597476,4.152866764,1.2883499999999999,0
1290,45.68,26.813532400000003,121.69119600000002,5.203638160000001,8.19457336,1.27525924,0
1291,667.68,29.4567244,221.63832000000002,3.714960000000001,7.030275480000001,1.36807156,0
1292,297.48,23.04104920000001,100.63196399999998,4.93488692,6.23928132,1.32140892,1
1293,236.0,33.69609159999999,186.15718720000004,2.6457015999999998,6.81021904,1.2955854399999998,1
1294,347.32,42.0456256,191.871888,3.3642308,10.65844924,1.3160816400000002,1
1295,147.64,32.174325599999996,222.12211200000002,3.6049564800000002,7.186887679999999,1.29958952,1
1296,376.76,38.982576,331.3129400000001,4.47112384,12.019056400000002,1.3682000400000005,1
1297,350.88,27.980562399999993,100.09428440000002,3.84074544,6.655197239999999,1.28945424,0
1298,328.84,31.84069079999999,292.5520960000001,4.514585479999999,9.1162124,1.2977446799999999,0
1299,84.12,24.635671200000004,230.845808,5.0327405999999995,7.001559359999999,1.2793199599999998,0
1300,253.96,20.573150679999998,244.51145999999994,4.45856496,4.80126964,1.3017289599999997,0
1301,133.44,32.9159296,192.15077199999996,4.870711399999999,10.14101948,1.3551038799999997,1
1302,303.4,36.948154800000005,266.06077856,2.9146297999999997,8.05757788,1.3339791600000002,1
1303,252.24,20.264952799999996,314.055008,4.8164960400000005,5.1883614399999995,1.3095763200000001,0
1304,52.24,18.736023599999996,213.62591200000003,4.5910138,4.369119839999999,1.3294282399999997,0
1305,182.96,34.206799999999994,336.96681600000005,4.180737399999999,9.37585948,1.3063648,0
1306,579.36,29.628395199999996,148.46057600000003,3.7128116799999997,7.04269304,1.34750776,0
1307,213.4,34.264930799999995,330.49536000000006,3.2851589599999995,7.877107719999999,1.2991085599999999,1
1308,161.56,29.239987999999997,279.087492,4.79311256,8.48734316,1.3612006399999999,1
1309,301.04,22.610186000000002,200.06657199999998,5.399896640000001,6.709159560000001,1.32378716,0
1310,100.2,16.377594400000003,261.904776,6.128225399999999,5.020439240000001,1.3424985999999999,0
1311,65.36,29.29634359999999,62.62268959999999,4.63046124,8.00749408,1.2623004400000004,0
1312,79.56,19.024467600000005,166.27905600000003,4.652111039999999,4.139503040000001,1.28717124,0
1313,480.0,31.2643516,168.18288399999997,4.454966040000001,8.74087728,1.3207355200000002,1
1314,125.72,29.302258799999993,199.22134000000003,5.348874480000001,9.609459799999998,1.29521068,0
1315,283.12,27.223286400000006,29.4027648,3.87357192,6.422908960000001,1.3312255999999996,0
1316,210.48,11.784625159999996,194.074802,4.10605044,1.66667877624,1.322849,0
1317,664.8,26.864986000000002,125.28862199999999,2.9471255199999997,5.167092680000001,1.3614744400000003,0
1318,216.48,30.48916679999999,152.283084,4.71570108,8.99536628,1.3045154399999999,1
1319,74.52,31.905233599999992,91.62157440000001,5.323094,10.74878264,1.2521109199999998,0
1320,421.96,28.302560799999995,108.513848,4.61563228,7.822205319999999,1.3010811600000003,0
1321,91.96,11.798659480000001,171.73739999999998,7.10198652,1.7886948066000001,1.3127146399999998,0
1322,148.4,29.007207599999997,76.97821680000001,3.4266227999999987,6.535325600000001,1.28027864,0
1323,445.6,13.45469492,161.15355319999998,6.400319559999999,1.7526868693200002,1.3128218400000002,0
1324,392.28,27.610229600000004,126.9288968,4.161340720000001,6.98743684,1.28323936,0
1325,85.92,33.278964800000004,248.99664816,4.436385,9.191057599999999,1.27558164,1
1326,90.92,30.512142400000002,29.165061599999998,5.118643600000001,9.67182316,1.28572712,0
1327,42.0,29.273718399999996,204.88893199999998,4.0287472,7.4199792800000015,1.29271952,1
1328,182.88,33.776004400000005,347.768128,3.82843104,8.639581399999999,1.3168112000000003,0
1329,271.8,16.56596492,268.42328799999996,6.250952800000001,4.72025183592,1.31014824,0
1330,316.92,25.220995200000008,152.51544079999996,4.335939640000001,6.29389864,1.28729928,0
1331,47.4,27.4275972,43.9904832,3.78284084,6.2712782,1.2948001600000003,1
1332,478.84,31.756453199999996,267.16459999999995,5.831611359999999,11.86081044,1.31965988,0
1333,306.64,17.26576488,162.552112,5.260042599999999,4.6070305953599995,1.31731976,0
1334,29.08,23.804426,204.40771375999998,4.7073827999999995,5.04590094084,1.30611536,0
1335,121.88,37.955283599999994,238.6027000000001,4.528504679999999,11.635798599999998,1.2941046799999998,1
1336,131.92,31.1598296,140.92960239999996,3.329482640000001,7.086256479999999,1.24991564,0
1337,170.6,30.28597599999999,159.844992,4.878874479999999,9.132856519999999,1.31596992,0
1338,528.84,19.91479799999999,79.59192960000001,4.36646824,4.49589908,1.3210743999999999,0
1339,287.96,22.626616799999997,159.2703028,6.306154039999999,7.65081066768,1.3303617200000002,0
1340,645.24,32.079357999999985,335.26924119999995,5.302418599999999,10.814395680000002,1.3495945999999999,0
1341,88.64,11.031523599999998,278.389796,4.746641479999999,1.80381601036,1.29694764,0
1342,170.2,31.1697864,106.54645600000002,3.4336951200000003,7.1382284,1.2804094799999999,1
1343,41.72,25.2782956,106.25418000000002,4.042075679999999,5.959174479999999,1.2754457199999998,0
1344,146.56,26.372466,197.855752,5.46229036,8.47499584,1.3155614800000002,0
1345,101.4,30.302700800000004,290.2572600000001,5.87832992,11.148715480000003,1.2240640799999998,0
1346,269.28,25.483727600000005,287.68690200000003,2.99182196,4.983420208000001,1.2844101999999997,1
1347,188.8,14.077900719999995,134.6748,4.06110712,2.81699649968,1.3184069999999999,0
1348,182.16,18.536578399999993,211.48561999999995,6.0056394,5.6610165199999996,1.3167452400000002,0
1349,268.12,22.2148224,95.17387639999997,5.24899272,6.900597719999999,1.2835240399999999,0
1350,209.96,26.720784400000003,285.879854,4.898192479999999,7.669921,1.3184978799999998,0
1351,63.76,32.601254680000004,285.68433200000004,5.815122799999999,10.295331654040002,1.25896852,0
1352,549.16,41.62706920000001,280.686784,3.3007957200000004,10.38309284,1.3666268799999997,0
1353,212.28,27.8227116,227.041964,4.90644424,8.156001800000002,1.3628619599999998,1
1354,95.36,34.859722,280.51911416,2.9522132800000005,7.587828240000001,1.2774890400000003,0
1355,121.6,33.0674608,170.87025999999994,5.063954079999999,10.307772,1.2858526000000001,0
1356,137.68,28.731255599999994,172.69602000000003,5.203995559999999,9.349790759999998,1.3444827599999996,1
1357,36.04,25.492916399999995,158.349436,4.46029472,6.072551520000001,1.21669516,0
1358,268.96,38.27536159999999,170.75108799999998,3.97891452,10.51590848,1.2952476400000001,1
1359,213.24,24.30327919999999,44.190988,5.14417072,7.22492188,1.3361625600000004,0
1360,21.56,26.087040800000004,181.46845600000003,4.4447332799999995,7.177473160000002,1.27266584,0
1361,221.88,28.835204399999995,198.91217200000003,3.897588439999999,7.025378920000001,1.1094315999999997,0
1362,364.36,44.7044152,206.72466399999996,3.5622318399999995,12.067692,1.3630614,0
1363,107.88,24.720780519999998,127.3679608,6.205418560000001,8.98063592,1.3444734399999998,0
1364,291.4,36.771538400000004,100.4595904,4.094970239999999,10.203206119999999,1.36041368,0
1365,304.2,22.707744400000003,269.1186799999999,4.7690931999999995,6.012288079999999,1.3010149600000003,1
1366,153.2,24.9317964,302.175048,5.191296040000001,7.2808790399999985,1.1675266800000001,0
1367,28.08,15.152976560000003,276.94562399999995,6.989402160000001,3.0027771619199997,1.2671031999999998,0
1368,339.88,20.312916519999998,102.5291764,6.340837439999999,5.918104395479999,1.3216537200000003,0
1369,109.48,21.670132399999996,206.03882,5.776366079999998,6.754417919999998,1.2738694400000004,0
1370,306.0,22.991611199999998,60.14672839999999,4.484124599999999,5.53671252,1.28379076,0
1371,256.32,34.01280160000001,128.9315436,5.141861880000001,11.365159160000001,1.3043573200000003,1
1372,336.48,32.009171999999985,205.2228680000001,4.01114332,8.30814164,1.3204778,0
1373,10.48,28.663311199999995,69.0749104,3.6791534,6.6733612,1.09752636,0
1374,426.48,25.6996404,303.15476248,4.8448892,7.266440959999998,1.33311312,0
1375,372.6,31.069274800000002,215.26935600000002,2.7142055199999997,6.19223252,1.2885035200000001,1
1376,234.16,33.79966239999999,185.66035599999998,2.72937232,6.9369160800000005,1.2800822000000003,0
1377,164.04,27.382965600000002,121.55918000000001,3.48118884,6.11023024,1.2393259600000004,0
1378,285.8,29.58526400000001,237.14484000000004,4.650884919999999,8.4433486,1.2970510400000002,0
1379,157.56,32.104990799999996,44.8443552,4.54776064,9.17244432,1.36155992,0
1380,405.8,27.27478399999999,29.29044048000001,4.29449432,7.008776879999999,1.3546972400000001,0
1381,120.8,29.4948716,136.19538079999998,5.72889548,10.385646240000002,1.1010016400000002,0
1382,389.96,24.83069040000001,193.07022400000002,5.22749028,7.375166639999999,1.300556,0
1383,98.52,23.4211768,295.215412,6.33199952,8.29388212,1.3195779200000002,0
1384,142.12,31.673679200000002,164.446984,4.03375132,8.11649324,1.31395036,0
1385,304.24,30.5865284,74.05325759999997,4.3676414,8.40564532,1.3027183600000003,1
1386,185.0,32.161263600000005,50.14566567999999,3.3158960000000004,7.345921479999999,1.10197232,0
1387,279.96,17.255189759999997,181.0807416,4.8475162,3.1568230063200002,1.3303294399999999,0
1388,28.24,24.40520944,283.1276920000001,3.1556758399999993,4.9529943,1.3185811200000002,0
1389,208.2,38.28637439999999,157.07246399999997,4.563814240000001,11.915348399999997,1.29235548,0
1390,466.4,24.83702599999999,163.98904799999997,3.30897556,5.075087720000001,1.330776,0
1391,30.8,18.7358384,159.52951199999998,5.703067599999998,5.443213439999999,1.2867268800000002,0
1392,161.76,33.23326012,117.19410120000002,5.4359467200000005,10.433074468,1.2831485999999999,1
1393,202.92,35.910688,303.72025599999995,5.926766560000001,14.316026760000002,1.3073426000000001,0
1394,279.52,37.25439480000001,338.53884400000004,3.7736403600000004,9.75764288,1.3545576800000003,0
1395,342.44,34.7692936,258.49796,4.53528024,10.31151296,1.3274225599999996,0
1396,341.76,39.9082836,170.41940000000002,4.4935896,12.2893594,1.3099019600000004,1
1397,228.88,34.8122676,191.79384000000002,3.01930252,7.73927488,1.3000594399999996,1
1398,618.12,28.0166028,45.4368664,3.5083633199999995,6.2081464,1.3695765999999998,0
1399,398.2,37.39276600000001,84.76101159999999,4.159846040000001,10.54225752,1.29661556,1
1400,109.84,30.193860519999998,222.272832,4.24894956,7.842551236519999,1.3008992400000003,1
1401,41.36,22.16447919999999,129.63027799999995,3.708818039999999,4.599473399999999,1.11572256,0
1402,30.32,23.4830352,130.15540679999998,6.95268148,9.735656,1.26859016,0
1403,155.08,37.87426759999999,234.495256,4.0506344,10.53545748,1.3412222399999998,0
1404,49.56,17.946298399999996,167.2929,4.79526832,4.531883199999999,1.09821564,0
1405,353.04,30.672387999999998,170.55124400000005,4.817665,9.17702344,1.29214268,1
1406,48.52,22.820604000000003,96.84407279999999,4.790347999999999,6.06937132,1.3398366000000002,0
1407,272.68,42.054152000000016,170.58418,3.8524095600000003,11.6394866,1.2937718,0
1408,678.08,30.024163200000007,224.29536,4.5558712,8.453048599999999,1.3364048400000001,0
1409,128.16,22.138169199999997,121.5899496,5.121255,4.46635084592,1.3165069199999997,0
1410,473.44,23.070402799999993,65.98979480000001,4.251635480000001,5.48734184,1.3298467200000001,1
1411,152.2,27.5172044,312.293248,3.67589608,6.267443519999998,1.2998627999999999,0
1412,262.44,32.8770456,176.04973999999996,4.248435519999999,9.05238444,1.2854619999999999,1
1413,350.08,25.562173199999997,131.34270800000002,3.60656636,5.56759696,1.3299013599999998,1
1414,64.0,16.91054812,251.15159200000002,5.344139560000001,4.01003201164,1.3094572400000002,0
1415,259.44,29.125989999999987,148.53233600000004,4.15377708,7.486073119999999,1.27512828,0
1416,22.04,9.080295679999999,245.86259800000005,5.98910396,1.9687824911999998,1.30545696,0
1417,306.36,37.7294308,170.895848,5.269267200000001,13.516956400000003,1.30728812,0
1418,213.72,29.118646000000002,196.888156,5.44358028,9.57107252,1.31465384,0
1419,278.88,24.130094399999997,196.28589600000006,5.681961,6.469786479159999,1.31974388,0
1420,44.76,25.3065284,100.33435680000001,3.8933136400000006,5.7980936000000005,1.0980858400000002,0
1421,43.64,19.726483879999996,90.05834519999996,3.411984439999999,3.5649230680000006,1.26971204,0
1422,15.08,22.174023199999993,151.652396,4.9842399199999985,5.312823880000001,1.27029008,0
1423,252.56,38.18574799999999,299.87698,3.3898857600000003,9.475020160000001,1.2934881999999999,1
1424,291.8,26.68389988000001,322.90654400000005,3.8618140400000005,5.3667093873199985,1.30477712,0
1425,57.88,22.405361359999997,277.9823636,4.04933424,3.96149462104,1.31371576,0
1426,35.0,25.075378,246.36274408000006,5.3324388,8.03168548,1.3665509200000003,0
1427,140.32,18.8389496,242.23859600000003,5.45569384,5.10051112,1.30307612,0
1428,257.64,24.024715199999996,75.07880240000003,5.3737306799999995,7.2885345599999996,1.26913544,0
1429,252.32,27.869989199999992,220.96273599999998,3.10220888,5.7556115199999995,1.2998398400000002,1
1430,120.16,30.171274399999994,106.41884519999999,3.1162812000000013,6.405045160000001,1.3452560799999997,1
1431,42.92,25.427059999999994,74.66122080000002,4.23774464,6.25442032,1.25768496,0
1432,119.4,24.1221456,293.66579607999995,3.6722340399999984,5.18219496,1.28068652,0
1433,269.24,31.994623199999992,174.533716,3.195894040000001,7.0914509599999995,1.3043398400000001,1
1434,671.76,19.777467599999998,149.28854,4.90398316,4.99625496,1.33828756,0
1435,24.24,17.967411399999996,221.50652200000002,6.23834856,3.71375145048,1.24889688,0
1436,496.12,30.149439199999996,63.55517640000002,4.077439199999999,7.67152768,1.32772676,0
1437,437.28,28.812076400000002,71.12510200000001,3.9242324,7.023077079999999,1.3466118799999998,0
1438,16.8,42.5941396,59.390744799999986,4.1244906399999985,12.182040040000002,1.1304778799999997,1
1439,113.72,27.4602728,144.361964,3.9766012399999995,6.61543952,1.26462544,0
1440,176.0,33.292487200000004,179.09520799999999,4.7544135999999995,10.18770752,1.35990376,1
1441,239.76,19.919588,157.37868360000002,3.48274004,3.81529264,1.3112605199999998,0
1442,87.04,27.956146399999998,105.19696080000001,3.2815383600000003,6.282773360000001,1.1752470400000001,0
1443,187.6,26.564509999999995,154.11890400000001,4.13611476,6.534584,1.2578612,0
1444,281.84,30.395695320000005,257.51734867999994,4.60565468,8.55594968,1.3686116799999999,1
1445,194.0,23.28355268,203.57801840000005,3.27505608,4.620259959999999,1.3035830400000004,1
1446,137.4,32.2593336,37.151204799999995,3.53213324,7.647792999999999,1.2472084399999999,0
1447,290.28,37.7620492,229.28354400000003,3.0826478,8.706011,1.3207055599999997,1
1448,73.32,19.6139692,218.25239600000003,6.689409199999997,6.924485360000001,1.3126789999999997,0
1449,313.64,25.866754000000004,130.58565679999998,6.091093559999999,9.33570944,1.32390036,0
1450,451.32,17.6962852,294.5716616,5.035527520000001,4.349307311999999,1.3694088400000002,0
1451,553.84,33.8390924,315.274492,4.304314680000001,9.289210279999999,1.3500001600000004,0
1452,296.36,38.175191600000005,285.7776479999999,4.14754096,10.923718280000001,1.3161454399999999,1
1453,98.04,25.973394400000007,245.34662400000002,7.064184960000001,10.409075760000002,1.3435516400000003,0
1454,201.56,28.12011400000001,58.464442399999996,3.977444920000001,6.85927724,1.1998406,0
1455,13.36,16.79662888,337.335432,9.697062840000003,0.49707519852000004,1.3646698000000002,0
1456,328.76,35.22691959999999,173.21497600000004,3.9124585199999995,9.59331176,1.358581,1
1457,237.84,34.62018759999999,189.39273200000002,4.802433000000001,11.649006439999999,1.2376297200000002,0
1458,121.84,29.719868400000006,58.69303168,3.1337424000000005,6.348886839999999,1.3396720000000002,1
1459,205.24,27.623836399999995,147.78146,5.55529876,9.154768520000003,1.36308468,0
1460,602.68,24.354794960000003,55.632008799999994,2.8998046,4.6396476280000005,1.3393964,0
1461,65.8,30.702766400000005,297.84245688,2.8032112000000002,6.128349332,1.312635,0
1462,362.04,41.60556559999999,192.784652,3.8707869599999998,11.67787216,1.3153712800000001,1
1463,84.64,25.10104468,113.09026,5.318203479999999,7.3669837199999995,1.34243596,0
1464,23.56,27.489718800000002,154.0404396,3.57951776,6.20787008,1.3238625600000002,0
1465,420.4,38.274401600000004,295.68823784,3.63623364,9.75479452,1.28642792,0
1466,323.44,43.486097599999994,196.306708,4.33306444,13.530448400000001,1.2774476,1
1467,442.72,25.181606000000006,219.64719087999998,5.462768799999999,7.84392176,1.36901028,0
1468,219.2,28.403778399999993,279.2156640000001,4.776270000000001,8.154444839999998,1.33865288,0
1469,313.64,36.41299719999999,46.06046055999998,3.6315524,9.219323800000002,1.28875052,0
1470,131.28,26.425568280000004,122.321128,3.4636389199999997,5.787608164000002,1.2350908399999998,0
1471,458.48,33.342176,169.743624,3.7466179600000005,8.321475320000001,1.31713416,1
1472,213.64,42.4425088,315.4045239999999,2.874385,9.64588744,1.28754164,0
1473,229.04,28.559932800000006,65.22711400000001,4.10248484,7.17931988,1.2873027200000005,0
1474,62.48,32.83137479999999,19.935300880000003,4.1183483999999995,8.88119832,1.3094204000000003,0
1475,339.92,23.725030399999994,207.37516399999993,4.899405959999999,6.420578320000001,1.3051126400000002,0
1476,57.96,20.553228,143.07315599999998,4.95855528,5.403111559999998,1.1695295600000002,0
1477,288.44,25.417396,161.033152,3.1035870399999994,5.080379799999999,1.30471156,1
1478,113.12,23.0907424,90.27644199999999,6.87988976,9.23360564,1.2549536399999999,0
1479,86.36,18.43470492,90.16739240000001,5.026998359999999,4.1374576718,1.31092816,0
1480,111.64,29.66932,49.65993359999999,4.637699120000001,8.40288056,1.31229644,0
1481,383.6,34.9190516,83.76792999999998,3.2515907199999994,8.088084679999998,1.32677376,1
1482,129.68,31.459087199999985,347.0340919999999,4.06228104,8.205203440000002,1.2855484000000001,0
1483,107.36,39.3338964,250.367548,4.385532559999999,11.94471172,1.29636584,0
1484,427.04,21.208442799999997,60.84706400000001,3.9561619600000006,4.544396879999999,1.3261319199999997,0
1485,59.88,33.9150524,275.355032,4.509059239999999,9.96739208,1.2916176400000001,1
1486,196.4,17.832091079999998,122.91073200000001,3.55714604,3.3195404840000005,1.2884948399999998,0
1487,119.48,34.56271120000001,98.7206832,4.35184104,8.86258170728,1.2947654,1
1488,319.8,40.21443239999999,344.486532,4.612668200000001,12.97503868,1.31201536,0
1489,279.0,28.267688800000002,99.902502,3.99031888,6.752963280000001,1.3307690399999998,0
1490,20.32,34.05405319999999,141.48946400000003,4.6539488,10.554264080000001,1.2278323999999998,0
1491,88.76,21.019141720000004,258.17514399999993,5.27948852,5.7375128657599985,1.35276776,0
1492,334.8,41.752916400000004,239.05435599999998,4.27125024,12.589861199999998,1.2770587599999998,0
1493,37.48,35.964651200000006,174.54505600000002,3.88747032,9.55881996,1.22092872,1
1494,479.48,37.438482400000005,81.535354,5.3840768400000005,13.584102399999997,1.3530994800000002,0
1495,412.8,21.6849192,240.511368,5.863894439999999,6.5980022400000005,1.329045,0
1496,159.68,30.068244000000004,89.7034304,4.70271416,8.81184392,1.2804728,0
1497,232.8,28.583783200000003,239.01811199999997,3.3309531199999998,6.2040405199999995,1.31107804,0
1498,105.04,28.519393199999996,280.36036616000007,3.48874304,6.3224189200000005,1.33356084,0
1499,76.72,24.46869879999999,151.27255599999998,4.00450532,5.692910959999999,1.27887212,0
1500,113.36,36.54159052000001,151.93712680000002,5.61933268,10.775164135240002,1.30997244,0
1501,168.24,29.9000332,181.375272,6.67567776,12.88434712,1.1492957200000002,0
1502,75.32,25.539175200000003,298.03229600000003,5.90150396,9.076006280000001,1.34547724,0
1503,198.24,31.329595199999993,167.974028,4.51862764,8.89224748,1.36000204,1
1504,284.84,21.756632399999997,314.10479599999996,5.269060279999999,6.14551544,1.32102992,0
1505,78.24,30.192053600000005,85.44952840000002,5.17814244,9.64683504,1.1338615600000004,0
1506,171.68,24.683073999999998,90.05342839999999,5.042654959999999,6.91729396,1.3639783200000002,0
1507,150.0,28.756787999999997,246.81101599999994,4.55142664,7.9397215999999995,1.3386830000000005,0
1508,160.4,37.10757,286.82754,4.7954533999999995,11.70486324,1.2938020000000003,0
1509,169.36,28.367507200000006,248.01503599999995,3.30933808,6.081008280000001,1.34118,0
1510,335.88,22.354161319999992,295.94945304,7.0616064000000005,7.803362103759998,1.30627632,0
1511,319.84,34.4870756,79.71399159999999,5.7248290399999995,12.977618000000001,1.3023677599999999,0
1512,71.76,24.97785799999999,342.77415319999994,6.893822000000001,10.69708836,1.3655932000000004,0
1513,720.08,31.8045496,147.720536,4.22312468,8.5880488,1.33798956,0
1514,592.08,48.5503748,74.8158108,2.46507712,10.79650708,1.36292876,1
1515,409.16,37.476785199999995,144.89526496,4.718928080000001,12.029558439999999,1.35379916,1
1516,273.16,32.20942720000001,246.19055600000007,3.4744782400000003,7.506253920000001,1.30430248,1
1517,136.32,27.1472724,34.87305103999999,4.186584,6.951237160000001,1.33941184,0
1518,75.32,22.977659359999997,305.1508119999999,6.032820960000001,8.243572039999998,1.31733528,0
1519,534.84,26.144506800000002,265.175596,3.59981332,5.7353356400000015,1.3476777999999998,0
1520,156.44,26.428853999999998,322.16998208000007,4.29009452,6.688656640000001,1.2178274800000002,0
1521,234.04,22.850293719999996,183.20912800000002,6.279222800000001,5.300409964400001,1.28664488,0
1522,18.08,16.35163192,316.672804,6.005735039999999,3.72101077116,1.2844925600000001,0
1523,140.76,24.378174799999996,127.3893568,4.607172080000001,6.38581092,1.2972530800000002,0
1524,150.32,17.521032400000003,109.30741,4.8864509599999995,4.1131749200000005,1.2790693200000003,0
1525,189.0,34.5773164,344.0957000000001,4.0664191999999995,9.34022112,1.36712632,1
1526,530.88,31.5917532,175.23,5.313847640000001,10.51212212,1.3211861999999999,0
1527,463.92,13.146596520000003,278.2626,4.54950172,2.03246256824,1.31278548,0
1528,270.16,20.899082,290.854348,5.7078484000000005,6.61020476,1.33610908,0
1529,350.96,32.49473599999999,66.38354199999999,3.71177032,7.978605319999999,1.2966324,1
1530,333.16,27.8466536,337.28498799999994,5.072264759999999,8.395438879999999,1.3032584399999998,0
1531,58.08,25.598734399999998,308.455912,3.98699852,5.99126808,1.3186081200000002,0
1532,328.6,25.806598800000007,300.8888296,4.857556119999999,7.997783880000001,1.3571732400000005,0
1533,187.12,28.369976279999996,212.62297600000002,3.9120426800000008,7.01693912,1.2931313599999998,1
1534,108.72,20.374499599999993,280.8812879999999,5.5451344,5.85257016,1.27552604,0
1535,206.76,25.984741999999997,249.506316,4.850826319999999,6.81470544,1.3143416,0
1536,368.32,25.862655359999998,133.17673200000002,3.06576496,5.309702299999999,1.3029723199999999,0
1537,111.6,27.3467436,268.042608,5.645972079999999,9.21853616,1.29539484,0
1538,441.52,14.743092999999996,265.06096,3.41990848,2.8367480960000004,1.3119408799999999,0
1539,27.68,31.1477016,125.48200960000003,5.158431199999999,10.6271658,1.3652512799999996,0
1540,63.76,32.4961856,163.821964,3.748012080000001,8.0950686,1.3600262800000003,1
1541,167.64,26.9262852,36.466428400000005,3.61210284,5.994238279999999,1.36561524,0
1542,183.32,22.479302399999998,237.11149200000008,6.812754959999998,8.873654440000001,1.2504730000000002,0
1543,178.8,26.2065548,307.1341896,4.86417024,7.36922868,1.312784,0
1544,47.36,21.4416552,212.825704,5.5034963999999995,6.02240524,1.1619319600000002,0
1545,43.08,18.697858119999996,140.44520759999997,4.242200759999999,4.078103744,1.32167164,0
1546,63.44,23.6061428,186.92951600000006,4.58454872,6.015480159999997,1.1169966400000002,0
1547,150.04,38.6433152,53.80023367999999,3.6560836,10.066929080000001,1.3006691999999997,1
1548,389.76,35.9596596,92.93939519999999,4.83815752,11.421829359999998,1.32769328,1
1549,84.28,43.958402400000004,327.7083120000001,4.1004971999999995,12.99336236,1.2943467600000003,1
1550,34.08,27.25018508,114.8878448,6.376144399999999,11.1636874,1.2525202399999997,0
1551,268.76,31.944611200000008,90.50508119999999,5.65247612,11.277936880000002,1.2977210399999997,0
1552,287.96,31.265416399999996,122.8350008,4.43742688,8.73903148,1.2904791999999998,0
1553,410.84,21.642446800000002,199.142352,3.8391223199999995,4.533890199999999,1.31670764,0
1554,516.76,28.8640996,323.820164,4.0508717999999995,7.1346206400000005,1.3195303600000003,0
1555,177.96,28.767196399999992,47.28133200000001,4.195908719999999,7.38123568,1.3386002399999994,1
1556,21.64,25.423771999999996,297.64623720000003,6.3260628400000005,9.283839440000001,1.31545392,0
1557,65.4,32.6978236,164.38122359999997,2.4804634399999994,6.2248969999999995,1.11596336,0
1558,382.48,21.286397999999995,151.82341599999998,3.8324807599999997,4.49984508,1.3177352000000002,0
1559,337.84,28.601584799999998,220.17277200000004,5.0976021199999995,8.7724008,1.3174503199999998,0
1560,30.88,23.132507999999994,117.394036,4.955574599999999,6.278299960000001,1.09794632,0
1561,175.08,34.27885479999999,254.7138600000001,3.4522342399999997,8.165883240000001,1.3124716399999996,1
1562,694.04,42.4070252,146.29034,4.070061279999999,12.35081072,1.32070996,0
1563,255.12,35.301396800000006,176.77507999999997,3.69500696,8.96786844,1.28510968,1
1564,448.96,30.90377959999999,319.500252,3.2558941600000004,6.84064856,1.31953788,1
1565,238.72,31.645851599999997,175.351136,5.003434800000001,9.667152759999999,1.3106460800000002,0
1566,74.8,27.791850399999998,76.72538840000001,4.49788964,7.46675192,1.3476968399999998,0
1567,367.52,31.222900799999998,131.34297600000002,4.319517799999999,8.523749840000002,1.27982108,1
1568,84.84,28.81682759999999,89.73403640000001,5.856828480000001,10.34821448,1.3072988,1
1569,77.64,28.497910000000005,319.30308,5.28960184,9.146756400000001,1.3646842399999999,0
1570,205.56,44.2173708,33.5751572,4.5910593199999985,14.33383928,1.3073664,1
1571,56.44,17.641970160000003,178.24876,4.55611368,4.4960074,1.3167977199999998,0
1572,232.76,20.790134000000002,51.908399999999986,4.531884800000001,4.976705,1.32697816,0
1573,88.32,26.347731200000002,112.8761488,4.575233719999999,7.13912408,1.3395208399999996,0
1574,13.64,27.138550360000004,180.90741679999996,3.3877124399999996,5.011022832120001,1.2906433999999998,0
1575,69.08,24.383022800000006,116.87527800000002,5.928895919999999,8.225081520000002,1.28117212,0
1576,311.36,46.023796399999995,126.41240400000001,3.5763222800000007,12.813339679999997,1.3083572400000003,1
1577,77.76,25.140710799999997,35.0557812,4.11326064,6.023556200000002,1.3405964799999999,0
1578,594.4,25.900506800000002,213.25195999999997,3.28220496,5.37302972,1.3667772000000002,0
1579,291.64,38.04144519999999,206.99481999999992,3.4508590399999997,9.48382052,1.32063688,1
1580,241.96,21.672944399999995,57.9207956,4.2637678,4.7726194799999995,1.30133088,1
1581,458.92,28.6854124,180.28240839999998,4.5085386,5.179991408000001,1.3178665999999994,0
1582,502.2,37.8893304,299.0800408,5.479969800000001,14.01072432,1.32572212,1
1583,29.6,20.1737476,175.156512,5.3157806,5.8019754,1.2932312799999999,0
1584,227.16,26.352144000000003,64.62327479999999,3.3739320399999997,5.659093719999999,1.3367543599999998,0
1585,383.16,20.4405864,290.4977436,5.695168,7.231773959999998,1.2882377199999997,0
1586,295.24,28.849596399999996,283.631148,5.883722240000001,10.681863560000002,1.3154096400000004,1
1587,117.32,23.203841600000004,231.264604,4.59633452,5.8923242799999995,1.2759251999999999,0
1588,147.36,27.471458799999997,203.27103199999993,4.65463092,7.6228585199999985,1.34445604,1
1589,208.36,29.256722399999997,336.93288800000005,3.7998306400000006,7.044626319999999,1.32393876,0
1590,94.88,12.66323612,200.71334600000003,4.401552919999999,1.64871170684,1.2984591999999997,0
1591,61.72,23.615276000000005,224.41702400000003,6.2428310399999996,8.55743076,1.1946126,0
1592,94.88,31.30796959999999,298.76818399999996,3.6448124800000006,7.477672679999999,1.3345878,0
1593,94.48,31.6383772,133.27897599999997,3.91449228,8.01554588,1.11373528,0
1594,12.84,26.31684292,134.25306448,5.570618519999999,7.743256074599999,1.22966196,0
1595,68.32,26.950756000000002,294.88252800000004,5.609351280000001,8.763097680000001,1.32956944,0
1596,110.16,27.244908799999997,182.98429200000007,5.471609040000001,8.993123480000001,1.3384079599999998,1
1597,688.24,35.976970800000004,175.51550000000003,6.09053332,14.9150816,1.3344185199999998,0
1598,224.28,24.71446119999999,350.59232799999995,4.896266559999998,6.8591652,1.22013916,0
1599,215.76,37.42116200000001,274.31477488,4.221528320000001,10.760832760000003,1.30618728,0
1600,164.2,36.338622400000006,252.85274800000002,3.53726504,9.01643884,1.2979340399999995,1
1601,171.44,37.506749600000006,77.59884680000002,4.19190016,10.42762484,1.2956147999999998,1
1602,122.56,19.969874679999997,217.58737880000004,5.9975888,6.691917920000001,1.2965585199999998,0
1603,142.96,21.609572399999994,217.68487999999996,4.420142360000001,5.1414529600000005,1.3052068399999999,0
1604,208.68,25.99139199999999,183.357316,6.08525232,9.561795360000001,1.33472768,0
1605,159.28,36.90235,47.496385200000006,3.8762673999999997,9.845098599999998,1.34269744,0
1606,51.16,28.8337556,238.00292000000005,4.075919,7.307597800000001,1.2924677199999999,0
1607,352.68,32.35417,183.523976,3.74018096,7.97543628,1.28557676,0
1608,53.92,30.519871999999996,143.80746720000002,6.107895600000001,9.695306698960001,1.3064482800000001,0
1609,101.64,13.13480052,121.14134800000002,3.7056724,2.2298012280000004,1.1769846,0
1610,210.4,28.18306720000001,251.34602800000002,4.139860479999999,6.8902898,1.18042348,0
1611,513.6,23.27599199999999,141.554764,4.410338360000001,5.720592959999999,1.3458208399999998,0
1612,459.08,34.604357199999995,168.26205599999997,4.66609856,10.520676480000002,1.3644909600000004,0
1613,110.2,34.892841479999994,162.937834,6.254429320000001,6.91058445184,1.2975312000000003,0
1614,65.72,25.00119264,218.814926,4.632790359999999,5.51869439932,1.3535429200000002,0
1615,578.52,30.604770399999996,44.1739192,3.9482050400000004,7.751215400000002,1.3261938,0
1616,208.96,16.033612,294.40426399999996,6.07516836,4.590858600000001,1.33760076,0
1617,495.04,38.833923999999996,142.628648,4.426896199999999,11.802159199999998,1.32465728,1
1618,139.12,29.549666399999996,321.37370000000004,3.4205996799999996,6.640484,1.3630381599999999,1
1619,276.64,36.815694799999996,55.02712440000001,4.61022256,11.468988879999998,1.2927172000000002,0
1620,199.8,30.301601999999992,210.84282399999992,4.30846292,8.07553416,1.33849752,1
1621,322.52,22.63687479999999,123.877248,6.271773320000002,7.452139920000002,1.27691892,0
1622,537.8,35.0518044,156.849904,4.493062839999999,10.42022588,1.31989308,0
1623,219.32,36.563267599999996,157.61465600000002,3.5567907200000004,9.160700279999999,1.3003938799999997,1
1624,141.56,26.698348800000005,204.16251600000004,4.29142776,6.802831480000001,1.2936605600000002,0
1625,75.4,29.802944280000002,165.10901944,3.8459823999999996,4.98084828528,1.2884773199999997,0
1626,276.08,24.38203559999999,190.572232,3.7710866400000005,5.24631512,1.3147974399999998,0
1627,344.36,24.011953199999997,198.27974800000004,4.39249812,5.918296399999999,1.2912786400000003,0
1628,64.08,28.017789999999994,168.492472,5.074610239999998,8.195525519999997,1.2977336800000001,0
1629,316.96,25.274574960000006,134.9408576,3.08874384,4.878647096,1.30584488,1
1630,326.32,34.052527999999995,94.36621919999997,4.284833879999999,9.8149128,1.2823060400000004,1
1631,375.28,22.586432400000003,252.27645599999997,6.050097880000002,7.719379679999999,1.3158426,0
1632,482.44,32.00030400000001,337.516276,3.76820152,8.07837336,1.3649736399999997,0
1633,225.84,23.495618,286.2462,6.0264003200000005,7.959660439999999,1.2865097600000002,0
1634,287.56,24.992022000000002,167.32156799999996,3.8851762800000005,5.680044560000002,1.3108783200000003,0
1635,312.72,16.713685839999997,244.78828599999994,6.933785759999999,4.217530331159999,1.2834923200000004,0
1636,414.76,31.137058799999995,144.30201200000002,4.4222945199999995,8.78357744,1.32825028,1
1637,342.92,34.71882639999999,256.18682800000005,3.248953920000001,8.04525188,1.31818208,0
1638,325.96,28.3320336,258.95020000000005,2.90885068,5.680886280000001,1.3685011200000003,1
1639,334.32,26.876854,121.29859199999999,3.91806408,6.286710560000001,1.36763812,1
1640,179.28,33.327504000000005,179.33650799999998,4.48555376,9.67643608,1.3598981600000002,1
1641,441.44,23.935234279999996,196.16726799999998,5.362698040000001,7.148425560000001,1.32671592,0
1642,195.96,23.877398399999997,49.844595600000005,4.809642759999999,6.463218280000001,1.3382114800000005,1
1643,66.96,24.2295036,224.349592,4.7161949199999995,6.502206719999999,1.3445054,0
1644,59.56,17.45851812,109.61857399999997,3.6995066800000007,3.60845990768,1.12759044,0
1645,200.36,37.36390999999999,103.4037996,4.35935036,11.03074756,1.27733008,0
1646,19.84,21.062442960000002,115.81913199999997,5.00795136,6.026409480000001,1.2891157999999998,0
1647,375.6,31.4051148,274.015864,4.297797,8.498929599999999,1.31542348,0
1648,190.72,19.174327999999992,70.9861552,4.1812197200000005,4.153346320000001,1.3073333599999999,0
1649,404.2,41.209595199999995,180.970884,4.870058719999999,14.085879199999999,1.3117131199999996,1
1650,420.36,25.87075999999999,190.121296,5.485760280000001,8.18640092,1.3622447999999998,1
1651,130.92,23.3611384,105.28747639999997,4.923211439999999,6.39055468,1.18854136,0
1652,242.52,27.882036799999995,176.91074256,4.09948924,6.994418519999999,1.2934714799999998,1
1653,138.88,33.21796319999999,82.08847840000003,4.351589320000001,9.2752222,1.2819590000000003,1
1654,627.48,26.432331599999998,189.91475200000002,5.67331304,8.814026880000002,1.3410944399999998,0
1655,101.72,26.86994428,209.72766000000004,3.6484538,6.30085888,1.3195758800000001,1
1656,501.2,25.579450400000006,89.79389407999999,5.574315800000001,8.09265192,1.3223604,1
1657,200.28,14.260796919999997,124.70114800000002,4.528940840000001,2.9185873756800005,1.3159588399999997,0
1658,158.88,34.999184799999995,60.54413999999998,3.6723249599999996,8.837277039999998,1.3114534399999997,0
1659,158.56,29.963880399999997,206.79280000000003,5.16308232,9.504902359999999,1.2933645999999999,0
1660,723.0,31.929766799999992,274.707244,4.04705588,8.341743719999998,1.3231596,0
1661,123.4,32.6267184,33.068195599999996,3.8635364400000003,8.29100924,1.31889548,0
1662,112.08,36.23323080000001,231.47491128000001,4.10025164,10.085695399999999,1.3055143599999999,0
1663,272.4,34.96684719999999,241.226868,5.51537744,12.72111788,1.29408908,0
1664,368.92,31.18246239999999,239.67320800000005,4.26621684,8.37566548,1.35894464,0
1665,62.68,18.621813999999997,151.999652,4.0392322,3.8055660400000004,1.3051154,0
1666,93.32,27.16704,294.25221200000004,3.324137679999999,5.9362518,1.3440584000000004,1
1667,35.04,14.377115039999996,126.32519999999998,4.074148040000001,3.1185295959999997,1.2381832799999999,0
1668,155.44,17.630059839999998,80.1449952,5.791776120000001,4.9820888000000005,1.30563588,1
1669,199.84,26.5992324,86.12601879999998,4.825926440000001,7.455366720000001,1.3039660800000001,1
1670,38.8,13.497554480000002,310.37562,6.950399280000002,4.063700022679999,1.2797046399999998,0
1671,266.0,25.7044256,329.028752,3.9643672000000003,6.047730079999999,1.2900548800000002,0
1672,56.24,14.628054399999998,262.650752,4.37979784,2.76481439012,1.29611608,0
1673,400.64,28.028938799999995,179.55392,6.8765446,12.262066039999997,1.28554748,0
1674,127.2,23.2111616,114.74203199999998,5.2616213599999995,6.71872524,1.2959620799999998,0
1675,264.24,35.6229,317.89274071999995,4.13094936,9.806252879999999,1.32766616,1
1676,87.6,35.0315024,52.71624440000001,3.4715447199999994,8.30105196,1.30469784,1
1677,182.32,29.17989519999999,244.66248799999994,3.9662295600000004,7.327767039999999,1.3673114400000004,1
1678,125.72,36.779621199999994,41.731738400000005,5.039625320000001,12.276142919999998,1.3449018799999999,0
1679,247.16,38.4332188,186.15464,3.21851392,8.217005760000001,1.31981632,1
1680,96.96,13.354005880000003,300.8362476,4.73599328,2.7279354000000002,1.29055556,0
1681,148.28,20.119135479999997,303.768732,3.3622356399999997,4.027388119999999,1.3120613600000002,0
1682,527.8,32.93991199999999,313.24400008000003,4.119020079999999,8.676681319999998,1.321103,0
1683,88.0,40.288410400000004,164.15227599999997,3.5941698399999997,10.421823040000001,1.26631572,0
1684,354.96,30.3558008,123.022588,4.8566436,9.11045776,1.3236272400000002,0
1685,118.6,29.942171999999992,278.18453600000004,4.4841764799999995,8.386676759999999,1.35882912,1
1686,265.96,35.3445676,167.573952,3.6593221599999994,8.90599368,1.3114834000000002,1
1687,461.0,20.0047456,89.77724959999999,6.35574504,6.807601759999999,1.3693709199999997,0
1688,233.24,21.150749719999993,148.84325199999998,4.86492336,3.62792129528,1.2987365199999998,0
1689,156.32,33.257579599999985,95.65725279999998,5.190431639999999,11.05882572,1.3618918,0
1690,127.76,32.73606440000001,270.99660891999997,3.419837200000001,8.46706632,1.2942647200000001,1
1691,127.24,40.127754399999986,134.90171200000003,3.8793083200000003,11.054734640000001,1.3103731600000001,1
1692,27.96,26.146705599999997,264.81952400000006,3.8735373200000005,6.017912,1.11558348,0
1693,170.6,36.5280408,190.53516000000002,3.1821747599999997,8.3661914,1.34273932,0
1694,156.72,29.323992399999998,248.89086399999997,4.874552199999999,8.73761004,1.2523988800000003,0
1695,540.88,42.568357600000006,107.9304436,3.3652444800000008,10.77922708,1.3183411199999995,0
1696,126.56,36.1007716,247.9916068,3.8079800400000012,9.309870080000001,1.2583703999999998,0
1697,133.4,23.760766799999992,107.945992,4.91279408,6.521078360000001,1.25061156,0
1698,97.76,19.076026239999997,329.85270399999996,4.237983560000001,4.166638506959999,1.3619027199999996,0
1699,431.28,45.994943600000006,246.47594400000003,4.609086040000001,15.352020399999999,1.3651379599999998,0
1700,115.28,21.453021599999996,342.65366800000004,5.190206,5.8800440400000005,1.3062156399999998,0
1701,219.56,26.430975600000007,134.35565200000002,4.94873876,7.678221240000002,1.29390024,0
1702,290.56,38.1912712,298.3932,3.95914576,10.73127148,1.3567251200000003,1
1703,202.68,23.334868640000003,134.11025776,5.8451626800000005,5.14783627388,1.33050344,0
1704,45.44,28.86462639999999,68.90037,4.179031,7.437354919999998,1.24917696,0
1705,45.16,17.384445200000002,104.577894,5.905222120000001,4.779471599999999,1.27780192,0
1706,96.72,20.161937599999998,113.41504680000001,3.91997568,4.5887872,1.2918341599999998,0
1707,24.88,15.20891936,316.81813200000005,6.890179480000001,3.474657576639999,1.3210635599999998,0
1708,303.92,37.96673559999999,236.6479720000001,3.9336369200000005,10.3489298,1.3102109999999998,1
1709,79.48,22.173398000000002,179.286724,5.407316239999999,6.472538000000002,1.2723818800000002,0
1710,100.28,25.912620279999995,191.588618,5.2844688,6.52159410992,1.2778919599999998,0
1711,233.0,28.835102800000005,289.568224,3.5661145199999997,6.562565039999999,1.3096684000000003,1
1712,457.72,29.87937319999999,176.96384400000002,3.0344645200000007,6.320313159999999,1.3243273199999999,0
1713,395.08,15.865504839999998,135.69719999999998,4.788138399999999,2.8787862259199994,1.2964128,0
1714,154.52,42.2021332,336.31388,4.161536320000001,12.476912919999997,1.2786664399999998,1
1715,668.28,19.657062799999995,87.61082280000001,6.67834344,7.010042520000001,1.34864248,0
1716,10.68,36.55441108,200.34086800000006,5.68984916,11.11742182972,1.2753971999999998,0
1717,68.08,21.393648799999998,65.71994320000002,4.49097352,5.27728364,1.0985129999999999,0
1718,46.96,35.2544592,104.70388040000003,4.312658999999999,10.0977494,1.2488162,0
1719,303.12,37.33159080000001,281.781588,4.094194839999999,10.428748759999998,1.2892819199999996,1
1720,156.56,20.25479748,62.07314319999998,3.7824881200000005,4.15673128,1.29423812,0
1721,313.88,19.3394512,192.55021999999997,5.5359102799999995,5.502085040000002,1.29905068,0
1722,347.2,24.370200000000004,193.02210399999996,3.9712428000000006,5.58079212,1.2913077999999998,0
1723,48.92,31.860862,228.86023600000001,4.96285016,9.98674744,1.3005552799999998,0
1724,377.64,28.62635600000001,275.19431199999997,3.3057246399999993,6.1828985199999975,1.3340343199999998,1
1725,286.2,33.5432796,189.40558800000005,4.2304021999999994,9.27399252,1.3135361999999997,1
1726,158.6,22.136306400000002,295.5317900000001,4.334821239999999,5.214378200000001,1.2979556800000003,0
1727,302.32,14.215856959999998,147.27480000000003,5.01170464,3.1594991200000004,1.2984909599999996,0
1728,392.76,30.798937999999993,162.646904,3.83772888,7.616438759999999,1.2841716000000003,0
1729,315.96,23.973382399999995,276.648444,3.7504988800000008,5.1036186400000005,1.2890752799999998,0
1730,129.12,31.23505319999999,182.51528799999997,3.580230719999999,7.383837800000001,1.31939204,0
1731,329.88,26.742223199999998,315.47814239999997,3.7781507600000004,6.13219712,1.31685144,0
1732,98.84,47.3384544,45.037218519999996,5.158001680000001,17.950878800000005,1.2938284000000002,0
1733,222.2,36.58607319999998,294.92565599999995,4.38572916,10.796045,1.2962983199999996,1
1734,34.48,19.78795892000001,79.16639399999998,5.40100708,5.367820223199999,1.3233406000000003,0
1735,102.0,40.6222448,270.67666399999996,3.4215688400000004,10.276861799999999,1.2962335200000001,0
1736,256.2,31.449155199999993,118.53398000000001,3.97225632,8.046801,1.3296607599999999,1
1737,403.88,32.7534708,136.25131279999997,5.713718600000001,12.647654199999998,1.32082584,0
1738,57.92,33.88567,119.96244159999998,4.24461676,9.417347560000001,1.2803750799999998,1
1739,670.76,39.42669399999999,64.85629920000002,3.64531688,10.338213880000003,1.36395636,0
1740,59.68,20.9197744,149.99670400000002,5.396624879999999,5.876999999999999,1.2835560000000001,0
1741,426.64,27.2729972,306.44337999999993,3.7112907200000005,6.29191568,1.31925984,1
1742,95.36,32.90200428,279.10975408,4.0602471200000005,8.573639479999999,1.28677612,0
1743,167.28,31.0958164,64.15138920000001,4.064693639999999,8.446649680000002,1.2628237999999998,0
1744,6.8,8.57835,203.72520799999998,5.9117256000000005,0.83331046048,1.30933556,0
1745,669.16,10.456185,189.08699999999996,6.9293385600000015,2.6386171268,1.3679119999999998,0
1746,196.8,27.271935199999994,102.72322760000002,4.60138656,7.4691266800000005,1.2858890800000002,0
1747,161.96,30.925599600000005,86.97313639999999,7.035307000000001,14.467682000000002,1.3669496800000003,0
1748,214.44,15.40677776,44.529462,4.610792679999999,3.188270963119999,1.2752786000000003,0
1749,240.16,29.6628524,237.14141200000003,5.243001039999999,9.52542012,1.3105744400000001,1
1750,289.44,33.1623868,37.5545088,4.788099159999999,10.206476279999999,1.35218112,0
1751,148.76,29.58521200000001,319.90577599999995,4.319368960000001,8.01432928,1.14784228,0
1752,162.08,38.83019879999999,246.945032,5.756176119999999,15.506150840000002,1.31145332,1
1753,131.32,36.19404519999999,185.361172,4.337465560000001,10.543948400000001,1.3155323200000004,1
1754,83.16,30.487564399999997,201.34632799999997,5.79126632,11.26441724,1.29564064,0
1755,107.48,22.51165224,64.2727352,4.8200556400000005,5.5626431402000005,1.3588439200000002,0
1756,169.36,36.00423759999999,43.272652,4.406812080000001,10.58590852,1.35403756,1
1757,60.56,24.13704080000001,268.116564,3.6235627200000007,5.15569768,1.1946093199999996,0
1758,187.32,33.8838704,91.19629480000002,5.194376320000001,11.30565516,1.28283708,1
1759,603.56,41.094269600000004,135.67854151999995,4.547221959999999,13.12824812,1.3217424,0
1760,122.36,27.556990399999997,199.33143200000006,4.260396239999999,7.0471765600000005,1.15426288,0
1761,447.0,39.620274800000004,190.81280800000002,3.8601839600000005,10.67107824,1.3119382,1
1762,503.28,28.916354799999993,25.454310079999996,4.602866359999998,8.029397920000001,1.32228548,1
1763,23.32,40.340709600000004,153.627072,3.21116332,9.774360640000001,1.26550196,1
1764,64.2,25.514423320000006,166.175184,6.02340936,9.09293564,1.3006854799999998,0
1765,197.96,26.678763999999997,33.516786159999995,4.2386683199999995,6.76954728,1.21558228,0
1766,401.28,38.52382639999999,125.71589320000002,5.24455504,14.419507519999998,1.3644507600000002,0
1767,335.48,36.2661308,292.60618,4.981899919999999,12.23570836,1.31119496,1
1768,182.76,33.927104799999995,297.75687999999985,4.39703096,9.709279120000001,1.3265806,0
1769,332.68,22.354381200000002,151.85896,4.736010160000001,5.694747520000001,1.3088095600000003,0
1770,238.48,34.326415999999995,319.3246200000001,5.69137032,12.840853800000001,1.2830138,0
1771,359.6,20.210038000000004,153.068852,4.655688,4.97839792,1.29123884,0
1772,154.64,32.506988,89.18207679999999,4.29133872,9.03699244,1.27994396,0
1773,108.56,28.749325320000008,190.51027200000001,4.195182759999999,7.477081268000001,1.2565817599999998,0
1774,238.52,32.56162079999999,139.10018359999998,4.59689396,9.87799156,1.30414772,1
1775,155.28,34.575739999999996,260.5027079999999,4.169549840000001,9.528714279999999,1.2991928000000001,1
1776,98.32,32.829179599999996,305.55461607999996,7.044051840000001,16.1018368,1.2986516000000004,0
1777,757.12,36.981174,265.38785599999994,4.13050364,10.408568120000002,1.3186081199999997,0
1778,65.24,13.32340164,168.17759600000002,4.808904120000001,2.5610324564800004,1.2874570400000003,0
1779,39.28,32.2043768,202.286312,3.99103164,8.235268719999999,1.36656988,1
1780,95.0,31.825453599999996,98.85799680000002,5.2223793999999994,10.41931308,1.33624668,0
1781,292.72,26.046350799999995,142.5484288,4.732675759999999,7.2481975599999995,1.3230493999999995,0
1782,109.36,43.844026400000004,296.14858,3.8661863999999992,12.480133799999999,1.2861013600000002,1
1783,69.16,30.0868504,110.30376719999998,4.601339680000001,8.35719048,1.10161408,0
1784,120.32,18.575451599999997,224.25301200000004,4.814746519999999,4.4760808400000025,1.2872781999999998,0
1785,497.36,27.23151279999999,26.473820400000005,4.618898040000001,7.448473880000002,1.32092564,0
1786,130.84,35.829716,316.67101200000013,4.90518332,11.411057319999998,1.3591379600000002,1
1787,118.12,13.239428119999996,302.96146,4.526214120000001,2.8495213410000004,1.2176905599999999,0
1788,30.96,34.70226399999999,152.793712,4.10012992,9.45156444,1.2734563200000002,1
1789,65.56,14.561748799999997,159.440548,4.78405492,3.083947056,1.28750304,0
1790,44.4,32.49861639999999,195.96104399999996,4.62301284,9.552224879999999,1.2798618800000003,1
1791,289.04,21.8973244,278.51237199999997,3.9342993600000007,4.959760520000001,1.2275960400000003,0
1792,284.44,21.869429999999998,69.0751456,4.131672200000001,4.96860272,1.28865892,0
1793,270.28,37.584856800000004,102.65772199999999,3.5809245999999995,9.56072744,1.30559048,1
1794,179.96,13.734545680000004,167.00594400000003,6.18011712,2.7233419709999986,1.32960564,0
1795,22.0,23.44006836,234.04093599999996,4.945749679999999,5.42817129496,1.26524688,0
1796,350.96,33.4096476,221.082516,4.729961080000001,10.90550928,1.3260193600000003,0
1797,531.2,50.163780800000005,89.1230552,3.8204742,14.714305199999998,1.31253164,0
1798,253.32,28.350726920000003,271.85542799999996,3.0480617999999997,5.908219052000001,1.3010432,1
1799,133.6,32.61495599999999,119.50835679999999,3.6891137200000004,7.97504684,1.1443774,0
1800,573.72,31.084585599999997,313.78154928,6.391896720000001,13.166791759999997,1.3451352799999996,0
1801,300.8,26.542823079999994,105.3327348,5.23149684,7.706999400000001,1.32284056,0
1802,303.6,33.62050239999999,115.56430560000001,3.8236616000000003,8.5451946,1.3103351200000004,1
1803,129.32,14.725283160000004,161.585848,3.54747316,2.9024924545999995,1.30116288,0
1804,97.8,18.066539199999998,194.013404,6.213795399999999,5.84085206,1.3423272,0
1805,258.48,29.048334520000004,312.5431,3.1124773599999993,6.173216640000003,1.3624569200000003,1
1806,160.4,29.4089336,103.72345280000002,3.30143384,6.429639559999999,1.2913125200000002,0
1807,418.36,30.025683599999983,195.40967200000003,4.04006256,7.65538272,1.3192329200000001,0
1808,103.76,39.734082,268.5796348400001,3.26126864,9.708726399999998,1.366712,0
1809,94.16,36.28142160000001,284.28000799999995,3.8019088,9.531064160000001,1.2856964800000004,0
1810,278.16,27.1465828,195.38412399999999,6.86997896,10.935094319999997,1.3078767999999998,0
1811,48.76,29.4097848,36.502524799999996,3.93220888,7.2325348400000005,1.10752984,0
1812,178.48,29.970371439999997,130.14424559999995,3.955619119999999,6.680388063999999,1.29362728,0
1813,439.28,36.57204439999999,132.546024,5.18767616,12.66312664,1.3642691200000003,0
1814,258.92,21.8394212,60.006284400000006,4.00246576,4.848134440000001,1.30465592,0
1815,181.12,39.538441600000006,184.87752,3.670969640000001,10.3880188,1.3453966000000006,1
1816,360.16,33.9054376,275.80035960000004,5.046358239999999,11.014827239999999,1.3121527599999996,0
1817,328.2,27.506526799999996,102.57988480000002,3.987403920000001,6.586808280000001,1.35569232,0
1818,277.88,25.7062728,214.27176399999996,5.980511000000002,8.96480884,1.31150636,0
1819,116.88,22.682298799999995,310.515312,5.11078948,6.298627879999999,1.35648224,0
1820,55.52,31.496652800000003,158.99908,5.21436332,10.34618896,1.31042708,1
1821,103.4,27.30020359999999,266.92372399999994,4.839398999999999,7.710359680000002,1.28016872,0
1822,169.24,30.631377999999994,111.47850080000003,3.4760340000000003,7.021439280000002,1.2803815999999997,1
1823,379.04,17.03517784,139.9611192,3.8810190799999993,3.2724710102,1.2822657999999998,0
1824,52.88,20.00272399999999,134.04747600000002,5.211283959999999,5.00243864,1.3383414000000002,0
1825,378.48,38.3514896,91.4261512,3.6506299199999996,9.947979559999999,1.33060784,1
1826,50.76,33.36471399999999,284.26011600000004,4.763273239999999,10.27616252,1.2397158,0
1827,103.88,16.747430919999992,172.57333599999998,5.05600024,3.5442032626799995,1.3047289600000003,0
1828,234.44,36.54198240000001,71.7168636,3.9018777199999994,9.781828800000001,1.3362312799999998,0
1829,36.2,25.220208399999997,101.54802160000001,6.771495399999997,10.10050684,1.10650756,0
1830,224.92,31.159432399999993,104.80463000000002,4.8241308,9.449133080000001,1.2712824799999998,0
1831,113.6,29.602692399999995,155.541872,5.222645119999999,10.160596639999998,1.3500535999999999,0
1832,128.0,26.117378799999997,193.18822320000007,4.4956282,6.826327999999998,1.3045263599999999,0
1833,319.92,42.436222,245.58909200000002,3.3822386400000006,10.804955040000005,1.2770016399999997,0
1834,260.04,17.59536188,168.286648,5.433278439999999,3.81128964,1.21833176,0
1835,321.24,38.382954399999996,228.56035999999997,3.2412204799999995,9.1683582,1.3099320799999998,1
1836,301.44,28.972124000000008,232.99526400000005,4.9494855200000005,8.7220882,1.2972716000000002,0
1837,195.28,30.096401199999992,317.01968479999994,3.5260148799999995,6.970558520000001,1.3337193999999997,1
1838,178.52,18.608922399999994,97.9976932,4.4024044,4.0724472800000004,1.29735756,0
1839,116.0,19.957813199999997,84.925204,6.10642076,6.5250156,1.2962124,0
1840,378.2,24.769393599999997,71.12298400000002,6.017138559999999,8.60172364,1.3016583999999998,0
1841,142.08,27.142536800000006,50.45971936,3.6122779600000006,6.062304,1.34810336,0
1842,90.56,28.813155199999997,334.38418799999994,5.547035320000001,9.67728424,1.33954188,0
1843,641.08,19.078585999999994,166.82396,3.45134272,3.81540964,1.3508681200000001,0
1844,172.84,39.0403144,190.54090799999994,5.2047690399999995,13.8438436,1.2503114000000002,0
1845,842.24,26.5165192,156.39796799999996,3.6628153199999995,5.905078119999998,1.3382380800000002,0
1846,328.88,27.7452496,30.11513736,4.37634272,7.202637599999999,1.2798302,0
1847,117.6,32.480905599999986,339.25107999999994,3.78891924,8.14300088,1.28181172,0
1848,182.72,17.901983480000002,208.69302000000005,4.02076636,3.8512513253600003,1.3242183600000001,0
1849,63.04,38.983821199999994,250.36909200000005,5.15465216,7.3741532239600005,1.3017970000000003,1
1850,192.0,41.4949536,152.4313,3.249714600000001,10.227992040000002,1.2924658400000002,1
1851,143.04,37.369324399999996,245.8033360000001,5.3019446,13.305448000000002,1.3113168000000002,0
1852,153.04,29.449537200000005,117.6447328,6.02464676,10.863842080000001,1.34443744,1
1853,209.92,33.601802799999994,27.41105648,4.307075919999999,9.32629748,1.336278,0
1854,268.8,36.459752800000004,150.29335199999997,3.6776268000000005,9.26845716,1.311209,0
1855,90.0,20.302866799999993,77.7031412,3.9251764400000018,4.245550448,1.3085914799999998,0
1856,260.4,40.2181492,109.85477999999999,3.71241952,10.584864039999998,1.33165064,0
1857,355.88,27.359281200000005,286.2329879999999,4.22573556,6.9767244,1.3695389599999999,0
1858,396.6,36.5020748,331.90814400000005,4.9191962,11.834137480000003,1.309342,1
1859,340.88,19.895072680000002,129.89356,5.735795360000001,5.05839639148,1.3681821599999997,0
1860,361.72,32.89166439999999,124.57973199999998,4.79728248,10.0682682,1.2830903999999999,0
1861,164.24,28.5765856,155.491944,3.9925836400000003,6.547877959999997,1.1646144,0
1862,31.8,38.604294280000005,88.98877464000002,3.13051548,9.3167514,1.3590407199999999,0
1863,146.0,23.5274836,114.52752480000002,3.7166176799999993,5.040998319999999,1.3260018000000002,0
1864,298.48,29.177643199999988,266.9326840000001,6.208033119999999,11.5766568,1.3102764399999998,0
1865,84.92,28.7287616,322.753756,6.654232119999998,12.044303039999999,1.1083042,0
1866,125.6,36.692958399999995,294.47644799999995,4.17944952,10.38095684,1.2944496399999996,0
1867,211.36,31.49112879999999,160.25204000000002,4.84375576,9.47830176,1.2995534800000001,1
1868,309.68,26.287885040000003,268.860968,5.81953444,8.922123319999999,1.3310275599999999,0
1869,388.68,24.214607599999994,165.51364799999996,4.8080010400000015,6.541307199999998,1.301506,0
1870,473.32,15.293713239999999,212.24218800000003,4.949981760000001,3.984491964,1.31927032,0
1871,87.52,27.5761916,79.526432,4.58440756,7.52375548,1.34386528,0
1872,205.24,37.278860800000004,69.8383436,4.4174149599999994,10.900770639999998,1.33414692,1
1873,82.48,16.326932560000003,157.85204400000003,6.181524159999999,5.0346864,1.2736153200000002,0
1874,342.04,17.014494399999997,109.16969720000002,3.3709802,2.951703960000001,1.3084809199999998,0
1875,211.48,26.472687599999993,168.166184,4.56057708,7.0550306,1.3607185199999998,1
1876,179.92,22.521223599999995,181.27726400000006,4.3126164,5.3172314799999985,1.3144261599999998,0
1877,262.52,24.9474068,103.7290348,3.46261224,5.218492759999999,1.2764328800000002,0
1878,64.56,34.05059159999999,211.81257999999997,3.781201759999999,8.701640480000002,1.2744495999999998,1
1879,353.16,11.950297319999999,159.22635200000002,4.69723776,1.9730710927200001,1.3189325599999997,0
1880,524.4,31.71324559999999,94.87118040000001,5.473074799999999,10.9757668,1.32844576,0
1881,173.72,30.187465599999996,171.98633999999998,4.078314840000001,7.779150679999998,1.3228589600000005,1
1882,354.44,24.2404852,153.39076400000002,4.619322240000001,6.332664399999999,1.2869680399999999,0
1883,18.0,17.734734760000002,140.77234576,5.273139240000001,4.680268387240001,1.25460508,0
1884,256.0,34.927111599999996,289.441832,3.8788144399999998,8.68604904,1.3042456000000002,0
1885,55.68,24.2792864,186.503768,4.63360212,5.838204440000001,1.35990892,0
1886,233.4,27.6026008,77.62821680000003,3.700628959999999,6.331746559999999,1.2758879200000002,0
1887,18.72,19.05852904,282.556652,5.57750064,4.310563344159999,1.32666304,0
1888,211.44,23.733155199999995,174.2547,4.25802964,6.067515520000001,1.281575,0
1889,8.72,15.543077440000006,280.454244,7.178992040000002,4.0721766312,1.2894713999999998,0
1890,37.88,14.33159688,139.789796,6.42482464,3.9199523920000003,1.26644396,0
1891,24.76,14.14075576,233.38980000000004,6.848599439999999,3.79884805044,1.32780672,0
1892,526.36,24.707135199999996,87.06153560000001,5.16947824,6.920089119999999,1.3251137200000003,0
1893,246.6,38.258975199999995,144.00968799999998,3.8756436799999996,10.346410640000002,1.3564980000000002,1
1894,175.76,31.1931444,230.11860400000006,4.019133799999999,7.9989101200000015,1.36147892,1
1895,56.8,31.096980799999997,318.740684,4.38142604,8.097847480000002,1.11086016,1
1896,115.92,26.827674119999998,181.59632,4.529181679999999,7.221028427999999,1.2567775199999998,0
1897,187.16,41.8539768,197.0220608,5.693884880000001,19.179108399999997,1.3575236399999997,0
1898,256.6,41.8516692,284.911476,4.768282479999999,13.989817599999999,1.36094704,0
1899,18.12,20.75018908,83.39418720000002,5.0654727600000005,5.19072096,1.3082291600000002,1
1900,99.44,24.8881252,156.42664800000003,4.71669524,6.56010588,1.0980121999999999,0
1901,79.16,14.920987999999998,163.464044,4.1365086799999995,3.2121897597599998,1.15214248,0
1902,210.64,32.8962096,42.55600280000001,5.28890104,11.92573148,1.3532077999999998,0
1903,41.04,24.877760000000002,71.405868,4.325498199999999,5.348767037199999,1.3565083600000003,0
1904,54.0,21.189224799999998,306.37405,4.82083396,5.590654724,1.354418,1
1905,106.72,28.084876399999985,41.45269256,5.10706988,8.578671320000002,1.2918493999999998,0
1906,205.08,14.988165199999992,75.6,3.95430032,2.7430021199999994,1.2998672000000002,0
1907,113.28,40.397396799999996,117.30412000000003,3.29993052,9.966329239999999,1.29371304,0
1908,309.36,40.79012679999999,226.272824,3.17080852,9.841953160000001,1.3172934800000002,1
1909,51.8,22.176529360000004,160.18320000000003,3.6788432,4.32978772,1.3564859999999999,0
1910,49.8,44.704499199999994,313.8329080000001,2.9409199599999996,10.6653668,1.3058862399999998,0
1911,698.88,23.606477199999993,207.27944000000002,5.279045359999999,6.85977684,1.3613254399999999,0
1912,94.72,27.884722400000005,324.780124,4.94470996,8.226011159999999,1.3132013200000003,0
1913,42.6,30.175691999999998,245.98704399999994,3.13175072,6.373344199999999,1.3134674000000002,0
1914,190.48,27.502155199999997,184.07774399999994,4.13644912,6.890161239999998,1.1073688400000001,0
1915,243.8,15.582285359999998,156.749248,5.289999760000001,3.31991496,1.3375101200000001,0
1916,414.04,34.595645999999995,196.18873599999998,3.3201096800000003,8.036762520000002,1.32857816,1
1917,212.84,30.435799199999998,296.593612,4.07056848,7.821529160000001,1.3325002000000001,1
1918,51.12,16.717217879999993,307.149584,6.711862719999999,5.4521611742000005,1.31191356,0
1919,120.44,29.190698800000003,245.68964528,4.465848320000001,7.953180120000001,1.3522512000000004,1
1920,181.64,35.423722399999996,141.519496,3.8360924,9.2375484,1.29986284,1
1921,557.48,40.7100492,104.25240439999999,5.14133692,14.506391599999999,1.31473844,1
1922,620.64,23.8638452,32.2813588,4.3539655999999995,5.8701698,1.3238498400000003,0
1923,396.32,22.1593076,72.4563148,3.5187689600000005,4.5584394,1.32552436,0
1924,283.04,19.23637484,279.6804599999999,6.018906079999998,3.06660004656,1.33485444,1
1925,234.68,29.893314800000002,316.626464,4.01610972,7.57188088,1.3310943999999998,1
1926,452.52,45.8063636,127.77896360000003,3.9715638799999997,13.687158360000002,1.3583078,1
1927,531.4,53.478323599999996,245.35233600000004,4.2191978,17.482982000000003,1.3119190799999998,0
1928,177.96,38.2364464,127.8039188,4.8163690799999985,12.808571440000001,1.3319934800000002,1
1929,495.48,39.75056359999999,145.364224,4.10804288,11.417954840000002,1.3250595200000002,1
1930,69.28,29.98450719999999,298.1636960000001,3.87615536,7.443198440000001,1.2833046799999999,0
1931,29.32,23.050524799999998,232.70567968000003,7.959833639999999,3.7526227048800003,1.1186028399999999,0
1932,646.0,36.21589519999999,191.88506,4.576073439999999,11.201585160000002,1.3194805600000004,0
1933,383.36,38.155813200000004,110.01002880000001,3.4181282399999997,9.44546816,1.34219044,1
1934,227.84,24.0989412,190.83941199999998,3.087204039999999,4.70771212,1.30072352,1
1935,254.08,20.9920168,256.86856800000004,5.953857720000001,7.000838560000002,1.3092700400000001,0
1936,44.12,17.599209999999992,138.203984,4.42755828,4.0030396800000005,1.09444884,0
1937,174.76,15.005081599999999,309.6,4.242851559999999,3.0358044,1.30703256,0
1938,20.68,34.64706079999999,303.40924399999994,4.127822719999999,9.52599692,1.1684944800000003,0
1939,183.36,28.203331479999996,90.69870703999999,4.666443800000001,8.268166639999999,1.2955264,1
1940,58.2,37.835626000000005,94.64078599999999,3.6984511600000003,9.832929400000001,1.3198986799999997,0
1941,65.28,25.439626399999998,59.70179640000002,4.552105920000002,6.524876680000001,1.34376008,0
1942,171.0,35.96122199999999,142.76408,3.4301371200000004,8.722755840000001,1.3668136000000002,1
1943,554.48,31.085540399999992,284.69681696,6.206881440000001,12.290988519999996,1.323966,0
1944,425.16,39.590366800000005,88.458818,4.023147160000001,11.179881479999999,1.36987308,1
1945,43.32,34.9141608,110.7502348,4.35563116,10.15506944,1.3059023200000002,1
1946,141.8,28.974627999999992,239.851328,5.09992684,8.976260320000002,1.35858656,1
1947,87.84,20.844532000000005,105.67363080000001,3.8885720000000004,4.4553288,1.31014396,0
1948,617.52,36.44250679999999,63.603032400000004,4.85596972,11.993639959999998,1.3660102400000003,0
1949,82.92,24.435714799999996,35.827973199999995,4.36188108,6.06013952,1.1736568000000003,0
1950,60.2,29.76985172,285.64591248,4.4147320400000005,8.138536559999999,1.28853132,0
1951,171.16,36.928823200000004,260.6910720000001,3.4689374400000004,9.108848,1.2993285600000002,1
1952,137.24,27.1570608,302.89423999999997,4.90216736,7.8471932,1.19667692,0
1953,60.64,16.520765879999995,103.63487640000001,6.2886870399999975,5.211041412200001,1.3035801599999999,0
1954,496.36,33.5135036,168.64112800000004,5.04294272,10.911907679999999,1.3278293199999995,1
1955,303.12,34.2821388,231.03854799999996,3.8872134400000005,8.945935839999999,1.27675268,1
1956,267.84,31.809951199999997,284.45888247999994,3.9290692799999998,8.120850639999999,1.3622695599999997,0
1957,21.36,22.5829568,279.6390976,4.061836319999999,5.58024192,1.2893527200000003,0
1958,364.88,37.0575356,188.610688,3.862506160000001,9.94037928,1.3293658000000002,1
1959,269.64,25.263827319999997,283.23127200000005,2.7706994000000003,4.63359664,1.2957706399999998,0
1960,237.36,26.072953599999995,179.89204600000002,4.616818519999999,6.68649452,1.31167528,0
1961,444.92,37.5787264,275.12782000000004,3.88428876,10.196736000000001,1.3165106800000002,1
1962,209.04,29.219555600000003,312.03004,3.68937276,6.862614799999999,1.20716384,0
1963,117.8,27.6853588,179.15769999999998,5.724551160000001,9.601263639999999,1.1844186800000003,0
1964,11.92,38.21217240000001,177.83621200000002,5.239951919999999,13.574993359999999,1.18435204,1
1965,84.8,29.033565599999996,237.49723200000005,4.1006455200000005,7.3507171200000005,1.3064939200000003,0
1966,113.88,36.402369199999995,131.169604,3.5424508,9.033549119999998,1.3266336000000003,0
1967,165.32,37.466212,261.783236,4.269836440000001,10.897644439999997,1.31193572,1
1968,424.8,28.71170159999999,116.69702800000005,4.12244596,7.439028800000001,1.3266220800000001,0
1969,84.84,26.265960800000002,215.64339600000002,3.416984599999999,5.565728399999999,1.1141053600000002,0
1970,81.44,27.667463199999997,174.511556,4.4282952799999995,7.3534505999999995,1.2718802,0
1971,159.52,21.6667412,173.9364,4.806144,5.614737187999999,1.3116252800000001,1
1972,96.16,36.1436968,123.13344399999998,3.764031359999999,9.32199388,1.2944740000000001,0
1973,46.64,17.12008704,141.963874,4.78452496,2.7371837522,1.3177267999999998,0
1974,88.36,30.614620000000006,226.98635599999994,4.180905399999999,8.11656984,1.3434469199999999,1
1975,188.44,27.877157199999996,220.84902400000001,4.312649400000001,7.230588280000002,1.31168756,0
1976,109.96,33.726092120000004,121.53884512,3.12384016,7.693650236000001,1.26217328,0
1977,113.44,23.2761316,228.931184,6.03537268,7.838138560000001,1.27566992,1
1978,222.4,31.0671052,26.55607216,3.7648306799999993,7.605760240000002,1.29357212,0
1979,90.08,18.829877999999997,124.592096,4.31340196,4.2576845599999995,1.23976928,0
1980,248.92,32.23200959999999,193.91368,3.4335207199999997,7.518299759999999,1.30357344,1
1981,420.88,25.1864552,82.8081584,4.80084556,6.887619880000002,1.3291738800000001,1
1982,429.32,25.6770584,169.14517879999997,2.763767079999999,4.7792415319999995,1.36916776,1
1983,264.16,23.6026868,135.9037484,5.644753879999999,7.433245479999997,1.2875336800000001,0
1984,36.04,27.6390568,83.4981812,5.21100104,8.57264356,1.2756084,1
1985,109.36,23.0983964,159.58326800000003,5.6163101200000005,6.476061480000001,1.2748477200000001,0
1986,230.4,17.47403068,299.19406000000004,3.4105262000000005,3.2277614519999993,1.30621512,0
1987,254.28,25.094380679999993,102.75766240000003,5.7394846,10.339195800000002,1.3300250399999998,0
1988,154.16,24.786327999999994,179.215152,5.26107008,7.690030879999998,1.3092071200000002,1
1989,252.16,39.304757200000005,225.58122000000003,3.9612097199999994,10.90542924,1.3629961599999998,0
1990,479.4,30.263751999999997,185.21977600000002,3.641750039999999,7.1484636,1.3184796399999998,1
1991,142.76,26.535527999999996,246.154736,3.6219241600000003,5.90527956,1.36253852,0
1992,140.76,25.5315808,145.082484,4.05723308,6.073731800000001,1.3183257999999998,1
1993,330.96,27.316296399999995,297.3640040000001,4.1516816,6.8562300800000004,1.29957492,0
1994,344.44,21.683409319999996,239.06048799999996,5.697685679999999,6.193609200000001,1.3301313999999997,0
1995,187.0,29.427703199999986,257.59532799999994,5.53210336,10.041789360000001,1.3105849600000001,0
1996,236.2,24.094730799999997,134.55669600000002,3.9405276399999996,5.512823119999999,1.28544416,0
1997,216.6,23.141795600000002,296.89753320000005,5.1441876,6.520326520000001,1.2191766,0
1998,66.08,28.8944572,150.66749199999998,4.580845440000001,8.040125879999998,1.3023772,0
1999,311.0,28.357480799999998,127.5911248,3.4091736000000004,6.211980360000001,1.3063778,0
2000,189.48,34.3928716,164.52072800000002,4.2254224,9.69813404,1.2951996399999999,1
2001,154.6,29.180064799999997,234.90250400000005,6.00539132,10.722862479999998,1.15083724,0
2002,263.8,31.23059719999999,80.94375919999999,6.413531159999999,12.945134840000001,1.3594664,0
2003,213.72,26.6698588,89.2953412,4.469755040000001,7.063936520000001,1.2762375599999998,1
2004,452.36,41.592664799999994,203.90894000000003,4.34344732,12.7198032,1.3125409200000002,1
2005,16.6,24.58493308,269.929608,4.140902040000001,6.016148042159999,1.2954168800000003,1
2006,236.28,20.4207784,289.419028,5.095922000000001,5.50756732,1.29824328,0
2007,461.44,31.965897999999992,64.44985759999997,4.59560748,9.326716119999999,1.3699778,0
2008,565.04,36.14507679999999,57.08675559999999,5.53812224,13.362434,1.3268332800000002,0
2009,141.76,27.7345376,216.79714800000002,3.39103164,6.031107280000001,1.29924164,1
2010,264.96,36.981247599999996,241.20254800000006,4.26279536,10.657338920000003,1.2940584000000002,1
2011,229.28,31.782105200000004,168.79079599999997,4.3292178,8.733844880000001,1.31638368,1
2012,181.48,24.414927600000002,323.3988520000001,5.825171320000001,8.21529956,1.2765426,0
2013,391.64,33.8884004,37.4135588,3.3669549599999997,7.888771639999999,1.3366232400000002,1
2014,375.72,42.0398152,165.651044,2.7538612800000006,9.2924316,1.3288388,0
2015,21.52,18.600387199999997,186.53575800000002,5.556894999999998,3.080975277999999,1.35448012,0
2016,247.0,31.550932799999995,77.75818359999998,3.9036924799999997,7.871062639999999,1.3657839999999999,1
2017,211.08,29.102057600000002,143.10894,5.25232128,9.26692272,1.2222069599999998,0
2018,173.24,19.2597832,222.54103999999998,4.969802320000001,5.335173080000001,1.33097024,0
2019,263.24,34.63960200000001,309.442044,3.3119344400000004,8.09020236,1.3674446,1
2020,87.56,17.989650800000003,77.5578088,3.33813644,3.055049884,1.2870393200000003,0
2021,79.24,28.053555599999996,83.24831879999998,4.296013639999999,7.5743800000000014,1.1729309600000002,0
2022,185.84,39.49404319999999,201.93932000000004,4.279652080000002,11.71021812,1.26797052,0
2023,34.32,28.253039200000003,231.45615199999997,3.7799662000000005,6.42741712,1.318669,0
2024,284.56,25.52943536,107.86442919999999,4.62797576,5.482599257760001,1.3228007199999998,1
2025,371.76,30.91635239999999,110.06588103999997,4.442637,8.623067720000002,1.30173172,0
2026,59.16,21.8442268,274.60025199999995,7.376004920000001,9.368720759999999,1.28088596,0
2027,76.6,25.888554399999993,110.56447280000002,3.4425651600000005,5.51497572,1.30393652,0
2028,136.44,27.708904399999998,115.187292,3.5656704,6.184562160000001,1.2458755199999998,0
2029,123.36,22.0374928,153.217248,6.494671639999999,7.9741188,1.3191217199999996,0
2030,109.72,17.402554279999997,319.39573600000006,4.159195919999999,3.80637008,1.3585801599999998,0
2031,251.12,33.491028799999995,252.84782327999997,6.2143774800000005,9.24990462856,1.33497356,0
2032,369.64,25.2227364,95.44977879999999,4.669211079999999,6.73917072,1.3183030400000002,0
2033,112.0,25.384625199999995,187.20698896000002,5.55179208,8.20578512,1.3667116399999997,0
2034,95.32,20.4510692,117.83985079999998,3.63402688,4.042555200000001,1.2759888000000001,0
2035,153.52,36.2610436,344.55164,5.028020519999999,12.000368320000002,1.2918010800000002,1
2036,191.44,21.0903952,141.146976,4.0469988,4.603659,1.3060767199999999,0
2037,178.16,19.3295324,72.993752,5.8768588,5.81733572,1.3330164,0
2038,294.6,25.4896304,208.524512,3.2821198,5.28225524,1.3047195600000001,1
2039,270.32,25.09599612,206.00267784,6.69728792,8.953969479999998,1.2875939999999997,0
2040,599.72,37.5128856,264.498576,3.2012927600000007,8.82672016,1.35979864,0
2041,289.8,39.30114240000001,320.26753972,4.94169804,13.22992336,1.3569729200000002,0
2042,29.64,17.666784279999995,273.96280599999994,4.8814154400000005,4.8054220800000005,1.29754908,0
2043,78.28,24.053146679999994,130.536188,6.18740912,8.560534120000002,1.28620048,0
2044,85.96,21.6312356,49.76968599999999,5.27235316,6.194563319999999,1.2952822000000004,0
2045,18.48,41.93390508,256.832538,5.471433124,6.01401265872,1.1298674400000002,0
2046,395.52,28.3006924,250.05822840000002,4.05713324,7.09048544,1.35507156,0
2047,431.52,40.69129079999999,42.7005188,3.8035028000000004,11.236111319999996,1.3694993200000005,0
2048,48.36,18.306495079999998,148.5418188,4.84994352,4.160929047999999,1.2879979999999998,0
2049,26.0,28.039324,227.65092,3.301313480000001,6.010828079999999,1.28527772,0
2050,80.76,19.94952052,59.21157799999998,3.5646319999999996,3.890801920000001,1.3168394400000003,0
2051,152.2,31.179214399999992,232.91456399999998,4.00467864,8.031958159999999,1.1137398000000003,0
2052,12.48,29.656755599999997,137.849916,4.68765164,8.53158528,1.3060092,0
2053,334.04,25.54738732,179.77676399999996,4.757702600000001,5.913080239999999,1.3065137600000003,0
2054,263.32,19.216932399999997,189.039172,6.2095258,5.94890308,1.29788184,0
2055,333.32,25.898897199999997,228.032696,5.22908696,7.65142008,1.2843091999999998,0
2056,34.48,23.9837792,205.39683600000004,3.9150382,5.321147960000001,1.2971405200000001,0
2057,372.8,37.3031168,94.2194428,4.398581559999999,11.103520639999997,1.3421798,1
2058,138.92,24.804076800000004,155.258892,4.004346399999999,5.7415065599999995,1.2357363599999998,0
2059,23.52,28.0688392,83.72545919999997,4.39947132,7.455521519999998,1.27956332,0
2060,180.8,36.2759268,212.73743999999996,3.654914519999999,9.28827416,1.3004735600000001,0
2061,468.88,26.98693280000001,228.716184,3.8968692000000003,6.384536679999999,1.32754364,0
2062,250.88,32.64700759999999,28.750436,4.5943654,9.56562068,1.3527460000000002,0
2063,131.8,25.328698399999993,37.7989132,5.611739480000001,8.22029404,1.33415492,0
2064,345.92,19.511978,124.12706479999999,3.208400240000001,3.613446956,1.3123154,0
2065,57.12,22.7941188,296.452064,4.275409239999999,5.4009002,1.1262278000000001,0
2066,157.2,24.199964680000004,264.6248132,5.864569520000001,7.57836292,1.28298328,0
2067,201.92,24.4837308,142.48791608,4.523672200000001,6.272637239999999,1.3644036799999997,0
2068,524.52,29.946728799999992,277.45720400000005,5.02625096,9.239684800000001,1.3434578799999999,0
2069,250.72,28.456759199999997,121.97043599999999,3.5304986800000004,6.447835799999999,1.3042626,1
2070,69.2,14.736058319999998,137.91238000000004,4.1402604400000005,2.8243674,1.2877172799999999,0
2071,179.76,31.373327999999987,334.0028279999999,3.54572304,7.42670744,1.2946949199999997,0
2072,64.48,23.35477652,151.45597279999998,6.36277924,4.513647064640001,1.28486032,0
2073,170.92,18.716646679999997,265.10115599999995,7.130320560000001,6.88580848,1.2626322399999999,0
2074,9.04,14.283987320000001,293.0527200000001,8.870716320000003,0.33452248692,1.2749784000000002,0
2075,193.88,27.496952399999994,213.63224799999998,4.418702559999999,7.373090800000001,1.3444202399999998,0
2076,75.36,26.167488400000003,50.861366799999985,4.59657508,7.063519,1.20775236,0
2077,111.52,20.61982176,227.26699200000002,4.00520564,4.48143856,1.3183954400000002,0
2078,116.84,31.661902399999995,260.79072,6.456328119999999,13.675557920000003,1.28340904,1
2079,251.16,25.679242799999997,54.57604199999998,3.9909840399999994,6.054882559999999,1.29693692,0
2080,133.0,32.10452159999999,282.88341199999996,4.301898640000001,8.77666432,1.3132971599999999,1
2081,307.88,30.323610000000002,142.967748,4.745803800000001,8.93373772,1.3296818799999999,0
2082,154.48,34.54387800000001,73.01843776000001,4.6930064400000004,10.604764920000001,1.26496956,0
2083,143.2,31.475640400000003,54.98234399999998,4.53953648,9.01204548,1.2944524000000002,1
2084,39.84,16.527164,215.67480000000003,4.17560248,3.258890296,1.2857792000000001,0
2085,826.44,42.927828399999996,296.67320799999993,4.3171612800000005,13.292307199999998,1.3192505600000004,0
2086,255.6,35.118816800000005,292.02365599999996,3.8366031599999992,9.2315126,1.2967214800000002,1
2087,191.28,22.092616799999995,129.688964,5.082200039999999,6.070172240000001,1.27618256,0
2088,105.96,16.799567999999997,190.1496,5.030853319999999,4.189204760000001,1.1127169600000004,0
2089,227.92,22.7329912,88.78505888,3.4865135599999997,4.68542896,1.26865248,0
2090,112.4,29.82246359999999,107.48801040000002,4.711486879999999,8.639524,1.36468028,0
2091,152.44,35.286406400000004,258.193396,5.133158159999999,11.99176788,1.2944395199999996,0
2092,268.16,28.37863,136.01086000000004,4.3263216799999995,7.661668679999999,1.2844217599999999,0
2093,27.4,26.366816639999996,310.0842228,5.44460836,7.6838560649200005,1.1712354799999998,0
2094,359.56,36.8409516,337.5548760000001,3.3320731199999996,8.85487672,1.31214088,0
2095,224.88,23.532311480000004,265.898848,6.004039160000001,9.34660916,1.3395715200000005,0
2096,32.08,25.367205199999997,128.73993959999999,6.533037640000001,9.85195152,1.25514368,0
2097,122.0,29.263596399999994,200.82516800000002,4.72157144,8.419826200000003,1.27402996,0
2098,193.4,37.10850600000001,184.830792,4.155441240000001,10.511432719999998,1.36148324,1
2099,101.36,32.850739199999985,292.335808,4.209666679999999,8.976933,1.3629063599999998,1
2100,18.68,30.181776920000008,174.972412,3.692040399999999,5.4726734939199995,1.11977532,0
2101,240.4,40.9830996,244.70108000000005,4.1597364,12.058191960000002,1.27598888,0
2102,127.76,26.822210800000008,110.99159680000001,4.7015518,7.40119708,1.2641730000000002,0
2103,193.72,40.99458599999999,93.0839828,4.4506669599999995,12.077148999999999,1.3204622799999999,0
2104,96.08,18.066437760000003,214.40449447999998,3.9728033999999997,3.7207840559999994,1.11549352,0
2105,45.28,24.038360400000002,254.85166400000003,5.35978708,7.214214360000001,1.2410677599999997,0
2106,448.32,24.184532000000008,37.402941600000005,6.899187039999999,9.885896,1.3279029199999999,0
2107,34.12,29.06971919999999,52.564799999999984,3.9996538800000003,7.323479760000001,1.2575976000000002,0
2108,396.64,22.997873999999996,63.0976376,4.5066671199999995,5.7482504400000005,1.3298499199999998,0
2109,278.08,30.108841999999992,165.21368399999994,5.1197344000000005,9.508456839999997,1.27711528,0
2110,266.56,30.84513359999999,254.05979599999992,3.8859948800000006,7.71108268,1.3046297599999996,1
2111,241.88,34.5550564,49.2279724,5.8652495600000005,13.508704360000001,1.3076834000000002,0
2112,346.64,23.266886919999997,304.5626496,6.012238560000001,6.86668477008,1.3107764,0
2113,65.56,26.590173999999998,98.47711040000002,4.5601578,7.13393564,1.16594476,0
2114,124.28,17.37096428,122.97661399999998,4.99123152,4.3129903999999994,1.12088216,0
2115,304.8,47.6330488,62.07176320000001,3.6819324400000006,13.12208208,1.29674948,0
2116,14.84,29.410574119999993,172.002992,4.10911892,6.8442443200000005,1.2706892800000005,0
2117,369.04,24.608826799999996,331.17887199999996,3.628134759999999,5.328446040000001,1.295488,0
2118,183.84,25.525334799999996,99.1500892,4.652608600000001,6.9063415599999995,1.30664808,0
2119,389.32,27.89408679999999,270.472496,5.652539480000001,9.42199884,1.28135812,0
2120,301.08,23.0445732,271.358076,4.731705799999999,6.145318360000001,1.3048466800000003,0
2121,91.32,28.7357236,103.55660560000003,4.425549759999999,7.85539928,1.2922334800000002,1
2122,301.68,27.7514984,255.32357999999988,5.99071708,10.8003586,1.3346384799999997,0
2123,204.92,26.873659200000002,130.769164,3.5004070800000004,5.931198280000001,1.3360130799999999,0
2124,115.36,34.4801772,205.71585687999996,5.4983376,12.869417559999997,1.36336612,1
2125,796.0,23.294467599999994,55.145132,5.822145200000001,7.65806732,1.3398708799999997,0
2126,85.56,27.85370079999999,18.02597984,3.50921744,6.184341239999998,1.25576652,0
2127,403.92,28.5289904,270.33624,3.70883148,6.745286040000001,1.2777133600000001,0
2128,39.04,26.484558920000005,103.69181839999997,5.77264144,8.28165297188,1.2847952400000002,0
2129,41.8,27.722471039999995,287.7634519999999,5.9304866800000005,8.782530367080001,1.31461308,0
2130,293.88,28.797768400000006,310.118512,4.485291440000001,7.856418399999999,1.36205532,0
2131,428.2,38.24249400000001,300.61848496,4.2015752,11.43595644,1.3162333999999998,0
2132,324.0,32.273866000000005,313.057248,4.6385372799999995,9.518391480000002,1.29301272,0
2133,229.04,26.907933999999997,295.50294400000007,4.574185320000001,7.222517079999999,1.30991668,0
2134,186.72,26.565862799999994,256.444184,4.57544452,7.069371040000001,1.2588187599999998,0
2135,71.08,21.9064788,93.87942839999998,4.79107432,5.623487280000001,1.3538085200000003,0
2136,251.2,32.708694399999985,264.1527239999999,3.7200267199999995,8.12715944,1.30469636,1
2137,68.0,24.673857999999996,84.68974704,5.831017200000002,8.22463452,1.2943733999999998,0
2138,558.48,31.132188399999986,283.2760640000001,6.828184359999999,14.0188264,1.31951632,0
2139,501.88,31.434776000000003,227.66019599999996,4.6353164,8.964255079999997,1.32088112,1
2140,38.16,15.34699332,246.442192,4.233586679999999,2.4356859463599996,1.35362604,0
2141,91.64,34.486768800000014,259.67525199999994,3.9715684800000015,9.154777600000001,1.3092842000000002,1
2142,191.76,32.03189,89.94297279999999,3.4783348800000002,7.484859760000001,1.3082620399999998,0
2143,143.28,25.9350568,63.4121936,4.41621804,6.67329908,1.3053742,1
2144,199.92,28.52031199999999,106.48466783999999,5.348465600000001,9.21733836,1.3046842799999998,1
2145,130.76,29.453147200000004,236.39496799999998,3.757172040000001,7.06505056,1.32218204,1
2146,285.28,38.9924972,341.8446160000001,4.2461363599999995,11.526323520000004,1.30200088,0
2147,239.4,34.5575136,289.83545999999996,4.636166439999999,10.486096599999998,1.3368700000000004,0
2148,66.4,22.887229999999995,80.09221400000003,5.43833928,7.464291200000002,1.2633537599999998,0
2149,200.16,33.2052884,135.695482,4.989650360000001,10.56789328,1.3085314799999999,0
2150,130.8,31.513932800000003,259.4054039999999,5.70807096,11.29199744,1.3134884400000002,0
2151,315.6,37.24734,181.22454400000004,4.30785156,11.116312159999998,1.29838628,1
2152,412.24,30.179075199999996,268.37191999999993,4.77425528,8.90074996,1.3432136399999997,0
2153,131.0,15.2991476,184.778256,5.798025719999999,3.660948917479999,1.3153574000000001,0
2154,363.76,31.296074519999998,206.89948799999993,2.4334028400000003,5.897124508000001,1.36252504,0
2155,277.36,32.15571639999999,317.1995119999999,3.57197668,7.745112879999999,1.36665708,1
2156,380.2,34.3755192,196.94112399999995,5.21782056,11.700753720000002,1.29279464,1
2157,205.72,22.964610000000004,326.79177200000004,6.817906080000001,9.09457472,1.2862026400000004,0
2158,587.76,31.927936399999993,263.1258199999999,4.47819344,9.080603439999999,1.32260988,0
2159,279.92,39.51192759999999,220.67561788,5.15439084,13.65427884,1.30143236,1
2160,194.76,26.448870800000005,128.34990000000002,4.622024880000001,7.132451800000001,1.30850576,0
2161,29.4,17.912788519999996,271.348684,6.00410728,5.23775352,1.2830416399999998,0
2162,88.32,32.12633788000001,135.70258175999996,3.49481064,6.239727440360001,1.3584791200000002,0
2163,510.28,45.61723440000001,260.60728399999994,3.79133184,12.789869720000004,1.3158988800000002,1
2164,274.12,11.974449719999997,213.57165199999997,5.085810039999999,3.5295874799999996,1.3217526799999997,0
2165,101.36,16.638542400000002,307.43458400000003,6.566446559999999,5.38710252,1.2884845200000001,0
2166,119.44,33.119206399999996,240.53236399999997,3.39662988,7.593203160000002,1.2913075999999999,0
2167,295.76,17.70049784,165.6517372,3.42261152,3.2585579600000005,1.3344760000000002,0
2168,307.68,21.85904332,175.60532,4.8976538,6.372563880000002,1.3257070399999997,0
2169,95.52,14.39633444,153.833984,5.3186616,2.8757505063200006,1.31368708,0
2170,123.16,21.4657524,127.93189200000002,3.2540924,4.320654379999999,1.3615884,1
2171,425.12,34.52309239999999,157.978376,3.4924603200000006,8.323707559999999,1.3017761200000002,0
2172,387.04,37.890975999999995,165.702284,4.131114279999999,10.81106612,1.3623114800000002,1
2173,49.12,27.212137999999996,139.29819200000003,4.286491559999999,7.07052412,1.24604564,0
2174,240.16,19.684222159999997,195.87174000000007,4.4012262,4.222253762040001,1.3283288,0
2175,278.92,35.651717199999986,306.99151199999994,4.03414708,9.73553088,1.3136029999999999,0
2176,191.4,17.552449599999996,304.6493760000001,5.3936044800000005,4.71046544,1.28863252,0
2177,172.32,23.377580400000003,146.990824,4.420534880000001,5.75276772,1.2985973999999998,0
2178,50.12,30.019849200000007,120.75398359999997,5.19118628,9.478185800000002,1.27610684,1
2179,373.08,23.944278000000004,42.375612000000004,4.39171376,5.950674760000002,1.3690068400000002,0
2180,317.12,26.310015999999997,60.365689599999996,3.89243764,6.135575599999998,1.3323168799999998,1
2181,24.68,21.766593879999995,48.39265839999999,4.35677884,5.1160869600000005,1.28632352,0
2182,378.44,37.37652119999999,151.165532,3.2269519599999996,8.81241756,1.32395224,1
2183,119.48,31.7757012,222.12486800000002,6.13094744,12.48878112,1.2946530800000002,0
2184,198.56,25.327937200000004,307.969892,5.016332960000001,7.312589439999999,1.36153588,0
2185,292.6,35.81591319999998,331.700308,4.7139288,11.177675879999999,1.2968613999999996,1
2186,32.08,28.808505480000008,165.18402559999998,2.6152220000000006,5.236733128,1.3104438800000002,0
2187,299.68,26.128364,155.32245999999998,3.3286452399999997,5.53749928,1.3406898000000005,0
2188,103.32,20.862953999999995,263.29062799999997,6.241168439999999,7.050362080000001,1.2831103199999998,0
2189,348.04,38.327680400000006,150.73147600000001,3.6074970800000004,9.87527764,1.2885024800000002,1
2190,137.92,30.087751479999998,231.42851199999998,4.91406568,8.764479520000002,1.2926111599999999,1
2191,73.16,18.206943359999993,79.85602648,3.5282616400000006,3.3556106400000005,1.3361774000000002,0
2192,237.72,27.573045599999997,308.6913440000001,5.20210372,8.686018999999998,1.30652604,0
2193,88.28,35.4137996,103.603772,4.83912484,11.276999360000001,1.2966529999999998,0
2194,108.56,36.025966000000004,153.548348,4.03050628,9.74757664,1.2965511600000001,1
2195,203.04,33.513024,320.4831679999999,3.37809356,7.77964376,1.2652033599999999,0
2196,104.84,22.952056799999994,314.959796,6.167790799999998,7.9134278799999995,1.1766644000000002,0
2197,217.12,32.4693464,164.598024,4.17178804,8.76246244,1.3089712000000002,0
2198,109.84,18.728111200000004,280.0726732,3.8335047600000007,3.7356665679999996,1.3421394399999997,0
2199,205.76,42.886059200000005,163.489196,4.7980888,14.54278664,1.3407890800000002,0
2200,63.96,18.260673479999998,84.0481368,6.39321916,6.731980000000001,1.3017692400000005,0
2201,50.52,25.0359648,126.26762799999999,3.9585953599999995,5.838659560000001,1.16874656,0
2202,247.72,25.7004204,193.10057448,3.6498635200000002,5.7976034400000005,1.31395272,0
2203,249.0,31.44815012,139.81107120000001,2.9057226799999993,6.766029712000001,1.3011971999999998,1
2204,570.2,28.240886399999994,55.99352720000001,3.572351279999999,6.38929164,1.3261235200000001,0
2205,149.64,20.43952079999999,312.995412,4.15329972,4.52588388,1.28564144,0
2206,143.48,31.571504799999992,115.9537192,3.9137063599999995,7.98669504,1.2420945199999998,0
2207,229.28,28.725126799999998,234.41549600000002,5.0326840399999995,8.723578640000001,1.3468220799999997,1
2208,70.72,35.13472839999999,129.03038800000002,5.05074552,11.598481200000002,1.27631644,0
2209,172.72,27.897943600000005,315.9156492,4.88078868,8.370723239999998,1.3357463200000002,1
2210,598.6,40.784388799999995,98.7523704,4.820118400000001,13.669938799999997,1.36391376,0
2211,117.32,33.69757267999999,214.96554880000002,4.44889572,4.84919384952,1.29926376,0
2212,114.28,24.296003600000002,272.6012844000001,5.339334600000001,7.383550879999999,1.2792288400000005,0
2213,83.2,30.584810400000006,225.253608,4.807928759999999,9.127431080000001,1.29311868,0
2214,173.36,19.739729879999995,241.09094679999998,5.271317239999999,2.6752389920799997,1.2934276799999997,0
2215,30.88,30.36431,38.0183504,4.4087654800000005,8.34543956,1.34430936,0
2216,323.68,31.587196,331.0246359999999,4.371760279999998,8.870032720000001,1.36766752,0
2217,311.72,31.767399999999995,189.47846399999997,4.7924637599999995,9.591722440000002,1.2989384399999997,1
2218,126.12,30.619215200000003,253.68112800000003,4.378143640000001,8.342243959999998,1.33448816,0
2219,344.08,38.57777479999999,214.67185999999995,3.078260679999999,8.9441516,1.2901681600000001,0
2220,115.4,25.9137884,132.54682000000003,6.2303998,9.75281024,1.2780258000000004,0
2221,51.48,21.37115104,229.13642215999997,6.8393104,9.233572959480002,1.2716471999999996,0
2222,391.48,26.507180400000003,344.59607599999987,4.67438832,7.239753879999999,1.3293092,0
2223,291.24,26.994566799999987,25.576904400000004,4.41717692,7.08029804,1.28861472,0
2224,127.08,29.920688800000004,224.043244,3.4414359199999995,6.8230624,1.1981092,0
2225,82.64,19.719260399999996,318.2155200000001,6.5258688,6.943537199999998,1.1216989199999998,0
2226,148.56,41.5570896,323.530092,3.9828971600000007,11.890733480000002,1.2860606800000003,0
2227,225.92,25.1843904,165.12252,4.1523068400000005,6.069458199999997,1.2865697599999997,0
2228,47.2,22.002601599999995,344.67177200000003,4.217518040000001,5.03656264,1.31719128,0
2229,83.2,39.30973068000001,201.63195475999999,4.26987932,11.2853338,1.2582321199999997,0
2230,42.12,27.11424319999999,221.17172,4.787774119999999,7.671309119999998,1.2862157200000004,1
2231,306.68,20.034596800000003,270.532798,4.728052279999999,4.750845639999999,1.28652092,0
2232,596.76,38.56060039999999,56.0137156,4.85569436,12.796591839999998,1.32637276,0
2233,568.48,18.874727199999995,235.11238,6.2940805599999985,6.0939285199999995,1.3217485599999999,0
2234,194.16,38.3467504,297.22748399999995,3.7999829999999997,10.326200320000003,1.3607917600000001,1
2235,88.28,31.9583176,133.174708,3.8580010799999997,7.923800840000001,1.3065361200000003,1
2236,132.48,24.237625199999997,199.55368799999997,4.463952320000001,6.115738840000001,1.3237958,0
2237,182.28,32.415162800000004,266.55649999999997,5.509268520000001,11.400691439999997,1.3086718000000002,0
2238,160.2,32.1538912,169.87380000000002,5.160331040000001,10.564656679999999,1.1974391599999996,0
2239,97.6,24.90989599999999,309.1070433599999,3.9111074399999994,5.7607814799999995,1.1148218799999998,0
2240,141.84,35.25210320000001,175.179404,3.8808683200000003,9.092446520000001,1.1457642799999999,0
2241,76.08,31.096863599999992,265.59100400000005,5.803377319999999,11.446180720000003,1.29655996,0
2242,336.2,26.868091999999997,111.28410400000003,4.66566304,7.399731720000001,1.28333028,0
2243,159.0,28.4749932,150.243688,5.095787919999999,8.691265239999998,1.36158296,0
2244,282.64,19.780377480000002,280.996676,6.604589919999999,3.0598663535600004,1.3346816400000001,1
2245,239.96,25.3515696,84.68442080000001,4.908299400000001,7.171444120000001,1.3285265600000002,1
2246,12.96,22.398093319999997,109.0706216,6.293128520000002,5.99034967916,1.30852116,0
2247,304.56,41.2821304,137.88290399999997,3.78618388,11.250410400000003,1.30790732,1
2248,223.24,33.118228800000004,236.29858799999994,4.960382759999999,10.51093676,1.32612948,0
2249,278.8,38.83765159999999,314.372396,3.86567772,10.560840639999999,1.3398376399999998,0
2250,25.36,18.838430799999998,249.47019999999998,5.13074652,4.89848396,1.35650568,0
2251,147.56,29.970611199999993,189.46899999999994,5.8759219599999994,10.975428919999999,1.2970634799999996,0
2252,41.76,16.90265948,239.084384,4.796237,3.86567404,1.28258184,0
2253,254.96,29.526905599999992,199.97186000000005,5.93050096,10.84568144,1.31458544,0
2254,187.4,29.114386800000002,147.842904,4.2500592,7.33169432,1.3541454,0
2255,127.52,38.31829999999999,288.0057399999999,3.6726798399999994,9.909512000000001,1.2838693999999997,0
2256,502.44,29.461038799999994,157.36718800000003,6.1044724399999994,11.205265879999999,1.34535116,0
2257,327.68,28.8020296,216.451328,4.29252436,7.608746799999999,1.3174614799999997,1
2258,82.08,22.849551599999995,301.9620799999999,4.917038120000001,6.185958960000001,1.2910556400000002,0
2259,702.72,18.756701199999995,314.15143599999993,4.52645604,4.267343080000001,1.3465298399999996,0
2260,105.12,19.08212988,338.599096,3.630572280000001,3.8061007400000006,1.16843732,0
2261,274.88,32.13538639999999,219.89314400000004,3.3872210400000005,7.368406480000001,1.30116524,1
2262,378.96,30.590665599999998,289.42437536000006,3.9488486400000005,7.763184079999999,1.29572864,0
2263,105.44,32.286729599999994,43.726846,3.137395839999999,7.0812002,1.27735056,0
2264,314.64,22.9961264,81.87820119999998,4.531977319999999,5.616265239999999,1.2886653999999995,0
2265,73.4,33.4428572,113.99809920000001,2.9629147200000006,7.150814,1.2573510799999998,0
2266,423.28,30.01595079999999,171.516712,4.7924310000000006,8.841010880000002,1.32457244,1
2267,129.88,20.2131948,182.54893999999996,4.54996852,4.7824577999999995,1.30652308,0
2268,197.76,30.989753999999998,87.8753708,5.56390072,10.956136079999999,1.28946412,0
2269,392.48,29.403647200000005,303.49217896000005,6.070026240000001,10.72768396,1.34595972,0
2270,179.48,17.753192,131.67541999999997,5.19630368,3.77482189616,1.3135294399999997,0
2271,43.0,22.1765188,203.242932,6.462972000000001,7.883766120000001,1.1871342799999998,0
2272,672.52,42.280960799999995,67.53909840000001,3.67277256,11.47168692,1.3582660000000002,0
2273,109.2,26.80492480000001,175.13082800000004,5.167389920000001,7.9617106799999995,1.29643292,1
2274,347.04,26.4954668,67.7789848,3.78741872,6.06976408,1.33677376,0
2275,57.76,28.501868000000005,73.7703288,5.32389764,9.238609079999998,1.1678534800000002,0
2276,294.64,33.940235200000004,231.21361199999998,2.91397248,7.271042960000001,1.303115,1
2277,123.4,22.087294000000007,234.05731599999996,3.53550788,4.4262450399999995,1.2959917199999997,0
2278,67.32,31.750731599999995,105.6264412,4.1637112400000005,8.43522716,1.3544024399999999,1
2279,185.84,28.757386400000005,48.074528,5.95151808,10.4953888,1.13615468,0
2280,166.52,19.0900556,300.83520799999997,4.456121680000001,4.338398720000001,1.30128924,0
2281,493.64,34.05387599999998,181.486924,4.7440641999999995,10.699192400000001,1.32088256,0
2282,252.68,32.6304028,61.78447040000001,4.52098928,8.966174920000002,1.28856796,0
2283,666.12,44.751652400000005,160.5213616,5.25559088,17.287607200000004,1.3224965999999998,1
2284,23.88,33.2930816,188.479548,2.749069440000001,5.459333280000001,1.1298819199999999,0
2285,531.96,35.69391239999999,324.68794399999996,5.457561159999999,12.82900596,1.3214772000000001,0
2286,179.04,40.638819999999996,307.095188,3.8143433599999996,11.090219799999998,1.3406388,0
2287,72.84,36.0419296,278.76376000000005,2.9467048399999993,7.987267680000001,1.2935508000000002,1
2288,146.8,27.852689599999998,69.3276484,3.2932290799999997,5.975776919999999,1.3031178799999998,1
2289,457.76,23.182351599999993,137.93035200000003,4.96947092,6.361806079999999,1.33118876,1
2290,320.12,17.35361148,232.543344,5.427205920000001,5.089394079999998,1.3019394,0
2291,60.12,32.613876799999986,100.2670184,4.240879040000001,8.883969199999997,1.2755727199999998,1
2292,93.56,33.91520999999999,212.65986000000004,4.82586512,10.58369048,1.2873,0
2293,54.0,13.362222599999997,130.702796,4.12997116,2.881770532,1.0947668799999999,0
2294,41.56,20.011517039999998,80.51649400000001,4.903707560000001,4.653604976,1.3413740800000002,0
2295,42.48,24.2435572,231.34303200000005,3.79980124,5.003388776000001,1.2931641200000004,0
2296,326.0,26.694551999999995,159.514684,5.46980284,8.62390024,1.2985456,0
2297,186.72,43.98347599999999,304.4056560000001,3.5782782799999997,11.71648996,1.36186152,0
2298,199.24,36.6934316,277.189324,4.175558919999999,10.59543056,1.36710684,0
2299,92.48,24.555892800000006,269.62198800000004,4.098521679999999,5.3841902542,1.2914548399999999,1
2300,576.12,38.58979559999999,308.384176,4.867304239999999,12.720353160000002,1.31623096,0
2301,476.48,41.72361240000001,174.56226799999996,3.67206,11.22372408,1.3092628399999997,1
2302,306.6,31.8962756,150.30172800000003,4.022376400000001,8.288987839999999,1.2880999599999998,0
2303,41.76,25.32812532000001,146.165404,3.64895844,5.67947092,1.28750332,0
2304,184.92,36.865697600000004,74.88073,3.9682001999999996,10.101945520000001,1.26062824,0
2305,416.64,35.43719959999999,294.8485600000001,3.68165548,9.013908320000002,1.31863508,1
2306,181.92,26.102842799999998,233.60240799999997,3.7945507199999997,5.9454842800000005,1.34505304,1
2307,263.52,33.008665599999986,308.9472359999999,4.468167320000001,9.95933996,1.29769192,0
2308,47.72,15.045501639999998,66.8639752,5.221163639999999,2.9796472800000005,1.28910728,0
2309,388.84,40.665422,146.96251199999998,3.9863400400000004,11.751550920000001,1.3090839999999997,1
2310,421.64,29.262281999999995,127.73909599999999,3.5563848800000004,6.748106879999999,1.3235533199999998,0
2311,253.56,31.510039199999998,299.74228,4.141494959999999,7.711890284,1.3664892800000001,1
2312,462.32,15.942184959999997,236.6645772,4.692983079999999,3.3015915203599993,1.31809112,0
2313,314.16,25.3994564,114.41874800000004,5.40621452,7.997109760000001,1.29492792,0
2314,383.24,23.4440404,329.45941600000003,5.0094666,6.4842154800000005,1.3299963599999998,0
2315,143.72,35.1171444,164.965648,6.327607159999998,15.136700399999997,1.2722542800000003,0
2316,249.08,15.98671788,75.953852,3.602724439999999,2.8348856119999994,1.1060096000000001,0
2317,62.12,33.4467688,129.8201688,4.158412800000001,4.587638874359999,1.30433532,0
2318,312.8,34.547995199999995,65.201214,3.70733072,8.751570400000002,1.30676828,1
2319,26.28,31.984101599999995,189.55067248000003,2.6383353599999997,6.15636488,1.29276628,1
2320,567.08,29.6916628,164.855144,3.73731744,7.1540934400000005,1.3336301200000003,0
2321,25.64,17.86009508,303.152064,4.89613744,3.88076319304,1.3654420399999998,0
2322,117.24,36.752570800000015,129.366144,3.42112992,8.85755928,1.3099974000000003,1
2323,61.0,22.967310680000004,201.479684,6.0934142399999995,7.63464644,1.24729072,0
2324,36.72,22.447937200000002,73.80441,3.97622932,4.97837072,1.2547776,0
2325,6.88,13.713213519999995,210.910598,4.87271012,1.1996908964000002,1.2866108000000003,0
2326,137.56,24.6341316,121.61845599999998,4.109234680000001,5.798588080000001,1.20568548,0
2327,619.08,32.746391999999986,184.116656,3.8895671200000006,8.46796204,1.3243686000000003,0
2328,178.52,41.77649199999999,328.77938772,3.9597756800000004,11.801392319999996,1.3672165599999997,0
2329,344.68,45.733605600000004,211.072124,3.4643688399999997,12.162961240000001,1.36154988,0
2330,128.64,27.97404,159.70653199999998,3.8965630000000004,6.74674932,1.2932206400000001,0
2331,90.72,31.494851599999997,176.46326208,3.6804789200000005,7.4369666,1.2860011200000003,1
2332,162.0,10.19691576,211.17959040000002,5.5214282,1.3966377111199997,1.29824556,0
2333,242.84,27.985208799999995,111.64074800000006,5.022265920000001,8.381761280000001,1.2655189999999998,0
2334,115.4,32.0447144,183.21160679999997,3.72830972,7.7349027999999995,1.2988159199999998,0
2335,827.72,31.664779999999993,109.7060224,5.162805560000001,10.477468000000002,1.3208133599999998,0
2336,135.84,18.991605639999996,292.14894208000004,4.0787757199999986,4.10971872,1.36652656,0
2337,206.96,29.468849199999994,83.1304324,3.9621599200000004,7.227346599999999,1.2989583199999997,0
2338,27.36,17.26449732,243.46755999999993,5.0954600800000005,3.6389511784,1.2874046399999997,0
2339,77.4,21.3544996,258.11926839999995,5.4769504,6.327019279999999,1.12231792,0
2340,131.08,33.97397679999999,257.671088,3.9916287599999993,9.41880508,1.3669868399999998,1
2341,114.72,19.318113599999993,179.26260000000002,5.07385544,4.970033040000001,1.12149828,0
2342,101.36,26.276095040000005,124.6495528,5.6826172800000005,5.965497846320001,1.30082072,0
2343,325.84,26.462646400000004,242.35246400000008,3.4490046000000003,5.6772560799999985,1.31013156,0
2344,182.8,28.458754799999994,259.85606,6.118373839999999,10.67625304,1.3601504399999995,0
2345,95.6,12.962022159999998,87.787806,4.03490708,1.9789583719999992,1.28794616,0
2346,119.08,24.589704399999995,321.34332,3.90383464,5.575587240000001,1.2493615200000001,0
2347,311.52,20.699716400000007,161.64018,4.98774324,5.105881360000001,1.28676412,0
2348,62.52,24.1447172,143.171696,5.1834356,6.94650232,1.3025849600000001,0
2349,211.6,34.78471719999998,41.65646743999998,4.04465548,9.37967748,1.29645772,0
2350,414.36,27.700434800000004,153.925488,3.51613716,6.13338732,1.3311441199999998,1
2351,247.72,20.50497468,187.15870799999996,4.58926308,5.177352120000002,1.3343944,0
2352,405.36,32.93498679999999,189.65835600000003,4.26151488,9.164726400000001,1.32816416,1
2353,268.32,25.739598,219.97012399999997,3.56104992,5.577132439999998,1.30423276,1
2354,173.84,32.44321359999999,246.26035200000007,4.1893682,8.76933456,1.3240326000000002,0
2355,848.6,22.882617600000003,172.8669,4.316666400000001,5.395625320000001,1.33838296,0
2356,53.4,26.970240799999996,249.06941928000003,4.071727159999999,6.7400300799999995,1.25318152,0
2357,306.56,34.7694816,126.204708,3.85522268,9.010264959999999,1.29572396,1
2358,28.32,23.914982,99.88605200000002,4.76076236,6.352586200000002,1.15069336,0
2359,46.6,20.87169836,103.0384728,3.2713913599999995,4.459212372,1.3392926399999998,0
2360,286.36,29.0874112,93.23205320000001,3.951908999999999,7.181994919999998,1.33739492,0
2361,107.48,27.0282592,106.97145560000003,3.90795972,6.5217308800000025,1.26472928,0
2362,368.28,34.33397639999999,308.09778,4.29587236,9.64490416,1.2928707199999996,1
2363,266.36,31.84333,140.4578888,3.2857413599999994,7.12986256,1.3039205999999999,1
2364,391.8,32.009799599999994,255.16794000000002,3.3348225199999995,7.40686408,1.28291364,1
2365,226.68,20.27699944,188.87799880000003,5.935796480000001,4.95715153964,1.2931107599999998,0
2366,58.56,31.988661999999998,262.158692,3.5866320800000007,7.7246744000000005,1.24580228,0
2367,119.92,26.180343599999997,293.52978400000006,5.56859348,8.622611400000002,1.3500691599999999,1
2368,213.12,34.5669988,286.60028716,4.5435678,9.9076866,1.31115284,0
2369,186.0,35.782806799999996,309.54602,4.03545436,9.740497479999997,1.2894330000000003,0
2370,364.76,34.38086639999999,328.441308,3.97092504,9.11016552,1.3168478000000001,1
2371,338.8,25.7322804,237.92563616000004,4.47979716,6.727135856,1.3015918400000002,1
2372,218.64,32.1021204,83.20134880000002,3.3444539200000007,7.26501656,1.311617,1
2373,159.12,29.488385199999996,229.79841815999995,3.76228336,7.01890384,1.33418212,0
2374,147.2,13.003107400000001,234.325204,4.522381200000001,2.41883798232,1.2882619599999998,0
2375,107.48,34.58699520000001,166.10078439999998,3.64125072,8.153991319999996,1.29931808,0
2376,108.0,26.1411,284.2064,5.23440596,8.132108480000001,1.3617103599999998,1
2377,124.72,36.145140800000014,98.6123724,3.43209836,8.72341948,1.25199016,0
2378,395.84,37.73070960000001,118.63998880000003,3.86997612,10.57134428,1.3644164,0
2379,273.88,24.565784800000003,76.7044428,3.7964746000000007,5.46955964,1.2706459599999997,0
2380,47.92,26.9346688,58.137220399999975,4.52044744,7.21418036,1.2501976799999999,0
2381,49.96,14.930293080000002,270.51269479999996,6.86701896,3.3268502185199997,1.2902818800000002,0
2382,295.08,25.69510976,138.0135328,2.92712228,4.996011608,1.3591331600000003,1
2383,107.04,36.448736799999985,117.84270000000001,3.6653616799999997,9.32718608,1.2791496000000002,1
2384,158.92,18.483783759999998,62.15354920000001,5.670017080000001,4.969404920000001,1.31990476,0
2385,140.8,23.001802919999996,128.21451,4.47129204,4.56754195008,1.31166792,0
2386,151.36,38.59139188000001,258.2528556,2.9202422400000008,8.852678403999999,1.2948390400000003,0
2387,313.28,30.804522800000008,181.91999563999997,5.3133551599999995,10.20356628,1.2914904,0
2388,152.72,34.84459999999999,62.50534680000003,4.580310920000001,10.493925039999999,1.3372011600000002,0
2389,615.04,27.0391092,237.05124800000002,5.273183360000001,8.404645680000002,1.3213538799999998,0
2390,184.68,19.247949479999996,198.0106860000001,7.503849879999999,7.626560519999998,1.3216816799999997,0
2391,785.72,41.25145160000001,157.412464,4.020195160000001,11.852415639999998,1.3173925199999998,0
2392,23.56,17.912535079999994,158.067332,5.403763519999999,4.126503499400001,1.3038064000000003,0
2393,305.4,31.922764799999996,181.52656400000004,4.356595719999999,8.934102280000001,1.31012484,1
2394,298.08,18.943045999999995,111.35213800000001,4.69475616,4.308871184000001,1.3170056799999998,0
2395,87.0,25.755966400000002,205.08654,4.20028796,6.31264848,1.1141782800000002,1
2396,112.6,32.8325072,74.29702439999998,3.937289879999999,9.181720239999999,1.24513392,0
2397,102.16,32.314345200000005,299.2283752,3.2321973600000002,7.26358156,1.2830457599999996,1
2398,209.2,29.47529199999999,92.7483684,4.275824239999999,7.770516840000002,1.3387172799999996,0
2399,308.84,14.311298800000005,170.91300000000004,6.247751399999999,3.281968356679999,1.2866306400000003,0
2400,718.28,32.0226632,204.29546399999998,5.44728964,11.077391119999998,1.33814008,0
2401,462.84,21.75384108,270.72094400000003,4.458311319999999,4.34740163756,1.3143238400000001,0
2402,298.92,26.771722799999992,154.19338399999998,5.311774520000001,8.34502584,1.2773361600000002,0
2403,401.76,18.40970816,144.334784,5.38580032,4.92698504,1.317628,0
2404,195.8,29.753046800000003,261.51720048,3.9240316000000006,7.61185628,1.2811384,0
2405,239.8,37.37449319999999,60.479234399999996,3.9170360800000004,10.237762999999998,1.297717,0
2406,192.96,27.52307719999999,63.346154,3.4736521200000006,6.045281599999999,1.3337291200000003,0
2407,295.52,14.07073696,206.34960000000004,4.224314399999999,2.6777578680000005,1.2317929600000002,0
2408,213.72,30.988670399999997,148.70314799999997,3.8434785199999992,7.609678280000001,1.3667397600000002,1
2409,179.2,25.550451319999997,217.712444,5.991421960000001,8.764225399999999,1.2845752000000001,0
2410,334.44,53.75764639999999,161.231636,2.8880661199999995,13.3375984,1.29948172,0
2411,440.24,38.85082239999999,46.731418000000005,4.30239992,11.498532320000002,1.3271263600000003,1
2412,308.6,26.77509559999999,292.605192,4.060495959999999,6.5290650800000005,1.3303803600000002,0
2413,279.4,27.238968,121.45512799999999,4.5543530400000005,7.463941400000001,1.3301619599999999,0
2414,293.44,25.961326800000002,304.753064,5.3614148,8.16554896,1.3317700399999999,0
2415,306.24,34.3455376,231.50017599999998,3.1823423600000003,7.793239800000001,1.28570944,0
2416,180.84,26.312969840000004,73.29180176000001,3.41228444,5.736012091999999,1.3351870800000003,1
2417,147.8,31.434791200000003,123.69535599999999,4.25850232,8.498609800000002,1.2932944400000002,0
2418,174.72,22.387610679999998,124.315632,5.36309188,5.610409308799999,1.27958956,0
2419,53.72,23.7226792,232.50156799999993,3.847913279999999,5.251659400000001,1.3665178,0
2420,52.16,24.388489999999997,320.41478800000004,4.103838720000001,5.67291116,1.27718048,0
2421,169.4,28.3887232,140.85904399999998,4.38950528,7.559752520000001,1.29745152,0
2422,264.56,23.816092799999996,25.8886428,4.254174439999999,5.72336248,1.3672133199999998,0
2423,134.36,23.514618799999997,186.6109212000001,3.447188879999999,4.7859647999999995,1.2783221199999995,0
2424,295.08,26.211859600000007,115.333,3.4724398400000003,5.598473800000001,1.36717932,0
2425,336.96,27.4749216,320.5579548,5.67098592,9.293019720000002,1.3291718399999999,0
2426,535.96,40.91307559999999,263.710604,4.4452928400000005,12.73940912,1.33796252,1
2427,155.52,14.535332399999998,67.46459519999999,4.13688032,2.787608508,1.23514108,0
2428,134.24,24.344790799999995,130.9691808,3.4823897999999995,5.1369111599999995,1.1159720000000002,0
2429,377.64,28.797396799999998,97.98259920000001,4.399889440000001,7.707273039999999,1.3361130399999999,0
2430,35.52,22.331469080000005,98.77917000000004,5.200779319999999,5.919744599999999,1.16633488,0
2431,148.16,32.1565716,131.43983880000002,4.052704319999999,8.158572999999999,1.26723528,0
2432,127.6,32.4649036,305.84483,3.0868142000000005,7.1175901800000005,1.32282924,1
2433,201.8,25.060679199999992,274.448384,5.38338672,7.5652386,1.30977548,0
2434,75.92,19.2166672,257.36436160000005,4.573957279999998,4.45473744,1.2874446,0
2435,71.08,15.573206679999998,293.58843599999994,5.40084732,3.3870327760000003,1.2738310399999997,0
2436,82.32,16.176315199999994,113.36726479999999,5.11057632,3.9094371200000007,1.3132475200000002,0
2437,50.52,28.397502400000004,268.41754799999995,3.21571344,6.21963924,1.296393,0
2438,317.72,32.338615999999995,214.590432,3.8871693999999994,8.33630576,1.3039060800000002,1
2439,570.28,34.741246800000006,52.36220119999999,3.945455599999999,9.182036560000002,1.3267988,0
2440,201.0,21.84661468,262.94071999999994,4.49355192,5.01156972,1.32887004,0
2441,189.6,25.835323599999995,146.0362544,5.31974376,8.051859639999998,1.30771376,0
2442,334.12,25.6725732,145.83969599999998,5.17633348,7.761728400000002,1.30451032,1
2443,140.68,23.12660908,242.17639200000002,5.999189159999999,7.704235840000001,1.2553520000000002,0
2444,87.2,28.472225999999992,134.03231767999992,3.9080611600000004,6.99436348,1.3053234800000002,0
2445,249.6,27.059335999999988,190.19212,5.1263504000000015,8.17436968,1.3202356,0
2446,51.36,27.526337599999998,158.475768,5.715572720000003,9.433968240000002,1.1133518,0
2447,75.96,19.2379048,242.281764,5.35876328,5.39999664,1.33486336,0
2448,222.24,23.667820399999997,232.10602799999992,3.224980960000001,4.710889360000001,1.33690652,0
2449,412.76,37.1266044,76.44014471999999,3.1185723999999997,8.583087279999999,1.36123096,0
2450,221.2,23.750287999999998,104.117922,5.791923400000001,7.788489799999999,1.3375211599999997,0
2451,741.32,15.83388508,72.4056084,3.82278908,2.950199912,1.3420619199999997,0
2452,206.24,16.198376,288.737404,3.9705708399999993,2.9747139199999997,1.3370988000000004,0
2453,40.84,20.602110679999996,127.270644,6.2541995199999985,6.724181000000001,1.3429052,0
2454,141.2,23.420936400000002,305.71448,4.397857439999999,5.8273004,1.3007179599999998,0
2455,74.76,15.588057840000003,65.66263679999999,5.15943352,3.8554062959600004,1.3068014399999999,0
2456,344.12,26.688277600000003,311.1385744,3.4667952799999995,5.8868102,1.3677591199999997,1
2457,175.32,24.570669199999998,151.731764,5.40757768,7.504486200000001,1.25397752,0
2458,410.92,27.874779600000007,106.61571599999998,4.93430116,7.9270245599999996,1.29372176,0
2459,85.08,22.668100799999994,54.021438800000006,4.59573548,5.742865320000001,1.35589548,0
2460,278.64,31.965869599999998,110.87499272000001,3.867185040000001,8.16997936,1.35678624,1
2461,247.84,31.967041199999993,75.16724719999998,4.92263796,9.892556639999999,1.3359293600000002,0
2462,647.76,39.4373272,82.41701775999998,4.127618520000001,11.34209568,1.3234554000000003,0
2463,65.96,17.097213160000003,248.265808,4.11749192,3.3221878471599995,1.2926052800000003,0
2464,313.28,24.374451200000014,138.965412,4.71650696,6.51697576,1.30516252,0
2465,149.32,26.791090000000004,308.438004,3.90987888,5.884845959999999,1.34500184,0
2466,173.08,25.787737200000002,133.97155600000002,5.6022746,8.36637124,1.26676928,0
2467,480.24,33.098322,156.5485928,3.81087728,8.439355039999999,1.32416796,1
2468,162.4,34.96199479999999,174.47335600000002,3.851918760000001,9.011617359999999,1.1940342000000002,0
2469,169.4,33.0992992,141.44637400000002,4.59058464,10.085857608,1.3117449199999998,1
2470,331.28,31.289991199999996,324.1443479999999,4.238506519999999,8.401343919999999,1.29824196,0
2471,145.8,39.0985232,42.4269996,3.3029892000000003,9.49734772,1.29770016,1
2472,95.2,26.142073999999994,199.845956,5.220521120000001,7.932791359999998,1.3336368399999996,0
2473,198.72,39.225398,325.38352800000007,4.176417159999999,11.29483808,1.1414636000000002,0
2474,157.4,30.713249599999994,104.49652640000001,4.88403164,9.331076320000001,1.27938268,0
2475,28.12,31.700833999999997,288.439168,4.5149754,9.04215636,1.3098374000000004,0
2476,261.6,37.179306,285.17241704,5.669061199999999,14.308592399999998,1.3681124799999997,0
2477,426.6,17.295692399999997,118.73114799999999,3.715875519999999,3.2418770400000003,1.3184292800000004,0
2478,185.28,35.024323200000005,101.71365120000002,4.1087232,9.58440536,1.36272748,0
2479,72.32,29.029842399999993,83.76717239999999,3.93841564,7.132069839999998,1.10200276,0
2480,278.92,18.3455364,123.76667999999998,5.353699199999999,4.8793122,1.27707524,0
2481,199.64,29.836139199999998,217.81668800000006,3.895230599999999,7.249588040000001,1.3263293999999999,0
2482,423.16,19.804413599999993,182.974632,4.04686012,4.1471450800000005,1.2811088400000006,0
2483,77.04,29.70614599999998,251.46542503999993,4.99260176,9.063551879999999,1.17099244,0
2484,66.8,22.099500400000007,158.528864,5.86839084,7.174212400000001,1.31071212,0
2485,90.56,21.432570000000002,54.27585039999999,3.991100839999999,4.51759321192,1.10426984,0
2486,77.12,23.39177108,149.53907400000003,5.008641519999999,6.709521164,1.3434179599999998,0
2487,276.2,21.089636000000006,284.068196,4.50753936,4.67312624,1.3003197599999998,0
2488,675.64,42.5563428,200.01242399999998,4.4509006,13.445048000000003,1.3165759999999997,0
2489,215.2,9.749349199999997,213.05040799999998,6.959188720000002,3.1182669932,1.31668524,0
2490,52.08,38.522101199999994,332.50651600000003,4.190281640000001,11.11911568,1.1209239599999998,0
2491,428.04,22.660387599999993,111.0273928,5.334007000000001,6.80657976,1.3312135200000004,1
2492,246.88,35.3222948,207.84866799999998,3.9110001600000004,9.36725148,1.30395432,1
2493,42.48,23.13554304,148.79588679999998,4.31827428,5.606577844000001,1.24527372,0
2494,308.72,28.7356704,283.76138399999996,4.84014492,8.37192864,1.3317153199999998,0
2495,347.64,46.9106164,217.17030400000004,3.8539475199999993,13.46680616,1.3093818,1
2496,199.76,34.23226439999999,109.04661199999998,3.7643070400000003,8.59636932,1.36624544,0
2497,407.64,29.881947599999993,285.099756,3.7173566399999998,7.137452720000002,1.3204882,0
2498,337.8,36.1044044,307.72998,3.85906444,9.513590959999998,1.3163018000000002,1
2499,191.12,34.8374836,233.21725999999998,2.9879797599999995,7.655437720000001,1.29550292,1
2500,181.2,35.282669199999994,133.26561600000002,3.61245744,8.7812984,1.3197663599999998,1
2501,124.52,20.37345368,288.4714108,4.392347599999999,5.4530015276400015,1.3544046800000005,0
2502,334.72,27.228805999999995,249.425812,5.484555439999999,10.676945439999999,1.3146045199999998,0
2503,77.4,28.05335708,106.96724320000001,5.26606044,8.58880052,1.1017270399999999,0
2504,119.76,26.716271599999995,273.44206800000006,4.918133119999999,7.628144000000001,1.34662192,0
2505,416.84,24.16723,243.2256652,3.3701202800000005,4.930585440000001,1.3545984399999997,0
2506,50.92,13.62836656,316.8,4.164987040000001,2.5995796240000004,1.2799344400000003,0
2507,468.56,42.1057064,149.98742000000001,4.43084596,13.32786972,1.3317969200000002,0
2508,720.24,34.394664000000006,175.05733880000003,4.88195152,11.081263480000002,1.3430035600000003,0
2509,359.92,34.33427520000001,112.1733784,4.226360839999999,9.73981088,1.3005727999999999,0
2510,375.2,37.972413599999996,202.58092800000003,3.5963081999999997,9.798732560000001,1.3111637600000001,1
2511,247.56,26.660829999999997,193.31521200000003,5.161228199999999,7.761462240000001,1.28273204,0
2512,311.68,23.633968,143.49819000000002,6.0074555599999995,6.360830880000001,1.28652904,0
2513,47.6,16.248123880000005,248.446776,7.007977039999998,5.55325988,1.3204135200000002,0
2514,227.08,37.5836488,233.82738400000005,2.62434324,7.939359079999999,1.3202662800000002,0
2515,53.0,34.5189972,160.18818799999997,4.131461559999999,9.39697868,1.2807377599999998,1
2516,352.88,30.64129079999999,267.539704,4.25834544,8.256833960000002,1.3162530399999997,1
2517,321.32,18.192166439999998,127.9824448,4.09120036,3.33009153712,1.3297784400000003,0
2518,28.56,19.291929479999997,186.7729256,7.9782644000000005,7.033986781159999,1.28198396,0
2519,430.8,25.166351199999994,98.2140968,3.96447812,5.841397840000001,1.32327184,0
2520,468.72,41.136016399999995,157.27816399999998,4.013769999999999,11.678486240000002,1.3644656800000001,0
2521,282.6,29.845309599999993,201.01596799999996,3.7163432,7.128022080000001,1.2853399199999997,1
2522,261.76,19.13490148,100.03945119999999,4.5745347600000015,4.34983884,1.36609112,0
2523,393.04,30.9799028,139.239944,5.9662842000000005,11.765338120000001,1.3282657599999999,0
2524,137.84,23.334871599999996,152.44453039999996,4.79040904,6.168355399999999,1.2913061999999997,0
2525,3.96,14.37368856,166.4143628,6.593707360000001,2.93083383288,1.2930098399999996,0
2526,170.4,28.209431200000008,301.84234000000004,3.9158203599999997,6.828193079999998,1.2288982,0
2527,122.72,31.478490000000008,301.75014072,5.350259239999999,10.39981708,1.2808839999999997,1
2528,76.2,30.410994800000005,56.94630320000001,6.2583107600000005,11.93468756,1.3041512400000002,0
2529,437.44,27.0297032,297.545228,3.6329985199999997,6.206628960000001,1.3522336,0
2530,419.72,32.341717199999984,168.13074000000003,4.04945868,8.48999472,1.2850169599999999,0
2531,232.0,38.521736399999995,185.26852399999999,3.4069832799999995,9.725402919999999,1.30108376,1
2532,138.48,26.328994400000003,48.956839999999985,4.817214959999999,7.399051359999999,1.2689353600000002,0
2533,247.96,23.706583599999995,120.04085280000001,5.760351400000002,7.612242720000001,1.2179407200000003,0
2534,447.2,35.83923320000001,267.810604,5.501204840000001,12.991046600000002,1.3363671200000002,0
2535,282.16,32.3856504,61.034629999999986,5.21859076,10.688372120000002,1.34111144,0
2536,64.56,19.142769999999995,97.21153480000002,4.5259431999999995,4.3835517600000005,1.24655624,0
2537,96.28,16.13387324,304.42769599999997,3.5972630000000003,3.0888894,1.1080647199999996,0
2538,197.6,31.86943719999999,192.99809200000004,3.809482,7.933377800000001,1.26960732,0
2539,375.72,35.58734440000001,51.34780160000005,4.66967176,10.98190508,1.3680767999999994,0
2540,262.2,30.547295200000004,68.13735639999999,3.7939465999999995,7.4017738799999995,1.32049208,0
2541,185.76,18.1621256,291.784496,3.77115884,3.51260804,1.3319816000000002,0
2542,125.56,26.873979080000005,144.73749200000003,5.36927276,8.25069244,1.1405884400000004,0
2543,315.32,37.89568279999999,186.450316,5.201627639999999,13.4130724,1.3090669599999998,1
2544,186.96,30.118911999999995,257.916792,3.6169558,7.055393040000001,1.33882144,0
2545,185.76,24.808025599999997,67.66375279999998,3.4516541999999992,5.279196799999999,1.26481872,0
2546,216.28,34.324746,154.23989600000002,4.60448176,10.300786760000001,1.3635971999999998,0
2547,254.92,34.967182,190.329904,3.863079879999999,9.145961040000001,1.2291461600000002,0
2548,328.88,31.59176359999999,149.9765004,5.42177868,11.450094839999998,1.33272652,0
2549,66.04,35.601865360000005,193.96313800000004,3.00076784,6.8217508,1.3188427999999999,0
2550,504.28,37.247612800000006,78.82088240000002,3.7625373200000007,9.823554439999999,1.3110246,0
2551,92.64,15.439948440000006,58.656018399999994,3.8027662400000004,2.8009963,1.12878828,0
2552,243.84,40.3325912,269.91843264,6.06550256,18.51662948,1.3146171999999998,0
2553,73.28,26.62485279999999,77.07623280000001,3.9184900000000003,6.336833359999998,1.25796,0
2554,380.12,35.24998400000001,184.68946,3.7226920799999994,9.007929959999998,1.3127534799999998,1
2555,104.76,27.221084000000005,154.42055999999997,3.77170192,6.33923296,1.3583690799999997,1
2556,369.28,27.899430000000006,203.67690799999997,5.28508664,8.86150464,1.3088568799999998,0
2557,267.2,30.069525999999996,134.46940800000002,4.1286971999999995,7.8101071599999985,1.33632432,0
2558,70.04,27.910917999999995,31.49494952,4.53147332,7.576113039999999,1.22983168,0
2559,272.64,25.983054520000007,144.82168800000002,4.02871588,5.87623776,1.3048740400000003,1
2560,31.24,34.5328884,336.490516,4.038270719999999,9.285099,1.3014084,0
2561,349.72,29.372362399999997,171.520284,3.881219320000001,7.1961926400000005,1.3402084399999998,0
2562,98.64,22.145364,123.89465200000001,5.906601160000001,7.528588319999999,1.2772105200000001,1
2563,139.64,32.534332799999994,259.92807199999993,4.512364,9.40196964,1.30877308,1
2564,157.88,23.863804000000002,76.77108296000002,3.9300832800000007,5.216946656,1.1750521600000001,0
2565,125.8,28.029636400000005,266.08413199999995,4.621928479999999,7.415460400000001,1.19731784,0
2566,311.44,30.435222000000003,150.84597223999998,4.2239843200000005,7.912232840000001,1.2904946000000002,0
2567,299.76,31.223707599999997,181.13306799999998,6.04658416,12.025176799999999,1.32510756,1
2568,271.48,22.905359880000006,111.7356048,5.366065,4.949932650720001,1.32644116,0
2569,77.2,22.678541999999997,138.35112152,5.937137239999999,6.333394712,1.2985284000000001,1
2570,357.52,24.401616399999998,84.2174804,3.8544718399999995,5.49484944,1.3686163600000003,0
2571,637.96,32.512519600000005,61.35146679999999,4.58888176,9.486105799999997,1.32572152,0
2572,80.04,24.005292400000002,304.7785571999999,5.152837719999999,7.5983002399999995,1.2248998000000002,0
2573,130.24,32.28893360000001,86.39197544000001,6.68073712,14.2500296,1.3591944799999995,0
2574,83.48,38.138326400000004,194.54538799999997,4.246887560000001,11.170973599999998,1.2994712,1
2575,300.8,45.035168000000006,147.197116,3.6608608400000002,12.437073239999997,1.3075540799999998,1
2576,105.68,18.60085428,80.5019044,6.243397680000002,5.8391842,1.27773332,0
2577,337.64,37.5355408,283.04840399999995,3.67412032,9.66286368,1.2862448800000001,1
2578,185.08,20.245177639999998,75.8601808,3.30605764,3.821060848,1.3622680799999998,0
2579,88.6,33.84573640000001,267.601852,4.570201600000001,10.018878280000001,1.31838988,0
2580,102.92,24.082682,285.2193919999999,5.191478359999999,6.852394120000001,1.34195728,0
2581,361.68,17.6056524,341.6988519999999,3.79047248,3.4323380399999994,1.28463504,0
2582,182.36,15.185778159999995,269.8507452,3.2469092,2.80663124,1.1122478400000002,0
2583,488.16,28.243752799999996,178.825772,4.717225720000001,8.08620636,1.3207184800000003,1
2584,401.6,38.1066764,167.079004,3.2836770400000006,9.15358208,1.3425286800000003,0
2585,280.96,23.538206399999993,191.13180400000002,3.5363162000000004,4.872742239999999,1.3201042799999998,0
2586,47.56,30.3627144,294.89264799999995,4.231043719999999,8.15337372,1.3182961199999996,0
2587,142.52,28.369119760000004,214.30575599999997,3.5016550400000006,6.548870244000002,1.25657632,0
2588,414.08,31.909858800000002,161.584144,4.55958388,9.102737120000002,1.3306003999999998,1
2589,123.2,19.51016188,258.036804,5.8895904,5.3391751880000005,1.3073709600000003,0
2590,24.48,13.63509592,189.501148,4.26117896,1.8088076914800006,1.34270188,0
2591,394.08,21.8430544,139.05342000000002,6.631550999999998,8.03606708,1.2954091600000002,0
2592,301.92,25.436245999999986,80.5809076,3.6442640799999997,5.6099727999999995,1.28147128,0
2593,273.84,37.163199999999996,225.18191599999997,2.8059259599999997,8.068699680000002,1.14272168,0
2594,51.4,26.148615200000005,136.10395599999998,4.24725052,6.4565916,1.09506788,0
2595,91.8,27.181228400000006,313.99195999999995,3.3991536400000006,5.84754324,1.2683606399999998,0
2596,66.04,34.4028372,178.817264,2.8729172800000002,7.79152044,1.29141436,0
2597,360.48,29.717949599999997,246.83673328000003,3.953057120000001,7.39173944,1.2826371999999997,1
2598,154.84,36.04136599999999,290.96840800000007,4.751445479999999,11.420450159999998,1.2838193999999998,0
2599,212.6,24.034354399999998,89.42129080000001,5.46163,7.245685280000001,1.2922197199999998,0
2600,346.96,33.25277079999999,304.32857199999995,4.056200200000001,8.93297064,1.31616152,1
2601,252.2,34.756835599999995,84.38741152,4.30321592,9.943002080000001,1.3308183599999999,1
2602,287.4,29.032205999999995,76.12843392,5.75712588,10.1896378,1.3283525999999997,0
2603,50.4,18.574817600000003,95.083362,4.05544236,3.82099308,1.2857890000000003,0
2604,355.92,15.15981172,305.104794,4.5935776399999995,2.4298382950000006,1.2849480400000002,0
2605,202.4,17.176758799999995,150.51238000000004,3.8309674399999993,3.2668820400000005,1.3235664400000002,0
2606,252.36,14.857794839999999,306.90479200000004,6.392678240000001,4.607048160000001,1.3670680400000004,0
2607,137.6,32.15733840000001,237.54278799999997,3.58775996,7.655625040000001,1.3594918800000002,1
2608,327.08,29.226418799999998,189.54088800000002,5.599762439999999,9.929852439999998,1.32426008,0
2609,102.44,18.66925036,180.79010400000004,4.6603650000000005,4.27908036,1.2980787200000001,0
2610,308.12,39.66561,343.40410800000006,4.00733244,11.140126720000001,1.3125619600000002,1
2611,31.48,16.11502664,345.966492,6.498824720000001,2.9289898453999994,1.31999184,0
2612,214.04,31.64114559999999,239.73002,3.821102480000001,7.922643120000001,1.3418334800000002,1
2613,46.44,26.020994,252.26132040000002,4.273309200000001,4.79597204824,1.3501923600000003,0
2614,302.68,27.1890068,348.63757999999984,4.293926759999999,6.93821212,1.2884524000000002,1
2615,259.12,32.93714919999999,249.67934800000003,3.7179571200000003,8.142506319999999,1.2803505600000002,0
2616,144.52,27.16088012,260.07256879999994,4.493412800000001,7.341171920000002,1.25800672,0
2617,286.84,23.580723600000002,145.216008,3.8594484000000007,5.308353480000001,1.3050495599999998,1
2618,348.6,36.908112,113.45516320000003,4.598901840000001,11.5501088,1.3120762800000003,0
2619,637.8,37.99920440000001,350.4279399999999,4.51244944,11.59606264,1.3500141999999995,0
2620,492.24,22.098197600000006,247.17465999999996,4.02975356,4.91794532,1.3304577599999998,0
2621,154.56,26.59735468,149.6376168,6.2299338,10.421340639999999,1.30585072,0
2622,369.72,33.416199479999996,233.36730399999993,3.0082447999999995,7.1725717200000005,1.326974,0
2623,375.52,41.811847199999995,304.85612800000007,5.326635679999999,16.90121068,1.3283829600000001,0
2624,376.24,21.6939248,282.52069,4.64755856,5.383473759999999,1.2825078799999998,0
2625,87.08,30.3441444,241.33627600000008,5.743535159999999,10.919715560000002,1.35781516,0
2626,83.28,34.267256399999994,221.11771600000003,3.74261864,8.448936160000002,1.29648712,1
2627,462.16,37.7232896,48.45794984,4.965912800000001,12.6782116,1.3461943600000001,0
2628,154.0,29.739167600000005,169.84896,4.98557688,9.10355036,1.30922536,0
2629,158.16,35.72421039999999,287.4039428000001,3.907065200000001,9.50721048,1.3059212,1
2630,26.2,26.1286324,330.39230800000007,4.19090048,6.404187720000001,1.24524,0
2631,33.44,31.996990800000006,170.26177999999996,3.32336868,7.180108399999998,1.2289668,0
2632,149.8,21.115833199999997,269.37275999999997,7.3668224800000015,8.30791744,1.3121150799999999,0
2633,627.56,47.0743952,119.36060040000001,5.0693671600000005,17.469331200000003,1.3609944800000002,1
2634,92.28,28.084222,338.80409199999997,5.383544999999999,9.099978239999997,1.10986676,0
2635,35.28,17.227259599999996,238.03322799999998,5.5600254399999995,5.139514,1.2951947200000005,0
2636,424.8,29.097582399999993,187.20337199999997,4.51354108,7.956678479999998,1.2993005599999998,0
2637,98.72,34.5612344,66.884808,2.89802388,7.504457920000001,1.28231856,1
2638,147.72,33.2126212,334.186076,5.551896720000001,11.702245600000001,1.2787329600000001,0
2639,453.92,20.266270799999994,276.32686399999994,6.856683999999999,7.51366148,1.36623268,0
2640,540.4,21.562499319999997,293.32776400000006,5.60664832,5.880472256000001,1.3228517199999998,0
2641,247.04,22.071408,137.94300399999997,4.5566958799999995,5.46194208,1.3025396800000002,0
2642,339.96,20.1553488,103.23880079999999,4.69273868,4.92075928,1.3290144399999997,0
2643,301.4,30.7382244,74.00262399999998,5.602647440000001,10.890336839999998,1.3116587199999998,0
2644,223.92,28.639594399999993,154.58617599999997,5.747111159999999,11.00326248,1.3160924,0
2645,303.92,23.01414612,62.520910000000015,3.3376739599999996,4.585188368000001,1.3407490800000001,0
2646,359.84,25.400111599999995,182.37103199999999,5.4401657199999995,7.971929480000001,1.3016154000000002,0
2647,303.0,37.99809599999999,151.92622,4.73520876,12.528964680000001,1.3095641999999998,1
2648,148.08,29.8085848,150.527572,4.13490196,7.754528400000001,1.2074392,0
2649,86.76,30.704474680000004,40.8405828,5.522647000000001,10.546382079999999,1.3435334400000003,0
2650,274.64,30.6754216,297.381868,3.5156737200000006,7.08479256,1.2810489599999997,1
2651,241.68,33.577984799999996,107.2489588,3.931452319999999,8.765260679999997,1.30401828,1
2652,216.88,17.04852412,274.426376,4.1191150400000005,3.3685210320000003,1.3398572,0
2653,140.44,27.48062559999999,102.96182040000002,4.7332549199999985,7.8569754399999985,1.2937966,0
2654,290.24,16.28929824,175.11574800000002,5.46047364,3.2725266957200008,1.3212666000000002,0
2655,33.72,25.548009999999994,166.55206799999996,5.185529879999999,7.8540810400000005,1.3022468799999998,0
2656,391.16,28.337888799999995,201.10095200000006,3.9769618800000006,6.877541439999999,1.3231288400000003,0
2657,24.32,41.3609512,92.3440828,2.57143324,8.955641,1.0968863999999998,0
2658,254.12,30.726150399999987,265.83760399999994,3.807947440000001,7.5574571200000005,1.30471136,1
2659,459.2,32.2447028,148.81285599999998,5.04692112,10.273982440000003,1.3690113200000005,0
2660,334.76,38.279134799999994,196.91148400000003,4.52425928,11.784868000000001,1.31622396,1
2661,75.64,31.7903856,168.04508399999997,3.9056583200000006,7.996349799999999,1.27377324,1
2662,255.52,26.57091880000001,77.32675640000001,4.496251040000001,7.025995120000001,1.33297516,0
2663,111.8,31.715098799999996,211.23639200000002,5.08083148,10.19480416,1.2833346000000003,1
2664,100.76,27.948173199999996,152.74939080000001,5.1191378,7.957521640000002,1.26380384,0
2665,345.0,27.47206759999999,331.3661731999999,5.62797196,9.34152412,1.3190396399999997,0
2666,266.08,36.644452400000006,66.76788476,5.8873475599999985,14.721054239999999,1.3014578799999998,0
2667,552.44,42.53481119999999,63.886972800000024,4.23392492,12.9098156,1.32443928,0
2668,351.08,35.6771772,239.978864,3.1141190800000005,8.172137840000001,1.2833778399999998,1
2669,381.92,15.283721760000006,241.10147399999997,6.320267960000001,3.8857297198799996,1.2782128799999999,0
2670,411.4,34.5517896,135.28246,2.9871461999999998,7.603105519999998,1.33030432,1
2671,186.64,33.115412799999994,325.9585116800001,5.5749980400000005,11.795292000000002,1.3242215600000002,0
2672,405.16,35.41196719999999,181.219912,4.15059664,9.993785919999999,1.3271807999999998,1
2673,154.08,20.506097999999994,36.81065720000001,5.13764948,5.63137288,1.2355105600000003,0
2674,372.28,35.7608404,303.9418160000001,4.12102844,9.917401360000001,1.2929196399999996,1
2675,185.0,17.875454360000003,125.099278,4.683127360000001,3.9771182800000004,1.3203877199999996,0
2676,345.24,29.1711132,114.46709599999998,3.99426924,7.044125360000001,1.3683721999999998,1
2677,486.2,25.2826868,257.889284,5.11799264,7.437089920000002,1.31875084,0
2678,200.52,33.79669279999999,60.89519080000001,4.693484679999999,10.58089612,1.2618110800000002,0
2679,183.28,35.344067599999995,205.20367199999993,4.16269576,9.819388839999998,1.27930428,1
2680,108.8,30.0756828,173.19320400000004,4.856389920000002,10.575570959999999,1.20504404,0
2681,169.2,18.48873896,181.555204,7.487609600000001,4.62735612812,1.20365748,0
2682,287.32,25.18916919999999,67.45925319999999,4.4758368,6.623818040000001,1.2736157999999997,0
2683,157.64,29.227660000000004,159.46912,5.05493512,8.7968072,1.30680564,0
2684,296.72,32.60177600000001,88.3957532,3.70566296,8.18241136,1.3468694399999999,1
2685,864.92,35.88579639999999,55.8987244,4.892541800000001,11.568282,1.3206288000000002,0
2686,246.32,32.5129668,143.33828000000003,5.03027276,10.43243516,1.3640000399999999,0
2687,236.12,28.488929199999998,191.49425200000002,4.077650040000001,7.293000880000001,1.3286825199999999,1
2688,194.84,23.862322399999996,283.88103599999994,3.6058042399999994,5.03426768,1.3269084800000002,0
2689,64.36,30.892680800000008,322.65400400000004,3.842735959999999,7.39265864,1.2524039599999999,0
2690,157.72,19.0130736,117.65133199999998,3.951333479999999,4.07236692,1.2785209599999998,0
2691,503.32,40.8766184,194.16532000000004,3.5744430800000004,10.716683439999999,1.3653526,1
2692,299.16,32.59084132,180.18944,5.6188470399999995,11.143130759999998,1.31582868,1
2693,131.84,36.830527999999994,330.0976120000001,4.297260039999999,10.757023639999998,1.3590893199999998,1
2694,319.64,22.993570000000005,236.02470151999998,5.472757600000001,7.313272120000001,1.3222345599999996,0
2695,250.8,34.194078399999995,167.20632800000004,3.7129554799999993,8.599777440000002,1.3031436799999998,1
2696,155.88,19.810730919999994,135.57958400000004,3.9493235200000005,4.09370284,1.2276918,0
2697,100.24,29.079374400000006,228.29300000000003,4.89619528,8.63365192,1.3106662800000002,0
2698,170.0,28.315809320000003,114.21867759999998,4.233151239999999,7.3777284120000015,1.3293672799999998,0
2699,111.12,26.05623,83.97309960000001,6.2829458,9.699879520000001,1.33750992,0
2700,249.88,27.670389999999998,340.1996759999999,3.727851200000001,6.367289520000001,1.36835748,1
2701,653.04,31.572436399999994,277.76195600000005,4.02299656,8.16536084,1.3578583600000003,0
2702,71.56,27.871913199999998,43.00586319999999,5.652250559999999,9.498319120000001,1.2816526,0
2703,116.32,33.32236439999999,150.71789055999997,3.2317577999999996,5.08641074304,1.297397,0
2704,273.32,30.7675128,261.430808,4.3012969199999995,8.38009572,1.3041876,1
2705,40.12,23.982305599999997,132.36100399999998,3.5822294800000005,5.089054999999999,1.30455816,0
2706,116.68,23.106772679999995,261.23702399999996,6.411292439999999,6.552279051999999,1.3063985200000001,0
2707,175.04,27.6427896,165.7266168,3.4322142799999993,5.280716136,1.3043782000000002,1
2708,201.6,32.0906948,228.85776400000003,4.915596840000001,9.979682919999998,1.2958500000000002,0
2709,693.12,27.351207600000002,37.70019320000001,5.183814120000001,8.405637880000002,1.3221633599999998,0
2710,41.6,16.62633136,205.547752,5.858757319999999,5.713317584000001,1.2840785600000002,0
2711,49.0,20.9578528,287.092152,5.184484359999999,5.737837799999999,1.2760169199999998,0
2712,187.88,19.705811200000003,115.372414,3.8156062000000004,3.9446049200000006,1.2783316000000002,0
2713,166.92,25.5966048,238.23512200000002,5.124331,6.219713527599998,1.30249516,0
2714,514.0,42.53360679999999,303.397884,5.18666112,15.62614272,1.3140336400000001,1
2715,301.44,46.034184800000006,104.31225288,4.62626056,15.656494839999999,1.3685747999999998,1
2716,196.56,32.272532399999996,213.21600399999997,3.6567187999999993,7.817489240000001,1.2749027199999998,0
2717,357.16,32.226047599999994,170.26429599999994,3.9872631999999997,8.335991159999999,1.3048474,1
2718,191.12,32.9726668,332.06023999999996,4.322635080000001,9.207846960000003,1.36710656,1
2719,96.8,25.227785599999997,204.66591600000004,3.8225175599999996,5.6872769199999995,1.3070206000000002,0
2720,59.2,20.792625199999996,254.20285599999997,4.727648319999999,5.18662376,1.28474344,0
2721,257.96,24.846612,199.75707599999998,4.80748904,7.009438160000001,1.3211050799999997,0
2722,304.04,31.230393480000007,58.5502904,4.381245920000001,8.234310200000001,1.3025761599999999,1
2723,62.48,22.433017600000003,45.29458960000001,4.69887084,5.77374308,1.27805804,0
2724,329.8,36.805422400000005,68.76082040000001,3.8032618,9.7212818,1.33638976,0
2725,84.08,25.112198,49.7800288,5.363425440000001,7.73259676,1.3381309200000002,0
2726,216.32,32.5788016,213.71573600000002,4.379283999999999,9.140361879999999,1.27269828,0
2727,157.64,19.100295079999995,261.364002,4.48915516,3.17806431836,1.3031483600000002,0
2728,663.28,43.92025560000001,290.61404400000004,4.037506839999999,12.900131279999998,1.31523368,1
2729,51.6,24.322066399999997,270.1468080000001,6.277701719999998,8.66869828,1.31829316,0
2730,34.52,26.890546,104.42644840000001,4.25663296,6.75172296,1.2923204,1
2731,167.12,14.96524864,103.21020680000004,3.59506268,2.4473255000000007,1.1634670799999998,0
2732,276.12,14.589228560000002,264.10937959999995,5.35048608,2.4983777066799995,1.2682064800000001,0
2733,683.44,34.001956,165.50119600000002,3.7365616,8.540833479999998,1.3635026000000001,0
2734,274.92,16.907472279999993,125.86321600000001,3.8728231200000005,3.1856451600000004,1.3250029200000002,0
2735,362.08,35.68469999999999,200.96456799999999,4.641078480000001,10.921456039999999,1.3135640800000001,0
2736,359.04,37.094556399999995,146.56437199999996,3.8112894,9.853993200000001,1.35856908,1
2737,246.48,24.898636799999995,241.99190800000005,5.38874324,7.620009200000002,1.3330711599999998,0
2738,56.72,24.9778272,225.73543200000003,5.498816359999998,7.7141043200000015,1.285512,0
2739,286.36,26.851760399999993,112.78046400000001,4.29568916,6.8013248,1.32291732,0
2740,194.64,30.072071999999988,246.08231600000008,4.10355956,7.770262200000001,1.36269172,1
2741,272.4,47.622840000000004,171.73172399999999,4.15807624,14.6584136,1.29315764,0
2742,320.2,24.288929599999996,174.27181599999997,4.30344668,5.934697799999999,1.3357671199999999,0
2743,271.4,26.822802799999995,67.4350512,3.4712665599999997,5.8086606,1.32054652,0
2744,124.24,19.986634799999994,118.99791199999999,6.02136272,6.3075271200000005,1.33650216,0
2745,174.4,32.85694240000001,177.38766799999996,4.887663319999999,10.262642119999999,1.3135223200000001,1
2746,59.92,16.05980524,245.97519599999998,5.791182880000003,3.8040663226800007,1.2875733199999997,0
2747,128.52,22.686756799999994,151.264704,4.59959056,5.719105839999998,1.26453848,0
2748,143.92,33.753897200000004,233.934232,3.68710872,8.370830960000001,1.35908456,1
2749,298.28,26.727787600000006,92.9983468,3.481194199999999,5.79553296,1.27458664,0
2750,43.24,29.509420799999997,67.44144000000001,3.9083588399999996,7.333457119999999,1.25012992,0
2751,245.0,39.422156,266.43311199999994,3.8300309599999998,10.665892320000001,1.3286537199999997,1
2752,318.52,18.572078799999996,141.196764,4.24206644,3.962366559999999,1.2916917600000004,0
2753,79.96,35.600562,259.475688,4.3338958000000005,10.26319492,1.3091582800000001,1
2754,160.92,28.226391600000003,231.32116000000002,6.335804920000002,10.588079319999997,1.27886712,0
2755,117.28,16.28870112,264.801096,4.43597632,3.8076812635600006,1.3570013600000002,0
2756,47.68,25.216929600000007,112.04170216,4.51439492,6.473599599999997,1.3420323600000001,0
2757,82.08,39.640672399999985,19.950945759999996,3.6378967599999994,10.342760760000003,1.29740076,0
2758,359.24,22.051332399999996,244.58190000000002,5.064630760000001,5.92349332,1.302873,0
2759,415.28,36.75164799999999,194.66547200000002,4.122475760000001,10.319987440000002,1.32875824,1
2760,70.04,27.00943,304.96934,3.83197784,6.308741839999998,1.2752187600000002,0
2761,313.2,18.660619999999998,112.90740800000002,4.322373720000001,4.08797236,1.2917793199999996,0
2762,23.12,29.136465480000002,166.121356,5.90671344,9.53259336,1.31524936,0
2763,55.36,27.8789208,48.84630887999999,4.453602159999999,7.5399294800000005,1.1676873200000002,0
2764,130.16,26.62389080000001,236.83242000000007,3.4922480800000013,5.79040996,1.3056964400000002,1
2765,28.76,21.83439292,306.773808,4.1425986,4.73438886,1.30966412,0
2766,306.0,36.89206879999999,128.948724,4.84299308,11.811333159999998,1.3638636800000001,0
2767,160.44,28.26811919999999,251.72681199999997,4.316811239999998,7.435608759999999,1.3228516,1
2768,33.6,21.956252,114.9951432,4.861321840000001,5.485069948,1.288321,0
2769,274.12,23.018639880000002,115.28283599999999,6.378630919999998,8.860667479999998,1.3232243199999996,0
2770,89.2,26.418935999999995,96.8486032,4.252938439999999,6.764515600000001,1.2810595200000001,1
2771,254.52,29.113140800000007,104.76319679999999,4.73740844,8.379072919999999,1.3039160799999998,1
2772,151.16,28.782197599999996,240.98506400000002,4.65392112,8.02814656,1.3189574799999997,0
2773,111.0,28.6088812,205.69801199999995,4.713648440000001,8.27087752,1.3198172,0
2774,43.12,25.888723199999994,174.86388,4.62382364,6.684991999999999,1.26621692,0
2775,220.0,16.0211344,66.42301400000001,3.6793164400000005,2.883064359999999,1.2753732400000002,0
2776,154.44,51.6421812,262.22869519999995,4.109244319999999,14.049582159999998,1.33265364,1
2777,324.12,22.096751999999995,316.484376,7.230761160000001,9.3343718,1.3681914,0
2778,291.52,13.798434959999994,118.79999999999998,4.003097640000001,2.5185629680000003,1.3070426800000001,0
2779,733.8,45.821368000000014,251.55204800000004,3.51955556,12.098119239999996,1.3188349599999998,0
2780,240.24,49.668155199999994,228.3441119999999,2.8778522800000004,12.01438584,1.2848347199999999,0
2781,65.0,38.480594800000006,331.863124,3.26451328,9.044172320000001,1.3374690799999995,1
2782,223.36,31.573165200000002,277.11609200000004,3.645414920000001,7.658756040000001,1.3239429200000001,1
2783,147.72,28.79185240000001,251.95717599999992,4.854242600000001,8.205056639999999,1.29932004,0
2784,197.92,32.6510428,303.49289904000005,5.499777360000001,11.304985199999997,1.32129048,0
2785,74.32,28.5102048,192.80252031999996,4.7987082800000005,8.39026708,1.25430384,0
2786,274.52,35.65496600000001,104.07985640000001,3.313252000000001,8.42987368,1.30373592,1
2787,557.52,33.7455272,125.38832000000001,4.937095679999999,10.72616728,1.3473686000000002,0
2788,262.12,24.25892912,118.440442,3.77479804,5.4587425640000005,1.3202339200000004,0
2789,199.64,27.133978399999993,287.692584,6.476882319999999,10.734309280000002,1.2325696000000002,0
2790,51.52,26.071400799999996,208.921292,3.4605819599999994,5.575894999999999,1.2856652400000002,0
2791,286.2,16.834833879999998,268.70115999999996,3.8797893999999995,3.2339652,1.3049076800000001,0
2792,393.84,33.33852279999999,94.85801607999998,4.34131292,9.414859439999999,1.3170135599999997,0
2793,262.6,24.807733199999998,269.1240988,3.0950697199999992,4.94577516,1.3078405999999998,1
2794,46.92,25.603412399999993,235.08516,6.24490112,9.56871328,1.2958787200000002,0
2795,40.12,23.611387599999997,286.8190136,4.032936159999999,5.659082560000002,1.1596476399999998,0
2796,39.76,21.81873628,90.2265908,5.9749868799999994,6.900194639999999,1.29202868,0
2797,508.68,31.954632399999994,188.52790399999998,4.576655000000001,9.100336160000001,1.3298985200000002,0
2798,45.92,29.262837599999997,91.496374,5.065695119999998,9.021572959999999,1.2760376399999998,0
2799,110.8,31.16361359999999,176.05315199999998,4.23670672,8.378923,1.31529456,0
2800,57.08,28.762221200000003,131.358708,4.9101174,8.46880112,1.2909545999999998,0
2801,364.0,35.6490212,142.21017599999996,4.79413044,11.28298264,1.3421097999999998,1
2802,106.64,23.1847,43.36525759999999,5.84627564,7.719952480000001,1.2610359200000003,0
2803,61.48,37.992936799999995,242.3933240000001,3.954005119999999,10.412584040000004,1.2761452000000002,1
2804,149.6,32.40984119999999,293.943872,3.7941551199999997,8.06482432,1.35063196,1
2805,154.2,27.603404000000005,252.07741599999994,5.606985400000002,8.605339119999998,1.3599204400000002,1
2806,27.28,33.7387016,160.26028399999998,4.097849920000001,9.119002639999998,1.1532159200000003,0
2807,436.48,18.28347812,319.101152,3.6361239999999997,3.529694972,1.2936444799999998,0
2808,283.36,24.71605439999999,211.5610752000001,2.7107658399999996,4.4679878,1.26178448,0
2809,93.84,31.711997199999995,153.68199599999997,5.277401040000001,10.5408848,1.3259510400000003,1
2810,243.2,25.706492799999992,219.6931,3.4360210800000006,5.47367776,1.1450591599999997,0
2811,375.8,35.52733,310.40625288,3.0797680400000003,7.988448880000002,1.2809411600000002,0
2812,153.08,26.727290000000004,211.658468,4.93751068,7.737497760000001,1.31052768,0
2813,19.88,17.9396168,209.264864,4.37210148,3.8688312399999996,1.27578672,0
2814,30.48,16.578652960000003,197.530488,5.24888116,4.41388912844,1.2953845999999998,0
2815,81.32,21.3645892,126.571962,4.4378826,5.24204256,1.30952168,1
2816,130.16,14.396219600000002,284.745296,3.7177002,2.84024024,1.3526024,0
2817,25.4,37.595571480000004,147.60740308,4.053546280000001,8.939786396,1.2974902,1
2818,44.8,23.97143039999999,165.32659999999998,3.626798079999999,5.14786256,1.2085769999999998,0
2819,144.92,37.64754439999999,239.52867688000003,3.6854148400000004,9.895822800000001,1.3250082,0
2820,698.44,35.306231600000004,259.901232,4.472095080000001,10.397738999999996,1.33723212,0
2821,33.96,25.093839599999992,154.572804,4.4691344399999995,6.41365504,1.2745986400000002,0
2822,77.32,16.36347228,238.04085600000005,5.55902748,4.253187720000001,1.2920180800000003,0
2823,208.68,29.660367999999995,158.81018799999998,3.51933184,6.747222279999999,1.3128921199999997,1
2824,13.84,34.9158484,277.01324,4.413043720000001,8.98149052,1.3142220000000002,0
2825,239.44,25.912186399999996,201.915016,4.71897936,7.13376496,1.2800399199999999,0
2826,83.08,20.750967199999995,164.33743600000003,4.01742172,4.64435008,1.2983828800000004,0
2827,302.48,21.555054799999997,109.39933880000002,3.7793325199999996,4.5903291600000005,1.30673252,0
2828,69.48,22.179136799999995,77.37608200000001,4.2561964,4.919674599999999,1.3530589599999998,0
2829,83.48,26.17730707999999,233.56174879999998,6.5718739600000005,11.282042039999999,1.3395621599999998,0
2830,439.88,38.85929679999999,232.562984,2.79983172,8.58472268,1.36861016,1
2831,123.64,28.092508399999993,339.789488,4.820348720000001,8.070331959999997,1.3529242,0
2832,9.52,17.78110384,153.722308,3.7313801600000005,3.4422086309600006,1.12778268,0
2833,319.2,29.261324000000005,283.48759728000005,3.0670706,6.11679444,1.2907166799999998,1
2834,446.56,27.984004400000003,31.628141200000005,4.14704592,7.062578520000003,1.3278623600000001,0
2835,161.68,35.864949200000005,103.25201320000002,4.4034695600000004,10.294279200000004,1.3011394,0
2836,319.48,26.38385,274.66192400000006,6.89966508,11.1939012,1.33513024,0
2837,144.24,43.452983599999996,254.42318168000006,4.79231332,15.9973426,1.2896410799999998,0
2838,446.48,33.82961879999999,180.82605600000005,3.2638460799999995,7.70011408,1.3294653600000004,0
2839,59.84,25.554818519999998,269.400828,4.782257359999999,6.843296284000001,1.3573242399999998,1
2840,33.24,16.926171880000005,72.7575044,4.114798199999999,3.399778043999999,1.3580092000000001,0
2841,158.36,20.2500652,251.462804,4.716265279999999,4.91511432,1.30895648,0
2842,333.72,25.886073999999994,73.399436,3.8946698799999995,6.041426880000001,1.3146607599999998,1
2843,257.28,31.098610000000004,94.84930080000002,4.296590800000001,8.165955479999997,1.2907159999999995,1
2844,293.96,28.69969,87.5269164,4.618905119999999,8.02538284,1.3651488000000003,0
2845,189.12,18.699066399999996,141.863356,5.0251971200000005,4.17293291584,1.35076864,0
2846,106.56,34.5890192,167.8994328,2.6708891999999995,6.657339920000001,1.3013674,0
2847,58.04,26.878140399999992,320.19404,4.6545679600000005,7.3276127199999985,1.2026549999999998,0
2848,346.72,47.3872844,253.15199199999998,3.8707363599999995,13.621049999999999,1.2773458,1
2849,25.04,32.375519600000004,266.11006,4.98442284,10.169867399999998,1.31814004,0
2850,137.2,23.100692400000003,180.33821600000002,3.4143103600000004,4.6129130400000005,1.339668,0
2851,301.48,33.66853959999999,55.6066572,3.7795464799999996,8.68156456,1.2824455599999995,1
2852,96.96,27.68561919999999,65.05629479999999,4.3280749599999995,7.321450199999999,1.2920494400000002,1
2853,76.2,29.711671199999998,255.37864000000002,5.664134120000001,10.263666919999999,1.2472909200000002,0
2854,157.96,18.5137724,116.48628799999997,6.52039,6.2759389599999995,1.3361562,0
2855,194.6,27.7015764,154.7790456,5.277479039999999,8.21885232,1.2826628400000002,1
2856,366.72,48.17074199999999,143.71012000000002,3.7464459199999998,13.704012,1.3257141599999998,0
2857,187.92,24.135536800000004,229.63764799999998,4.872312,6.95585908,1.30998416,0
2858,159.76,36.551041999999995,109.57457359999998,4.166237280000001,10.37273972,1.2888522800000002,0
2859,303.84,16.922113319999998,138.64215199999998,5.35455928,3.82672244,1.2820361200000001,0
2860,132.92,29.679802799999997,277.5224,3.52196656,6.725520079999999,1.1112972799999998,0
2861,363.2,35.27305679999999,194.84696800000006,5.492678960000001,12.924488400000003,1.3172388000000002,1
2862,67.24,28.476965999999994,150.47446631999998,4.574476959999999,7.830788599999998,1.35690488,0
2863,519.48,22.468302399999992,246.844794,4.0279076400000005,5.04163544,1.32050556,0
2864,207.68,14.759091279999998,181.08074399999998,5.61348384,3.3287876950400004,1.3271865200000001,0
2865,294.04,38.293789600000004,277.26078800000005,3.67938016,10.062879640000002,1.3135486,1
2866,256.2,30.584995199999998,122.50625160000006,3.9298328399999995,7.669938040000001,1.3673289199999998,1
2867,193.4,31.105105599999987,291.24880400000006,5.10249284,9.87824744,1.32450264,0
2868,139.8,27.8976028,99.85979999999999,5.2007677999999995,9.08498436,1.29442824,1
2869,572.44,36.765336399999995,341.84149599999995,4.02965232,10.097562360000001,1.35088592,0
2870,418.72,21.419978,105.01215360000002,4.0668823199999995,4.725855159999999,1.3676111200000003,0
2871,147.08,33.393989999999995,65.9945796,5.135314480000001,11.880210759999997,1.2941863599999999,0
2872,28.88,37.50620039999999,334.2042400000001,4.87296368,12.286440240000001,1.3032500000000002,0
2873,361.32,46.154517199999994,38.8062564,2.9145178000000005,11.03857164,1.3032708400000002,0
2874,182.48,33.67659359999999,178.23775199999997,4.65998536,10.140617440000002,1.3600693600000002,1
2875,515.6,51.20524480000001,74.8654684,3.6046938399999995,14.459542,1.3511206800000002,0
2876,538.88,39.381884799999995,113.76008159999999,3.73000488,10.603246839999999,1.35917292,0
2877,444.08,25.9777632,196.728164,5.916029840000001,9.01619136,1.3189646,0
2878,315.8,26.85531188000001,274.684236,3.29924472,6.085311239999998,1.3057784000000001,0
2879,339.32,33.954072,191.09074799999996,4.84067824,10.804793199999997,1.29314996,0
2880,46.88,20.91672632,143.86176,5.5127729599999995,5.65716000928,1.30751512,0
2881,97.92,28.626053040000002,188.266388,4.5129110400000005,4.0173656408400005,1.2976831199999999,1
2882,180.28,38.01235519999998,110.5805356,4.23782644,10.896640960000004,1.3644798800000002,0
2883,22.28,18.368242399999996,220.76859679999998,5.6442805599999994,5.135464080000002,1.29167844,0
2884,241.0,35.740319199999995,263.65889832000005,3.1824525999999995,8.24487204,1.27415028,0
2885,102.92,25.03197708,137.675364,3.9624688399999997,5.26769047,1.2848566399999997,0
2886,42.92,35.7303132,27.731709839999994,4.2635458,10.16298548,1.2942415600000003,0
2887,358.16,26.15674960000001,228.98550400000008,5.795342279999999,8.9359564,1.2774535999999999,0
2888,224.92,23.7023476,171.3888,3.0261836000000004,4.41299426,1.147907,0
2889,147.76,28.085792,195.99174400000004,4.764392719999998,8.16799496,1.3175788800000003,0
2890,300.64,26.640883599999988,166.29840399999995,5.282961600000001,8.225260200000001,1.3195533600000002,0
2891,19.08,13.181957759999998,45.88862200000001,6.03444036,2.11611076404,1.2719632400000003,0
2892,94.36,28.6412756,195.394256,4.61234772,8.05399308,1.296249,0
2893,35.88,20.857923839999994,250.54997199999997,5.084754439999999,6.024404171999999,1.29563216,0
2894,135.16,26.783779199999998,57.625913200000014,4.433847200000001,7.023788559999999,1.3037725599999999,0
2895,230.4,22.196021599999995,180.293564,5.177600600000001,6.179292399999998,1.31279,0
2896,457.0,25.898650000000004,335.93711199999996,4.139761199999999,6.33795536,1.2859052400000002,0
2897,257.96,25.166894000000003,167.56305999999998,5.136218799999999,7.3889198,1.3197962399999996,0
2898,39.64,26.399506800000005,330.3100776,3.99028232,6.26072084,1.2913900399999994,0
2899,68.64,13.340690679999996,293.46029999999996,4.717062800000001,3.4578744808800006,1.3210140800000003,0
2900,10.12,19.6697818,212.504038,7.060926439999998,4.66158636032,1.3242354,0
2901,332.72,29.2991916,129.7964116,5.062283719999999,9.162721680000002,1.3194823199999999,1
2902,408.16,39.4492656,322.027168,3.67746088,10.37041984,1.36431324,0
2903,235.4,28.77647519999999,272.41875600000003,4.637259679999999,8.107147959999999,1.2940407200000001,1
2904,326.76,21.625753079999996,242.29131480000004,3.6768697200000005,4.7230084757999995,1.3447556399999996,0
2905,91.52,37.86276480000001,274.135256,3.6147035199999995,9.699107759999999,1.3101977999999996,0
2906,232.2,38.55272960000001,182.376224,4.419517719999999,11.674072600000002,1.27699712,1
2907,138.4,12.378007119999998,263.695206,3.836586320000001,1.9348325653999998,1.3071481999999996,0
2908,149.8,21.659162000000002,107.1994124,5.211778240000001,5.375025838400001,1.32817308,0
2909,257.64,38.861811079999995,92.73082120000001,3.425176200000001,9.912448200000002,1.29990756,1
2910,585.28,35.7918504,77.23245712,5.40980376,12.9284336,1.3703771199999997,0
2911,376.6,30.02122239999999,314.22933759999995,5.38366668,10.032542880000001,1.3020954,0
2912,449.72,35.4558544,191.06724800000003,5.7750167999999995,13.87196104,1.33238576,0
2913,259.24,25.92509544,271.980476,3.7039038399999997,5.915070451999998,1.3042020800000003,1
2914,309.72,29.118108399999997,164.49418800000004,3.884150480000002,7.0604323199999985,1.31582324,0
2915,261.6,25.681440399999996,60.23654199999999,4.57904688,6.802087439999999,1.3662199200000003,0
2916,35.24,30.568327599999996,149.32057271999997,3.22365068,6.301245879999998,1.3016303599999999,0
2917,100.48,24.4434332,129.742576,4.88661396,6.73492108,1.2370242799999998,0
2918,400.6,30.6452256,320.06044,4.02591504,7.720537239999999,1.3162313600000002,1
2919,109.36,21.40510932,240.47249599999998,3.5851930000000003,4.180809265759999,1.3043695599999996,0
2920,194.08,21.980945599999995,167.440196,4.88336752,5.773231400000001,1.3058699999999999,0
2921,246.4,26.841252400000002,127.86664,4.314831600000001,6.783080719999999,1.3584307599999996,0
2922,329.84,20.970992799999994,118.2913792,5.641578320000001,5.528043665519999,1.3266754399999998,0
2923,262.36,28.37877159999999,80.7517784,3.6506377999999997,6.51537904,1.21457428,0
2924,92.44,25.117261480000007,297.44372,3.5269566400000003,5.76308232,1.1246147599999998,0
2925,454.4,33.21556439999999,316.448168,3.44099904,7.87676428,1.3196481599999998,1
2926,97.56,23.413888520000004,57.41935039999999,3.7447616399999992,5.318698519999999,1.1011318799999998,0
2927,290.56,32.24676239999999,297.0085052,4.38030932,9.050398679999999,1.28976792,0
2928,321.88,35.566751200000006,235.79441200000002,3.4541533999999996,8.684617639999999,1.3103759600000005,1
2929,544.4,28.080982799999997,198.29656,4.13742832,7.098219639999999,1.32144908,0
2930,255.56,33.61633719999999,166.47782799999996,4.27148204,9.41591316,1.28073196,1
2931,460.64,26.201522399999995,252.80536,5.188665680000001,7.991467480000001,1.3202911599999998,0
2932,125.56,21.796624,271.07867600000003,4.263222120000002,5.21740024,1.35061708,1
2933,26.72,20.4919092,321.187184,6.17462988,6.716521200000001,1.3367444800000001,0
2934,199.4,39.640855599999995,220.50245600000002,2.8655623600000006,8.923770600000001,1.3079213599999997,1
2935,236.92,29.079603999999986,192.50897824,4.518116639999999,7.957932519999999,1.26085476,0
2936,128.24,41.8897048,199.491748,3.25985008,10.386325599999997,1.34314884,1
2937,286.28,31.44417,171.601848,3.5130305600000007,7.447941440000001,1.3133889600000002,1
2938,140.48,28.85999679999999,306.53721600000006,5.01868572,8.77050256,1.2614026,0
2939,138.4,27.1245848,179.25849200000002,4.586968279999999,8.026160879999999,1.2879965999999996,0
2940,61.6,18.016017599999998,177.544948,4.65191532,4.10158124,1.2967897199999998,0
2941,410.8,28.635728799999992,215.57677135999998,4.0256054,7.062030799999999,1.3532795999999994,0
2942,471.0,32.69660000000001,179.12844000000004,3.8872572400000003,8.445197799999999,1.3274490400000003,0
2943,342.24,31.390413999999996,150.697336,3.3683624400000007,7.09958364,1.3189629999999999,1
2944,19.64,34.541918800000005,183.26636400000007,5.5187576400000005,12.498624,1.18364696,1
2945,64.12,21.424289599999998,76.71331080000002,3.282218,4.4607503600000005,1.28754852,0
2946,81.04,15.427601119999997,51.924588,5.925716839999999,5.20648048,1.1820868,0
2947,73.76,29.734213999999998,210.94616399999995,5.02049588,9.877832240000002,1.3000341599999998,0
2948,125.28,27.408029600000006,122.62495639999999,4.80813952,8.184038880000001,1.2876451199999999,0
2949,61.16,25.383115079999993,256.845372,5.472962159999998,7.920649098239998,1.1237106799999996,0
2950,394.16,37.14880600000001,82.88966599999999,4.8006161999999994,11.935135959999998,1.3279979599999998,0
2951,33.56,39.75763719999999,121.437792,3.543145,10.2329932,1.13998252,1
2952,269.64,34.9239924,59.54740000000001,4.0747474000000015,9.53224916,1.3073584000000005,1
2953,19.84,39.236900799999994,275.074228,4.67960436,12.552373600000003,1.26473532,0
2954,466.96,16.791512680000004,161.626044,3.9261811600000005,2.60669866464,1.3161126,0
2955,128.88,30.3468912,242.30058400000001,6.006611879999998,11.55052956,1.3589759199999998,0
2956,245.64,32.180092800000004,114.21405599999997,3.794320200000001,8.102022960000001,1.3299757199999995,1
2957,287.4,26.877218680000002,285.98443328,3.921848200000001,6.322590719999999,1.32188364,0
2958,184.4,23.256281599999998,167.937788,5.5601477200000025,6.8816434000000015,1.35023696,0
2959,340.52,30.2296764,288.447688,3.7286362799999995,7.40140124,1.31633208,1
2960,59.24,30.5377252,242.119096,4.1287579999999995,7.954600720000001,1.10925204,0
2961,194.72,26.336494799999997,151.197776,5.793453599999999,8.957979080000001,1.2585441599999998,0
2962,295.36,18.896125199999993,98.530488,6.136576440000002,5.82223032,1.28852392,0
2963,222.48,15.25063436,285.155532,3.728432799999999,2.5850738336000005,1.32582164,0
2964,83.2,18.82495119999999,224.26260400000004,4.334697960000001,3.9797609599999997,1.2764212,0
2965,53.92,12.833838159999997,294.70082399999995,3.707469359999999,2.1094002119999997,1.3581626399999995,0
2966,191.44,40.4356096,290.550048,3.8389784399999995,11.04191012,1.2793614,0
2967,355.12,39.0109716,60.33789240000001,4.15482276,11.260752360000001,1.3552093200000004,0
2968,477.92,37.27267040000001,337.11088808,3.791920760000001,9.83006976,1.3215434,0
2969,236.44,20.07229372,121.65941600000001,4.96321488,4.020286602119998,1.30145524,1
2970,285.2,27.926643999999996,342.84871200000003,4.812285040000001,8.08375596,1.3215198799999999,0
2971,163.04,21.477311600000004,72.53862159999998,5.985501999999998,6.7110506800000005,1.3349836,0
2972,53.6,26.286106399999994,194.45722400000005,4.574912319999999,6.993030759999999,1.1172648399999998,0
2973,257.88,34.660474799999996,262.092924,4.293979279999999,9.80152168,1.36068128,1
2974,157.0,34.9034684,306.3804320000001,3.7557033599999996,8.94422252,1.33753464,1
2975,699.96,27.83399439999999,50.509608800000024,4.90356168,8.2181132,1.35967452,0
2976,521.56,37.0531344,296.9892999999999,3.69738712,9.57992652,1.3546647200000002,1
2977,181.68,29.291610800000004,42.45185216,4.13332068,7.33021388,1.2803368800000001,0
2978,193.48,23.888363599999995,198.64877199999995,4.44562248,5.97854484,1.1853995599999998,0
2979,451.12,20.792812799999993,227.27444400000002,4.707036119999999,5.185660200000001,1.3289026000000002,0
2980,116.44,41.311929600000006,185.37529999999998,3.0259850799999994,9.541257359999998,1.24805132,0
2981,145.44,26.5016476,162.24907999999996,4.1244079199999995,6.486464679999999,1.3001391599999998,0
2982,118.12,33.080506920000005,151.63617200000002,2.9073083999999993,7.018364731999998,1.28008464,0
2983,202.56,37.016563600000005,227.03405960000003,4.052292760000001,10.18869496,1.32301996,0
2984,369.8,32.59017519999998,149.152428,4.609721759999999,9.5732654,1.3417048,1
2985,370.84,29.632879599999995,35.3989232,4.365152119999999,7.768299559999999,1.28254584,0
2986,356.2,34.644980399999994,301.4988879999999,4.214561280000001,9.68884572,1.3528628,0
2987,136.96,30.196883599999982,196.68802800000006,4.666027160000001,8.734268400000001,1.3328414000000002,0
2988,109.68,31.492845040000006,180.15909888,7.09240156,5.864744527199999,1.3074694400000004,0
2989,387.08,29.06580799999999,268.032608,3.5205524799999997,6.580720639999999,1.2795939600000001,0
2990,111.44,16.75738456,159.2042912,3.41762712,2.693311136,1.10898152,0
2991,462.48,21.77744024,165.11621200000002,6.34892068,3.6676120341600007,1.3155292400000003,0
2992,364.24,24.667172640000008,249.87543599999998,3.3503687600000003,5.247760996,1.2986786399999999,0
2993,10.0,29.04839588,202.91640800000002,3.2798802000000005,6.656420915999998,1.2801873999999998,0
2994,314.28,27.766821199999995,42.706748399999995,3.5586988800000006,6.054432320000001,1.29395568,1
2995,166.92,10.59197772,113.440196,6.121953920000001,2.2547484906,1.3125188,0
2996,27.52,53.1404672,176.22735599999996,3.2293336400000006,14.097526799999999,1.2754794400000005,1
2997,88.36,15.615422839999999,179.819644,4.26077656,2.8714039125999995,1.3328968,0
2998,300.4,38.528756,99.92350960000002,5.0826118,13.597536640000001,1.34560388,0
2999,224.96,36.50736320000001,140.76366,3.6573156399999993,9.314394200000002,1.30393808,1
3000,233.96,36.8273288,37.49647079999999,3.6810997599999995,9.53543732,1.3356010800000002,1
3001,138.0,27.3322676,147.95176,5.188388840000001,8.95580328,1.31471632,0
3002,136.68,30.563366000000002,79.79749439999999,4.05060984,7.90269412,1.36316508,1
3003,31.44,22.837600399999996,269.38987048,4.492792360000001,5.5581590400000005,1.0986478000000002,0
3004,447.76,37.539669599999996,144.63738719999998,5.7334402,14.5359832,1.3154093199999999,0
3005,316.24,33.8335676,158.77290799999997,3.7617580399999997,8.55571668,1.30125212,1
3006,325.92,24.709349599999996,289.54008400000004,6.69714992,9.766493520000001,1.33142672,0
3007,81.8,34.8236072,324.52794,4.721287880000001,10.598701120000001,1.3071373199999998,0
3008,419.16,31.13796439999999,107.96927359999998,4.3536199600000005,8.55559756,1.33176084,1
3009,349.12,33.0036,349.35296800000003,4.468452360000001,9.51279216,1.3052886799999999,0
3010,218.84,26.854645999999992,151.18816800000002,3.4818432,5.9036367599999995,1.33281,1
3011,125.68,20.62455628,45.33178760000001,5.434090840000001,6.31484712,1.3047985599999998,0
3012,399.56,33.69039759999999,306.895356,4.888044,10.66891428,1.2960011599999999,0
3013,203.96,30.5570296,290.8294880000001,4.474605759999999,8.541155840000002,1.2301989999999998,0
3014,102.48,27.88704159999999,136.84006455999997,3.6119117999999997,6.30773236,1.1759478399999999,0
3015,208.76,16.23772228,166.03229599999997,5.635832879999998,4.35598712,1.3132787200000002,0
3016,89.28,26.221773600000002,29.067363599999993,3.651924280000001,5.816234319999999,1.2142156800000004,0
3017,255.36,22.871761199999995,60.274179999999994,4.24783384,5.422003680000001,1.2774788000000001,0
3018,252.96,14.072383879999997,250.66095800000002,5.884290920000001,4.51030706,1.3308712800000004,0
3019,50.24,31.453304399999997,126.14127199999999,3.48570976,7.337221079999999,1.3236451599999999,1
3020,183.04,31.790739600000002,305.999344,4.09577128,8.37260916,1.3122370799999998,1
3021,263.08,32.689499600000005,172.202856,3.6277413999999997,7.946824840000002,1.30427572,1
3022,455.8,21.473652399999995,147.22163600000002,4.90401112,5.2882358,1.3162258000000002,0
3023,251.52,29.429041199999993,289.6988360000001,5.290559440000001,9.493610079999998,1.36130236,0
3024,238.52,20.04793572,166.63351880000002,3.2027299599999997,3.348421612,1.28704272,0
3025,165.12,35.87529359999999,140.988632,3.4363848400000006,8.73123948,1.2930499600000003,0
3026,143.72,25.6176208,59.75738800000001,5.474060280000001,8.10027216,1.3048013999999997,0
3027,337.96,24.581171599999994,35.10336440000001,4.1445686,5.177542,1.31353172,0
3028,35.24,20.335734799999997,99.04570480000001,5.25935412,5.5299542,1.3075458399999997,0
3029,45.12,33.48049148,323.55547999999993,4.294471,8.715983999999997,1.2643546799999998,0
3030,402.88,22.7581724,102.94024288,4.043173960000001,5.65381544,1.3304267999999997,0
3031,233.88,26.0822556,81.09220008,4.701691960000002,6.970267120000001,1.31362628,0
3032,295.44,39.78676719999999,312.12360800000005,3.5490092000000004,10.251126159999998,1.3134922,0
3033,50.52,12.632200999999998,119.53739999999999,6.733503080000002,2.9361320786799996,1.31027616,0
3034,143.36,21.948772800000008,272.11578399999996,5.6444123600000005,6.878279560000001,1.3086750799999998,0
3035,247.48,25.600488799999997,122.93375400000001,4.379153080000001,6.32573004,1.3657177600000003,1
3036,114.16,28.9578908,44.2237612,3.40712544,6.41313088,1.1755063199999998,0
3037,144.28,17.796677079999995,269.567698,5.858051520000001,5.09104188,1.3056597999999997,0
3038,193.44,22.409100399999996,281.81189040000004,3.7537868399999996,5.181292760000002,1.32676216,0
3039,76.96,30.943320800000002,352.323568,5.103531520000001,9.803801199999999,1.3650421599999998,0
3040,237.08,20.774713479999996,271.86276000000004,4.10143004,4.666417524,1.3120432799999997,0
3041,234.16,33.0424564,255.57030399999996,4.1061706,8.8880558,1.3143320800000005,1
3042,56.68,13.8818108,276.05040799999995,5.92489688,2.5917559,1.3462458000000002,0
3043,327.68,38.854914400000006,237.51837200000006,4.85979064,12.80254464,1.3119847999999998,1
3044,263.36,33.555953200000005,77.07907039999999,4.697246959999999,9.82886724,1.3309238399999999,1
3045,34.36,25.76788748,194.98186679999995,3.3009186400000003,5.1109014,1.2909405200000001,0
3046,161.36,28.10993199999998,337.41788919999993,5.45849408,9.22889128,1.33688348,0
3047,70.72,26.590674800000006,58.13830000000001,5.51406784,8.989136000000002,1.23166016,0
3048,294.76,22.0002512,102.66987999999998,4.757075360000001,5.626291159999999,1.29152808,0
3049,487.76,35.674374,307.17736399999995,4.459273280000001,10.4358894,1.3237940799999999,0
3050,19.48,18.241881480000004,282.01034799999996,4.96222116,3.84349063968,1.14430256,0
3051,54.64,29.624807999999998,248.16138800000002,4.22385804,7.735318599999999,1.2749133199999998,0
3052,437.92,28.014539999999993,243.10435999999999,7.22032576,13.0285316,1.3168216,0
3053,753.68,38.352201199999996,203.27629199999998,4.2712579999999996,11.28274584,1.33874484,0
3054,94.48,32.898315199999985,291.98376,4.1325918800000006,8.89417808,1.3345328,0
3055,404.96,13.66930232,215.54760400000004,5.29097356,2.8718026410799995,1.29113776,0
3056,58.64,14.40049,150.7476096,5.930408360000001,3.12248912,1.1291978799999998,0
3057,476.84,27.83665199999999,77.97008639999999,3.957831479999998,6.75775544,1.3461248000000001,0
3058,171.72,23.920199040000004,83.97342199999999,3.48977532,5.40952025148,1.3345075199999998,1
3059,28.64,22.55304428000001,310.947612,3.983801640000001,5.091767075359999,1.2916468799999998,0
3060,397.32,39.649653999999984,204.987508,4.240601440000001,11.731720400000002,1.3622056800000004,1
3061,105.56,30.00173588,158.831852,4.8763656,8.967438279999998,1.3591478799999999,1
3062,691.24,38.3620924,292.5447719999999,4.1622342,10.992641600000002,1.3397698399999998,0
3063,268.44,22.886634,168.658724,4.5376435599999985,5.7226126,1.3223284000000002,0
3064,264.52,29.580103599999997,314.64889999999997,3.7150353199999997,7.01164568,1.28516636,1
3065,212.04,28.747812399999997,196.97502,3.5204335600000003,6.275458520000001,1.2850070399999998,0
3066,148.92,36.4027168,119.96669999999999,3.5943072400000005,9.078408520000002,1.2995178,0
3067,175.32,42.47794319999999,305.03752788,4.2686392,12.765205479999999,1.2920997200000002,1
3068,100.56,30.552419199999985,350.0837879999999,4.990466199999999,9.4551436,1.2849864000000002,0
3069,27.84,16.445172239999998,237.7272,5.386242080000001,4.08914532688,1.32700816,0
3070,128.44,27.871313599999986,165.86998400000007,4.5616427999999996,7.627851479999999,1.1534213599999998,0
3071,321.84,45.954631199999994,111.57043400000002,5.225517399999998,17.099497999999997,1.3002019599999999,1
3072,259.2,33.021278800000005,176.48152,4.34595036,9.27759232,1.2854522800000001,1
3073,281.24,28.762719599999997,250.48,3.6053639200000003,6.772969639999999,1.3045406400000001,1
3074,400.56,39.023828800000004,126.32303600000002,4.096476760000001,11.07474844,1.3393676,0
3075,207.96,36.168388799999995,190.73138,3.3789232000000005,8.467405639999999,1.30200216,1
3076,175.52,23.2838228,245.18076800000009,6.96251824,9.852172640000003,1.34325992,0
3077,414.48,12.723059639999999,235.56180000000003,6.009492239999998,3.3303207599999998,1.31720168,0
3078,132.16,23.747396400000007,310.72950000000003,4.46727416,5.962294799999999,1.2542802400000004,0
3079,54.36,35.71159879999999,190.47033199999998,3.6876194000000004,9.099323679999998,1.27454344,0
3080,376.92,36.2570456,225.74968399999997,3.13716972,8.369248,1.3146946799999997,1
3081,223.36,29.353788400000003,108.04134080000003,4.208479039999999,7.620295519999998,1.36591928,0
3082,159.48,14.900394119999998,187.52410000000003,5.6511752,4.308133117880001,1.2366539200000002,0
3083,317.28,27.190948680000005,183.80450199999999,4.81573396,7.196418923999999,1.32552236,0
3084,288.32,18.59754388,75.6804,3.8554255600000005,3.66044688892,1.3673613199999997,0
3085,88.36,28.6947204,277.09849599999995,4.058513679999999,7.4216486800000006,1.3616076000000001,1
3086,220.56,32.7713448,226.97345600000008,3.5671901200000002,7.887638960000001,1.29270116,0
3087,104.48,29.586179200000007,57.82530599999999,4.11326368,7.547349560000002,1.3388209600000003,1
3088,219.44,37.17514559999999,148.856816,4.1402190800000005,10.473434439999998,1.3621792400000003,0
3089,666.32,34.07015799999999,99.2709956,3.4434938799999997,8.11203512,1.3235280400000002,0
3090,802.52,18.606354,242.66624400000003,7.039533079999997,6.968145000000002,1.3379052800000002,0
3091,114.44,35.997968799999995,151.86141600000002,3.9812154399999997,6.494367752000001,1.3006890000000002,0
3092,78.44,30.72931719999999,262.6985519999999,4.33199428,8.37223172,1.2366406399999998,0
3093,225.6,25.330566399999995,59.3163172,4.26838328,6.12243408604,1.3220835599999998,0
3094,374.32,34.17793600000001,313.78481200000004,5.36272788,12.17802316,1.3295338799999998,0
3095,26.48,25.7361836,198.772926,2.9742418399999995,4.607095368,1.31353688,0
3096,353.04,22.403023199999993,35.278144479999995,3.717976039999999,4.732077399999999,1.3318089599999998,0
3097,165.64,32.379825199999985,123.96821079999998,3.437631959999999,7.51574516,1.3305890400000002,0
3098,135.36,33.035489479999995,159.521104,5.05967024,10.429594280000002,1.3000219999999998,1
3099,291.08,21.3038112,99.742336,4.947978840000001,5.61423456,1.33388652,0
3100,86.72,25.670602159999998,134.38771599999998,5.455004679999999,8.11252224,1.3212278400000002,0
3101,197.92,32.224271599999994,257.85109199999994,5.0820668399999995,10.401244839999999,1.28414896,1
3102,363.16,33.0675488,169.02694400000001,3.57634348,7.99383016,1.3413749199999998,1
3103,101.68,14.835189600000001,226.927196,3.8522401199999994,2.63567012,1.1138610800000002,0
3104,208.2,31.6411744,279.13137600000005,4.226050399999999,8.462949719999997,1.2798813199999999,1
3105,139.96,32.117985319999995,265.555056,3.32190088,7.289367080000001,1.30596264,1
3106,122.28,31.320429999999988,214.32266623999996,3.48217604,7.2397154000000015,1.3632321199999995,0
3107,114.6,28.8130564,302.52826000000005,4.504708559999999,7.89109088,1.3582576,0
3108,262.76,22.18284956,193.502048,3.06583664,4.172869368,1.2970593599999998,0
3109,245.44,29.377855720000003,125.28930640000003,2.9615550800000006,6.339782160000001,1.3653866799999996,1
3110,623.64,31.5563584,125.95543040000004,3.3385974400000005,7.112183520000001,1.3523199999999997,0
3111,109.08,33.95661692000001,252.96983999999998,2.521739239999999,6.581914039999999,1.3095641599999999,1
3112,31.08,30.37125452,157.064496,4.0223208,7.222849616000001,1.31648808,0
3113,393.88,25.91535040000001,149.23558400000002,4.18865996,6.3685599999999996,1.2836602,0
3114,259.2,12.313388159999997,252.82439400000004,4.83802048,2.86451356984,1.2903426399999998,0
3115,186.84,29.78642319999999,72.31417720000002,3.94545924,7.378201440000001,1.27557044,0
3116,276.56,32.19690319999999,179.44102799999996,3.862383559999999,8.143419119999999,1.30959572,1
3117,135.04,9.806213679999997,134.6748,5.7511399600000015,1.6085584510000004,1.3063096,0
3118,42.12,36.07187279999999,204.12602800000005,5.071861880000001,11.955477720000001,1.124642,0
3119,190.48,25.106990400000004,35.9223408,3.4377602800000004,5.06396096,1.3489046,0
3120,513.92,29.80585839999999,276.51248000000004,3.2568975600000005,6.631234840000001,1.3215712,1
3121,350.56,36.964885599999995,259.00235999999995,3.68096944,9.537785840000003,1.3158866000000002,1
3122,239.12,35.89340239999999,329.53961968,3.757347,9.70929308,1.2965513599999996,1
3123,407.36,35.06462919999999,311.53233176,3.8628763600000013,9.113396479999999,1.3218224000000003,0
3124,24.88,16.597567200000004,161.82600000000002,4.2872778799999995,3.3933686399999994,1.0991662,0
3125,286.6,25.6666344,33.02230040000002,3.5262414399999993,5.52275124,1.3350044000000003,0
3126,330.44,17.180276399999993,223.87905999999995,7.675136319999998,6.048617202759999,1.3000914799999999,0
3127,155.48,19.568070239999997,209.97628400000002,5.3988521999999985,2.19662073556,1.2913718799999998,0
3128,356.48,18.636566159999994,316.71300799999995,4.2653574,4.054172199999999,1.3025730800000002,0
3129,40.8,27.9909552,151.04195199999998,3.9087662000000005,6.717027599999999,1.2749494799999999,0
3130,244.84,33.776944799999995,157.059184,4.38711376,9.646646440000001,1.27468852,0
3131,195.64,49.24176920000001,235.19259947999996,4.61282616,18.476357280000002,1.3518785200000003,0
3132,105.08,24.950872399999994,108.28538480000003,4.44321156,6.32902856,1.31727824,0
3133,16.32,39.3426064,188.94628504,3.06675208,8.745039120000001,1.2468608,0
3134,474.68,48.1068664,322.6545719999999,4.645592000000001,16.07299344,1.3126323999999996,0
3135,117.72,31.833689599999992,340.491424,5.604482479999999,11.288115880000003,1.27885496,0
3136,193.56,20.730885879999995,167.69504799999999,4.072226240000001,4.768965132000001,1.3020908800000002,1
3137,38.88,31.964157999999998,179.88601200000002,4.21793964,8.662872160000001,1.3158240399999999,0
3138,629.96,43.99450879999999,42.29523000000001,3.499356400000001,11.479294679999999,1.3237150800000002,0
3139,182.52,25.109915720000004,314.3017628,4.4902062,6.099325239320001,1.33076964,0
3140,93.52,22.286474,214.15767599999995,5.29297092,6.460586800000001,1.31673652,0
3141,58.48,24.922739999999997,170.58388759999997,5.997664480000001,8.695511479999999,1.09775836,0
3142,169.68,17.2761064,306.365396,6.427120280000001,6.5460946400000015,1.3522540399999996,0
3143,97.64,22.742533999999996,185.86975567999997,5.853849400000001,4.7052441722800005,1.2564906800000002,0
3144,252.84,11.922633799999998,64.10938879999999,5.915220640000001,3.90348008292,1.3316832800000007,0
3145,173.64,38.852888,136.844584,3.4300600400000008,9.717280919999999,1.33210872,0
3146,43.16,26.097248800000003,283.70259200000004,5.77410116,8.863699440000003,1.32929776,0
3147,235.36,27.009104,125.19146,4.368268680000001,7.0034285999999994,1.3197036,0
3148,32.52,12.598012839999999,299.07843599999995,5.219097519999999,3.2103188840000003,1.27887472,0
3149,229.36,21.527305599999995,283.76050799999996,4.7292090400000015,5.23984096,1.3355115599999996,0
3150,54.8,19.9805452,332.12245599999994,4.28885436,4.51042056,1.2777756399999998,0
3151,222.08,36.46105359999999,68.4586296,4.078063440000001,10.129000599999998,1.2939201999999996,1
3152,147.16,14.12639648,199.915646,5.48390168,2.57719390072,1.2946431999999999,0
3153,80.32,28.61243348,192.04151943999997,5.550760119999999,9.25766956,1.2673615200000001,0
3154,93.72,36.430930399999994,172.937184,4.2328472,10.392399639999997,1.1548696,1
3155,216.56,24.733296400000004,247.81099600000005,3.8873622000000005,5.541883520000002,1.1846832800000002,0
3156,229.4,14.66162456,113.27280600000002,5.71189352,4.126581719999999,1.2855406,0
3157,462.36,33.650828399999995,33.41987399999999,4.2883568400000005,9.472241920000002,1.3265348399999999,0
3158,13.28,31.41102439999999,44.774357599999995,4.8722754,9.614875040000001,1.25586884,0
3159,110.08,25.185742400000002,123.14839200000004,5.20424964,7.668394760000001,1.30390728,0
3160,414.76,31.579164800000004,304.94575199999997,3.5997689999999993,7.5475128,1.2930220399999999,0
3161,153.76,33.3188848,35.728801680000004,3.96541916,8.97832872,1.1337475200000002,0
3162,368.96,36.703473599999995,165.52972799999995,3.57210744,9.186537880000001,1.3237200000000002,1
3163,240.92,22.28166356,134.96023080000003,3.626148760000001,3.9996840369599997,1.29553396,0
3164,487.64,25.130029599999997,285.882656,4.87369152,6.97146492,1.31941848,0
3165,86.84,13.876632160000002,145.809584,6.657307520000001,2.6751038437199997,1.2967,0
3166,191.4,33.5588568,176.82103199999997,3.6665440399999993,8.32789228,1.3081016000000003,1
3167,613.6,38.88642680000001,260.23243600000006,4.02120084,10.960325000000003,1.3610149200000001,0
3168,189.76,40.14405320000001,258.72208400000005,4.11761268,11.611593240000001,1.2960788800000003,0
3169,31.76,23.281923199999998,203.506614,4.15455404,3.746608744480001,1.3108547199999998,0
3170,154.84,25.779872400000002,302.987544,4.174944880000001,6.304335160000001,1.30994004,0
3171,364.96,24.534845199999996,202.07311200000004,4.7861653199999985,6.361565160000001,1.28278648,0
3172,210.64,28.840336799999992,91.7221596,2.97838904,5.85405004,1.3126316399999995,0
3173,259.36,40.1675084,334.20143207999996,5.06096796,14.004190799999998,1.35733704,0
3174,185.24,41.343898800000005,270.59225416000004,3.9775760800000004,11.78232372,1.3308545200000004,1
3175,314.8,31.601036,217.61704399999996,4.921849399999999,10.05682756,1.31061396,1
3176,293.16,27.1365532,292.27796400000005,4.76722704,7.51971988,1.33257788,1
3177,238.92,28.155777599999997,39.51576696,3.9183912800000007,6.82541108,1.26522032,0
3178,44.72,19.705179199999996,287.64616,6.43399184,6.762937400000001,1.3661145200000002,0
3179,73.6,12.329165919999998,110.862596,4.206933199999999,2.2385072879999997,1.2470248399999997,0
3180,591.04,41.651872,176.17561999999998,3.660097159999999,11.076346280000001,1.3194293599999998,0
3181,154.72,24.686719199999988,210.39478800000003,3.5079688799999995,5.300478839999999,1.3112506,0
3182,175.16,32.125988799999995,308.86757600000004,3.67958808,7.82591368,1.2771300399999996,0
3183,192.52,25.98722828,38.6229556,3.62829176,5.855429279999999,1.2697411999999997,0
3184,429.92,42.5959564,136.457696,3.8567604399999995,11.93781376,1.3396378400000004,0
3185,102.6,31.960795999999988,239.69446399999998,5.909920360000001,12.251630999999998,1.15593436,0
3186,238.92,30.940997199999998,279.125972,6.799298159999998,13.783498000000002,1.28591908,0
3187,140.0,39.92624719999999,227.27797999999999,3.908511800000001,11.062192120000002,1.3110763600000002,0
3188,408.96,22.3351248,284.166748,4.1541944,5.127143599999999,1.2800990800000003,0
3189,322.44,26.83331560000001,132.874792,5.4845016,8.68351364,1.33425504,0
3190,63.68,23.3864896,292.91580400000004,5.565534,7.4974122,1.2435226,0
3191,201.44,31.41330239999999,167.768048,4.215120520000001,7.7538632399999985,1.29206492,1
3192,413.68,32.930104799999995,20.23277328,4.0371497199999995,8.744195599999998,1.34757944,0
3193,242.8,24.978967599999997,106.60379624000001,6.40410856,9.373188239999998,1.3054983599999996,0
3194,452.96,38.374438799999986,301.8181239999999,5.2694254,13.839595599999996,1.3566551999999998,0
3195,503.84,28.305115999999998,336.59563,5.380177280000001,9.213318919999999,1.327799,0
3196,62.68,21.592925720000004,255.96100400000003,5.489905039999999,6.213905754400002,1.2621089999999997,0
3197,71.04,24.545920799999998,285.524592,5.007594559999999,7.3531384000000015,1.2869186,0
3198,259.72,34.206512000000004,176.64286399999997,4.242656000000001,9.55435784,1.2937724800000001,1
3199,457.96,26.073875199999996,89.7657032,5.14416608,7.787595199999999,1.3317383200000001,0
3200,203.04,32.46489799999999,311.9233239999999,4.9531673199999995,10.03155516,1.3092379600000001,1
3201,97.4,26.4150924,235.57067200000006,6.3382998399999995,10.06405252,1.2941759599999998,0
3202,50.36,27.29666480000001,293.25267599999995,3.9910467600000006,6.58118564,1.3184752,0
3203,109.32,28.47387880000001,38.95365640000001,5.02579932,8.614541079999999,1.298092,0
3204,458.28,33.8717488,130.510156,4.027831559999999,9.02467904,1.3444282399999998,0
3205,414.92,41.5953064,279.18364799999995,3.87230544,11.608962400000001,1.32653116,0
3206,168.0,34.1689348,120.7042624,3.7125064800000005,7.581876680000001,1.3006646800000001,1
3207,146.16,34.3491688,66.01654439999999,5.27653516,11.93127852,1.3385244800000005,1
3208,147.2,24.01953452,183.51810400000002,4.7889132000000005,6.411271232000001,1.252463,0
3209,186.08,27.7760096,268.1561999999999,4.436232799999998,7.55511068,1.3118412799999999,1
3210,522.6,38.493349200000004,267.342944,4.60990576,12.015944160000002,1.3376036800000002,1
3211,133.72,27.731295600000003,41.9656444,6.83041948,12.032108639999999,1.26515596,0
3212,297.92,23.940530400000007,133.501432,5.41279408,7.51535784,1.3034539600000001,1
3213,82.72,14.939463599999995,199.0606296,4.8209724,3.1647815103599997,1.34791312,0
3214,54.08,31.66226639999999,168.73403612,3.1249675600000004,6.758592159999999,1.3131398,0
3215,410.24,19.161602519999995,229.17855999999995,5.864673280000001,6.596053240000001,1.317064,0
3216,101.84,29.658511199999992,166.274732,4.7541915999999995,5.9412263008,1.2985798,0
3217,232.2,27.096472,88.89051800000001,4.96949488,7.91991352,1.3675257599999997,0
3218,495.84,44.34332319999999,269.975496,2.999995639999999,10.594640600000002,1.3348723199999997,0
3219,46.88,15.779727359999995,135.973648,5.9625408,3.7471349837600005,1.3392388400000002,0
3220,107.32,37.106719999999996,43.48508519999999,3.1650617999999997,8.68206616,1.2765692400000002,1
3221,130.6,41.041392,155.39295600000003,3.2516207199999996,10.0718922,1.2601650400000002,1
3222,305.16,22.938474799999995,51.9015336,3.6539841199999996,4.83931508,1.351953,0
3223,138.48,28.7506532,301.874636,4.44317652,7.779037519999998,1.3586456400000002,0
3224,67.48,33.20348599999999,255.42272799999998,4.71599012,10.024759,1.27615836,1
3225,358.56,25.307792,91.19971960000001,3.85568576,5.773532680000001,1.3188220800000001,0
3226,60.64,36.19684199999999,67.40602960000001,3.34133612,8.57579796,1.2933725600000003,1
3227,32.44,23.475096800000003,243.576276,3.9430155200000003,5.23740644,1.3023252000000003,1
3228,459.6,37.8287092,35.23454176,3.6809325999999998,9.852715440000003,1.3248820399999999,1
3229,263.2,38.6786628,151.86508400000005,4.2229887999999995,11.24240792,1.2996111200000002,0
3230,34.72,18.75761068,214.142688,3.29655976,2.7688076,1.2538225200000004,0
3231,204.48,23.11715424,245.25337144000005,5.176393920000001,6.442562003960001,1.2833478,0
3232,150.48,30.203026400000002,56.694594400000014,3.8325730399999998,7.381998799999998,1.2976621600000002,0
3233,39.64,27.225043599999996,177.88582799999998,4.122245599999999,6.7475771600000005,1.3065837599999996,0
3234,14.84,28.778962120000006,126.70839800000002,4.602864880000001,7.22562024,1.2918565600000003,0
3235,37.16,23.363706399999998,257.48148799999996,4.056535360000001,5.280398280000001,1.2641175199999999,0
3236,251.08,14.394788319999998,301.08302,5.0614415600000005,3.07758184,1.3354556,0
3237,484.84,35.569430399999995,311.4598239999999,5.283364880000001,13.86948956,1.32553324,0
3238,98.48,34.361134799999995,338.37216400000005,4.8626833199999995,10.95918792,1.10184352,0
3239,239.4,28.140160399999992,262.05514800000003,4.332105680000001,7.34581368,1.3606692000000005,0
3240,76.56,24.138318000000005,161.113872,4.926452479999999,6.6462122400000005,1.3123254799999997,0
3241,121.72,27.0583356,308.50712,5.65352576,9.0676954,1.2765571199999997,0
3242,302.88,23.80953868,256.99361600000003,3.1278431200000005,4.787557659999999,1.28990312,1
3243,298.52,19.188150400000005,105.176502,4.27469056,4.5257431200000005,1.33319324,1
3244,308.72,21.788724079999998,200.98227919999997,6.49317412,6.104982677599999,1.3345647200000001,0
3245,501.04,20.988164,204.76965600000003,5.583664279999999,6.202073479999999,1.3282009599999998,0
3246,385.96,39.8555424,215.833556,4.352693440000001,11.97113968,1.3211163599999995,1
3247,35.84,17.874385959999998,178.51774,6.493269880000001,5.346216002599999,1.26953384,0
3248,288.24,26.294038,78.25096528000002,2.9797576799999996,5.282599004,1.3673408800000002,0
3249,75.44,31.2585776,177.00482799999997,4.4643839199999995,8.62951456,1.25159492,0
3250,132.36,23.1431056,283.92391999999995,3.8067527199999995,5.061248760000001,1.2536403999999999,0
3251,330.52,32.5510796,44.528528959999996,3.712235519999999,8.105069159999998,1.36586904,1
3252,55.08,24.258074000000008,207.3970456,7.361191960000001,10.862039800000002,1.3627351999999997,0
3253,588.48,31.559759599999992,141.376224,6.254932159999999,13.0126388,1.33435024,0
3254,389.72,39.784989599999996,207.95936799999996,3.9783520000000006,11.180181240000001,1.3092744799999998,0
3255,116.44,24.072151200000004,263.533,5.94366212,8.55305876,1.24902944,0
3256,202.92,16.69994228,120.54165839999997,4.07662016,3.2959569999999996,1.3051101600000001,0
3257,33.28,26.4151756,151.84322400000002,3.75575804,5.993899880000002,1.2748203200000001,0
3258,158.12,28.205040399999994,71.701614,4.310075239999999,7.338404600000001,1.33880704,1
3259,17.52,14.257632319999997,248.01296000000002,4.63286132,1.7492249270000004,1.32467096,0
3260,709.16,28.280399200000012,43.77078040000001,4.96016888,8.4164566,1.3219024799999999,0
3261,348.32,44.692847600000015,254.28285600000007,2.65757904,10.08896584,1.3060497599999998,1
3262,438.04,18.3140932,100.47674880000001,4.026890320000001,3.231254382000001,1.2944094800000001,0
3263,25.52,32.61824308,232.70206399999998,4.580267080000001,7.970664555400001,1.30143836,0
3264,90.72,29.220095600000004,311.90441200000004,4.385308,7.8610806,1.2014680799999997,0
3265,294.24,30.890483600000003,170.05969599999997,4.291177879999999,8.32144724,1.32729888,1
3266,56.72,39.740627880000005,318.164588,6.94789736,4.57104636676,1.30107972,1
3267,104.68,35.888169999999995,97.33559919999999,3.8868840000000007,9.44215044,1.32079276,0
3268,189.36,26.999676800000007,77.4546688,5.69447412,9.085335520000001,1.30397096,0
3269,219.28,38.25591359999999,196.66738,2.92580864,8.571064279999998,1.3130510800000001,0
3270,144.44,24.6996,74.0278064,5.5674876,7.804490919999999,1.3048197599999998,0
3271,387.56,33.996183200000004,334.57824,3.5849675999999993,8.364622000000002,1.3682444000000005,0
3272,87.8,33.1855912,136.56705656,5.164150840000001,10.889548360000001,1.282617,1
3273,39.6,27.7507504,295.68699159999994,2.9880013200000004,5.483180560000001,1.34098744,0
3274,171.96,30.456380399999993,89.44490400000001,4.59067224,8.466489479999998,1.3640298800000001,0
3275,223.8,26.423632800000004,149.373308,3.3950397600000004,5.724605,1.3129440799999998,0
3276,66.6,20.420503199999995,207.60668399999994,4.1100104,4.51783128,1.3124712799999998,0
3277,43.0,21.283410399999998,109.04939080000003,4.986938159999999,5.810077639999999,1.27847168,0
3278,352.88,30.2534208,144.01050800000002,3.49031908,6.94919884,1.2979928399999998,0
3279,46.64,48.131921999999996,179.037892,3.093043320000001,12.08194728,1.2755366800000003,1
3280,129.16,25.70787307999999,174.25670399999998,5.368714400000001,7.7483394,1.2503933599999997,0
3281,336.8,29.189316799999986,233.60135431999998,5.1608174,9.159538640000001,1.3170920799999999,1
3282,161.72,31.436429199999992,175.48527487999996,3.2703070800000003,7.003578599999998,1.2777009599999998,0
3283,32.64,17.429580279999996,100.23854800000001,5.5877157199999985,5.014302840000001,1.2761706000000002,0
3284,64.28,27.305955599999994,276.68264120000003,3.1727499600000004,5.59912472,1.2952516,1
3285,538.28,29.837902800000005,284.0476760000001,3.42743968,6.727527599999999,1.32221308,1
3286,288.56,30.707303200000002,336.69949999999994,4.322364599999999,8.339170840000001,1.2837678,0
3287,183.72,42.005746,258.413988,4.093878200000001,12.34413092,1.3144711599999999,0
3288,235.72,37.77664159999999,233.40557599999997,3.606537000000001,9.7080352,1.3105087999999998,1
3289,201.28,25.206170279999995,45.6818012,3.7530394000000005,5.532790895919999,1.31233452,1
3290,149.8,24.266131199999997,101.29041159999998,5.479234720000001,7.475804879999999,1.2920879600000001,0
3291,249.4,31.420507599999997,184.04322,4.8802086,9.26025776,1.28582464,1
3292,25.24,12.72436332,115.828348,6.4035282,3.153673104400001,1.27857172,0
3293,285.96,19.2563792,240.81448960000006,5.424514759999999,5.229952119999999,1.2890424000000003,0
3294,340.0,19.836126919999995,186.22342400000002,4.655471240000001,4.851308216000001,1.32365932,0
3295,292.64,19.835993999999992,213.41941999999995,4.52230692,4.690011640000001,1.3045559199999999,0
3296,290.0,28.006080799999996,214.23646440000002,4.19024432,6.4056815600000006,1.3296608,0
3297,146.16,22.3407592,145.102496,4.46672204,5.06280004,1.2777892,0
3298,54.84,26.693878799999997,117.73168800000002,3.8448478800000006,6.37343116,1.25967208,0
3299,183.16,34.4801544,162.83727464,5.2518296399999995,11.787988280000002,1.2779156800000002,0
3300,336.28,38.5539064,177.16006800000002,3.7364504800000002,10.27550468,1.3087867599999998,1
3301,372.6,30.77647199999999,82.3752912,3.9887207600000005,7.827699680000002,1.2968254799999999,0
3302,36.72,22.5950576,60.75270639999999,4.793913519999999,5.969635080000001,1.35113144,0
3303,376.4,28.862831600000003,188.42571600000002,4.04829964,7.162798640000001,1.31325432,0
3304,394.76,24.9780496,75.9516764,3.3945145199999995,5.169667079999999,1.3689245999999997,0
3305,144.04,26.84565639999999,270.760476,5.376880680000002,8.305311640000001,1.3612225599999999,0
3306,366.08,22.283753999999995,295.04613199999994,5.89545792,7.23380224,1.36836188,0
3307,166.0,30.05176079999999,152.18328400000004,4.041221279999999,7.64002264,1.2574872,0
3308,26.56,21.866104919999998,166.56100800000002,7.3136144399999985,4.9513257486,1.24408592,0
3309,217.8,34.9828828,233.31454000000005,4.910789479999999,11.300159160000003,1.27942056,0
3310,102.0,31.794368799999994,176.95444736000002,4.457701759999999,9.049095600000001,1.1009758799999998,0
3311,263.4,39.07117,218.44394,4.22457312,11.431906,1.3609260399999996,1
3312,332.44,29.340813599999986,107.89237520000002,3.9621449600000007,7.332915360000002,1.28811944,0
3313,66.6,29.478511599999994,67.00113840000003,5.949673800000002,10.792135839999998,1.2818352,0
3314,408.2,38.5812556,243.60253200000005,3.78617608,10.364756160000002,1.3643780000000003,1
3315,408.32,33.079576799999984,219.81231656000003,3.2961630799999995,7.542529000000002,1.3269641999999997,0
3316,28.72,25.707727999999996,171.45801200000002,3.4462304799999997,5.55686128,1.2479522,0
3317,51.32,26.357703600000004,312.177608,4.390311959999999,6.7742058,1.3484226799999999,0
3318,26.24,15.774215880000003,223.47840399999998,7.325482480000001,6.392941607880002,1.1563744,0
3319,30.48,22.00985012,271.17826,5.099484520000001,6.122968181,1.3140588,0
3320,136.28,23.2206728,60.155538400000005,4.714871239999999,6.0071784,1.3636650000000003,0
3321,149.88,34.932827599999996,234.159712,3.5662429199999996,8.60206372,1.3056038000000003,0
3322,71.84,31.06224359999999,69.16868199999999,4.58117136,8.94189188,1.3153333200000004,1
3323,95.72,23.9661164,323.6885052000001,4.52594424,6.084111,1.29025276,0
3324,30.44,16.76101764,119.21110399999998,5.067873,2.6910239674399996,1.3359012400000003,0
3325,17.12,23.38221544,96.6060572,3.5440872799999994,4.719635652000001,1.290046,0
3326,340.96,37.514177600000004,29.89600959999999,5.05202856,12.580911960000003,1.3675786000000003,1
3327,269.88,18.755162,241.525204,4.923827360000001,4.63296828,1.3229669599999996,0
3328,361.64,35.75188880000001,302.3941848,4.312811519999999,10.29796772,1.3679913599999998,0
3329,296.92,31.216306400000004,151.00683999999998,5.178251079999999,10.133676679999999,1.30256572,1
3330,59.52,18.530371079999995,55.20793559999999,4.971457879999999,4.61636808,1.26216172,0
3331,140.84,21.855245600000003,162.71484800000005,4.86437636,5.699585320000002,1.2994717599999999,0
3332,66.88,21.158521959999998,264.5900339999999,6.30372564,6.799640674400003,1.26180436,0
3333,377.12,15.853306799999995,93.27479400000001,3.5316928399999994,2.304134664,1.2863450799999998,0
3334,122.4,28.949735599999993,279.39796800000005,4.51617224,8.00559308,1.34116364,0
3335,94.16,13.789754360000003,90.32520000000001,6.98769836,2.56634959076,1.31394748,0
3336,74.88,27.083309199999995,179.98522367999993,3.4604016,5.97491916,1.2715506,0
3337,127.16,15.549644440000002,90.9535452,4.88433532,3.200417120199999,1.3153984000000003,0
3338,264.04,28.435891199999993,135.66998560000002,4.934366,8.605980599999999,1.3168386800000003,0
3339,301.84,25.043345080000005,122.39378400000001,4.875697840000002,6.761758719999998,1.3242770400000001,1
3340,401.68,29.530715600000008,232.59045200000003,3.126314919999999,6.23899508,1.30361792,0
3341,64.72,27.199394000000005,215.92886,5.319311759999998,8.561427360000003,1.29318252,0
3342,148.52,25.7822684,304.4514039999999,4.153615359999999,6.293696839999999,1.1960175199999998,0
3343,280.28,24.373524000000003,99.44734359999998,6.997512079999999,10.13570668,1.31477356,0
3344,285.88,17.8061732,161.04094400000002,6.48044652,6.70741128,1.3035819200000003,0
3345,160.52,19.50699452,81.29764199999998,6.737211599999999,6.53165525168,1.3350493999999997,0
3346,90.32,25.006147199999997,123.56159679999999,5.62399624,8.10391472,1.3173815199999999,0
3347,111.8,16.938317480000002,243.723352,3.4797174000000006,3.4648309159999995,1.332806,1
3348,224.2,31.976869999999984,100.12247239999999,4.216039879999999,8.68973236,1.2164755600000001,0
3349,236.8,27.5816996,130.453048,5.046344319999998,8.286662159999999,1.30256952,1
3350,97.6,12.619701480000002,214.67444800000004,4.76326524,2.291049331080001,1.306525,0
3351,49.36,32.155044399999994,103.31127440000002,4.404825000000001,9.059782240000004,1.09991908,0
3352,460.04,24.344013199999996,63.21832400000001,4.789384520000001,6.569162039999998,1.3329475199999998,0
3353,525.92,36.15501200000001,272.7398360000001,4.80051864,11.506444000000002,1.3374008400000001,1
3354,424.36,32.235103200000005,319.4779199999999,3.769852399999999,8.304219,1.36974624,1
3355,25.92,23.611999479999998,160.399598,6.44206988,5.759974395400002,1.28334416,0
3356,445.16,22.917910600000006,280.24011200000007,6.55357112,6.421506065560001,1.31467356,0
3357,252.72,22.386744800000006,175.82701199999997,4.785018400000001,5.814680640000001,1.314519,0
3358,103.76,13.187124400000005,208.927196,5.32681876,2.78220780356,1.3136206,0
3359,549.2,25.99904160000001,128.722152,4.979332240000001,7.3105840399999975,1.33981396,0
3360,188.04,17.750749759999998,207.20705600000005,4.000714240000001,3.3453824160000005,1.19982892,0
3361,253.04,29.2314628,55.752940800000005,3.78631528,6.983316760000001,1.35299976,0
3362,911.36,34.7310416,272.6843119999999,2.8979500800000006,7.54861328,1.3195642799999998,0
3363,111.84,22.3435876,172.35667200000003,6.96915136,8.00089469324,1.3001268000000001,0
3364,231.6,28.275196800000003,153.47920399999998,4.205565279999999,7.201774480000001,1.30510752,0
3365,177.64,23.332555199999998,54.571013199999996,4.57602752,5.899309679999999,1.3386132799999997,0
3366,67.92,28.163069999999994,271.30432112,3.7622074,6.6188098,1.0958663199999998,0
3367,279.56,35.505174000000004,173.84004399999998,6.85208664,17.1041068,1.3646072,0
3368,44.64,23.08500336,145.10360400000002,5.276399240000001,6.545066114040001,1.3074276,0
3369,133.84,35.45976039999999,133.093036,3.3699698000000002,8.44656088,1.31140184,1
3370,254.24,21.573079200000002,190.35792400000003,4.645101119999999,5.61061840516,1.3228364400000001,0
3371,388.52,22.845403199999996,126.67645719999997,3.05535304,4.340035756000001,1.30220184,0
3372,496.64,28.40507199999999,138.20891896,5.27365392,9.00016204,1.3217942000000003,0
3373,342.52,30.625059999999994,294.64628400000004,3.6914011600000003,7.3085369999999985,1.2765419999999998,0
3374,179.92,17.392856000000002,79.65239519999999,4.52846128,4.225065107999999,1.29348208,0
3375,88.44,33.1858128,40.4753972,3.684711079999999,7.876576040000001,1.10223812,0
3376,150.6,32.089539999999985,200.01082399999999,5.1806583999999996,10.069907319999999,1.30592748,0
3377,131.16,36.9054332,300.78640287999997,4.180959400000001,10.539333240000001,1.27783916,0
3378,399.04,24.686278799999997,230.52755599999998,7.246771279999999,11.1400188,1.32755856,0
3379,270.68,32.52560399999999,135.6597368,5.172213879999999,10.92588076,1.3055774,1
3380,196.92,32.050518399999994,75.5597384,5.56370796,9.03321272208,1.28724308,0
3381,101.6,21.110811599999998,102.2929336,4.713592960000001,5.071888680000002,1.33319168,0
3382,142.76,28.187462000000004,305.727728,4.454995479999999,7.6082574,1.3547102000000002,0
3383,34.36,30.958458399999998,295.15289600000006,4.3618863999999995,8.5343056,1.3179259999999997,0
3384,298.16,25.668071600000008,124.5822,4.3691467600000005,6.513103959999999,1.32972336,0
3385,173.24,31.565828000000007,226.76591999999994,4.0864484,8.257815719999998,1.31135864,0
3386,195.6,22.424904800000004,187.18948800000007,6.004119320000001,7.430892480000001,1.3323682399999999,0
3387,12.8,23.317301999999994,157.471208,4.365306759999999,5.694081480000001,1.2749836399999999,0
3388,144.16,25.836523200000002,127.98612399999996,3.85670772,5.928544800000001,1.2579680399999997,0
3389,80.72,31.05577464,238.76314800000003,7.44069204,5.3399823573599985,1.29077912,0
3390,236.32,34.932242,158.157732,4.202804080000001,9.7650624,1.3059906000000001,1
3391,211.32,23.73939012,109.98716519999999,3.810422480000001,5.293236857959999,1.3673628799999995,0
3392,400.64,28.2745988,336.5429919999999,3.9754138800000005,6.92165232,1.3183149999999997,0
3393,242.44,35.20872599999999,83.29414879999999,5.11738464,11.810114720000001,1.3032942400000003,0
3394,285.88,28.174339600000003,141.53555599999999,3.1103214400000008,5.87896072,1.3047618,1
3395,238.44,18.34628716,241.38806,4.4764468,3.811171017000001,1.30141232,1
3396,276.72,24.407789599999997,308.7002,6.27484024,8.51391132,1.33101124,0
3397,180.6,28.7196768,115.66688080000003,6.0091976,3.677753680520001,1.2971383200000002,0
3398,272.88,15.835284559999998,169.26885599999997,6.010446559999999,4.33505228,1.2903196,0
3399,215.56,23.07971196,206.17034999999998,5.062314360000001,6.706572008000002,1.30308288,0
3400,167.12,17.447449719999998,121.99770040000001,3.381074280000001,3.59756342,1.27339028,0
3401,228.44,37.56173479999999,295.48869599999995,3.521811119999999,9.418875040000003,1.31183344,0
3402,126.8,21.6084532,299.2678839999999,4.405375079999999,5.1217350800000006,1.3606453600000001,0
3403,334.68,19.960756799999995,91.002302,4.3124037600000005,4.584889320000001,1.28253584,0
3404,169.12,30.110957999999997,67.7065508,4.605728560000001,8.618414439999999,1.30791064,0
3405,69.28,19.327357599999992,223.93740000000003,5.23561216,5.236344800000001,1.28560184,0
3406,120.84,25.543238399999996,241.5491800000001,4.32392484,6.40740552,1.3441437600000001,0
3407,234.84,30.6854256,185.15344800000003,5.06347652,10.423260599999999,1.32041548,1
3408,185.24,33.32613359999999,41.4451044,3.3705642399999998,7.78455296,1.2951667999999998,0
3409,566.04,35.71631439999999,181.16154399999996,6.845338880000001,18.033507199999995,1.3168566800000001,0
3410,291.64,24.089136,217.79889199999994,4.220045439999999,5.93158172,1.3125210399999998,0
3411,87.64,35.439209440000006,131.20052679999998,5.986036720000002,2.6129100317600003,1.29713864,0
3412,155.12,28.863272000000002,45.903088800000006,5.838083519999999,10.314227879999999,1.36176252,0
3413,704.32,19.715866399999996,125.690816,3.98958384,4.96062692,1.3235791200000002,0
3414,145.04,27.3761588,311.51921527999997,5.2580608799999995,8.53877,1.2387538,0
3415,228.56,22.058328959999997,90.01104440000003,5.449657919999998,6.78566196,1.3543232799999998,0
3416,375.88,18.986704,76.328846,3.681075999999999,3.70129556,1.2986419999999999,0
3417,153.76,27.453552400000007,107.54262479999997,5.440539479999999,8.857646239999998,1.3049807599999996,0
3418,492.36,28.256464800000007,233.29948800000005,3.8549194399999993,6.90115116,1.3214914,0
3419,143.88,31.572731599999994,217.38669199999995,4.78178752,9.41429128,1.3419722,0
3420,701.4,34.82854480000001,88.4025488,3.38919268,8.276666919999998,1.32498856,0
3421,111.52,33.301627999999994,112.9505936,5.533232399999999,12.06239784,1.3654183600000003,0
3422,26.96,31.720753959999996,130.95461120000002,3.2347030399999994,5.528972015999999,1.24394632,0
3423,230.6,30.633018799999995,294.689224,4.4436024,8.496177040000001,1.3376424800000002,0
3424,612.24,31.258901599999998,134.010356,4.279254,8.510205800000001,1.3405163199999999,0
3425,226.96,39.853286000000004,115.89245571999999,3.7104550000000005,10.51933604,1.2961834,1
3426,303.44,24.406489199999996,176.12355599999995,4.63740072,5.930428599999999,1.2863906,0
3427,274.88,27.0295024,301.80718,3.4871656800000013,6.0127872400000015,1.3003816799999999,1
3428,123.76,32.1771184,80.68400719999998,4.5269422399999995,8.868563200000002,1.24445816,0
3429,195.36,38.98190428,306.21818092000007,3.2994306000000004,9.266133160000003,1.30082876,0
3430,171.68,16.55867068,169.40098400000002,5.012367559999999,3.131112345919999,1.2781440400000001,0
3431,254.4,20.592686799999996,165.05192,6.155068880000003,7.722358640000001,1.3145489600000002,0
3432,92.44,18.516071759999992,206.85465999999997,4.07784432,3.8929369519999995,1.2965431600000001,0
3433,496.84,34.62311679999999,213.68562399999996,3.2514915600000007,7.8903642000000005,1.33053748,1
3434,149.96,26.486143479999996,200.595492,4.4085955199999995,6.507433120000001,1.27814732,0
3435,28.72,29.609547199999994,72.05492799999999,4.3073828800000005,7.89334876,1.30829792,0
3436,47.64,31.214266000000002,315.0681976,3.4335641600000004,7.163148480000001,1.30092524,0
3437,157.08,36.22664200000001,281.91614,4.305897680000001,10.466904119999999,1.3398263999999998,0
3438,478.64,18.862925599999997,320.58946799999995,3.52892852,3.584975839999999,1.3143932,0
3439,293.88,20.949078359999998,261.6514948,6.52595324,6.34581160596,1.3285718800000001,0
3440,356.28,38.087972799999996,252.53052000000002,3.596576119999999,9.773341519999999,1.2986932000000002,1
3441,22.24,37.07521279999999,49.05337120000001,4.1855899999999995,10.562933359999997,1.1305865599999998,1
3442,301.76,42.931947199999996,62.83214920000001,4.19331128,12.951848200000004,1.3680668400000002,0
3443,28.72,41.64574199999999,106.2145224,2.29913204,8.480004919999999,1.27943956,0
3444,295.92,23.8717676,159.76362799999998,3.7907551600000007,5.255869120000001,1.33759976,0
3445,350.4,22.029720400000002,62.349605600000004,4.652337879999999,5.47923748,1.2822938400000001,0
3446,395.92,24.695510800000008,51.11533399999999,6.454332839999999,9.382482960000003,1.36886588,0
3447,320.8,28.24670959999999,190.92506800000004,4.5853556399999995,7.78811808,1.32623112,0
3448,487.52,39.28138200000001,218.86640632,3.742117359999999,10.275211960000002,1.32432572,0
3449,178.4,35.029377200000006,95.72115520000001,4.76253792,10.938535239999998,1.30733696,0
3450,413.72,35.868210000000005,250.06495200000006,4.936958679999999,11.681632680000002,1.36852604,1
3451,377.0,36.7263412,180.140812,3.3964234799999997,8.898482479999998,1.2921544,1
3452,310.32,33.594152,171.63264800000002,6.155065399999999,13.82783308,1.3118078799999997,0
3453,249.68,31.882399999999997,148.762208,4.453604439999999,9.091881840000003,1.30778476,1
3454,209.08,28.331951199999995,233.22954,3.6088653600000002,6.5159657200000005,1.3094127199999996,0
3455,68.2,17.059067479999996,48.686989999999994,4.427912000000001,3.3491013276799997,1.31257468,0
3456,317.04,46.80929280000001,103.25573,2.752041760000001,10.87928664,1.35803116,0
3457,49.2,27.402188000000006,115.43678000000001,4.98605308,7.9941174800000026,1.29364664,1
3458,256.56,30.339985599999995,294.55202399999996,4.08905252,7.805534559999999,1.3680046000000001,0
3459,82.12,23.851339599999996,133.941722,3.8895896800000007,4.801657200000001,1.34380708,0
3460,130.8,19.80962812,260.1040079999999,3.0759956000000006,3.5096276559999997,1.27874488,0
3461,286.4,19.354721199999997,118.0645552,4.391050080000001,4.07377296,1.22409276,0
3462,822.04,35.9821424,258.539128,3.6243339199999993,9.065431760000003,1.3186679600000002,0
3463,109.52,29.702538800000006,311.658544,3.769612359999999,7.20571276,1.1213268399999998,0
3464,5.84,19.063299600000004,107.46822999999999,4.332455959999999,4.19342032,1.21796748,0
3465,170.88,28.527934800000004,238.50315200000006,4.866923760000001,8.316951999999999,1.35994824,1
3466,187.24,34.54725679999999,205.42754000000002,4.0985432,9.34362548,1.2744863999999998,0
3467,122.44,22.091502800000004,321.764964,5.94792296,7.49092788,1.3161625600000002,0
3468,280.28,23.0213516,331.52928400000013,5.462594,6.905049960000001,1.29030068,0
3469,31.32,11.694715120000003,225.343344,4.37883744,2.60547482124,1.2829275600000003,0
3470,17.84,35.40220159999999,204.33526400000002,3.2307340799999995,8.88522028,1.2811510000000002,0
3471,438.48,28.288852399999993,98.4032736,4.44195616,7.595033600000001,1.33604464,0
3472,310.08,17.849597199999998,67.52685919999999,4.303515560000001,3.83166388,1.33291112,0
3473,857.28,40.583168799999996,265.908784,3.0744684,9.571485679999999,1.3188901999999998,0
3474,34.16,19.761190799999998,123.174604,6.936395840000001,7.581255800000001,1.2289816,0
3475,63.68,33.38164919999999,53.915556400000014,5.060151719999999,10.884035279999999,1.2821968,0
3476,91.32,29.21355759999999,69.8213852,4.657871600000001,7.858029880000001,1.2475197999999998,0
3477,262.6,30.759082399999997,35.31792328,5.01739332,9.558052399999998,1.34741084,0
3478,213.08,34.021474000000005,105.145952,4.36855624,10.158040440000002,1.30411776,1
3479,198.2,28.3744492,191.84324400000003,3.2352413599999994,6.005942120000001,1.2412532,0
3480,224.88,30.283855199999994,298.47351999999995,4.301297279999999,8.12456,1.2882532400000002,0
3481,491.88,40.517495200000006,146.73907599999998,3.9202815999999996,11.203655959999999,1.3149479200000003,0
3482,216.96,36.3112376,181.63510399999998,6.546766279999999,16.31803184,1.3608788800000005,0
3483,404.28,18.4509344,209.38814799999992,3.6686404800000014,3.5291600400000003,1.3310707599999998,0
3484,265.4,33.21502839999999,190.633924,5.9779751999999995,12.995672000000003,1.28660612,0
3485,32.52,21.395267880000002,155.558292,5.067111719999999,5.009760996000001,1.3562236400000003,0
3486,154.76,29.443555200000002,130.0511776,3.55378968,6.7399748,1.3063407200000001,1
3487,162.16,21.1960268,120.05645200000001,3.4601886399999997,4.19456036,1.2666784400000002,0
3488,726.28,37.7556208,202.91141999999996,4.10630232,10.66915016,1.31810892,0
3489,185.88,22.707429199999996,252.53290400000006,4.3687296,5.492249080000001,1.3124942000000002,0
3490,22.64,22.91349548,223.435916,3.2590904000000007,4.429223928,1.3008493599999997,0
3491,146.24,30.241134000000002,42.5896464,3.9541570800000003,7.546052920000001,1.3006914800000002,1
3492,200.24,20.592263999999997,213.4128148,3.6872744400000013,4.25007228,1.3650303599999998,0
3493,42.84,25.568561999999996,190.15303200000002,5.1236912,7.075827159999999,1.0963178800000002,0
3494,47.68,24.711859599999993,220.97785600000003,7.856953240000001,7.072538790759999,1.30582276,0
3495,18.32,26.761894400000003,268.940776,4.58359124,7.236369279999999,1.29544488,1
3496,81.04,29.91292,328.228324,4.844849559999999,8.900154399999998,1.1147506,0
3497,184.6,26.622550399999994,230.94742399999998,7.0697306399999995,11.650531760000002,1.3106837600000005,0
3498,116.56,23.297036279999997,49.95676648000001,3.7092256000000003,4.735212439999999,1.13281472,0
3499,358.96,32.930543199999995,78.5562616,3.6010086400000008,7.8256612400000005,1.3566202399999998,1
3500,133.88,32.601047999999984,303.79865128,3.686305399999999,8.020998400000002,1.2950996000000001,1
3501,103.8,18.8338092,100.2754328,3.89141008,3.6153201999999998,1.23673364,0
3502,111.88,23.481188000000003,220.216792,3.75638908,5.0774882,1.2739376,0
3503,152.16,25.13815732,255.72705408000004,6.263335120000002,10.751850719999998,1.2974586,0
3504,177.24,24.100922800000003,228.319156,4.04415324,5.577833040000001,1.25491308,0
3505,333.92,35.87061719999999,216.31484399999994,3.22197944,8.317378719999999,1.31006504,1
3506,278.48,19.68174,143.93217600000003,4.23195324,4.34065852,1.3250037999999997,0
3507,419.28,25.964655200000003,300.35077120000005,4.755555279999999,7.103621,1.3283648,0
3508,427.2,32.51211120000001,267.09575199999995,3.9798336,8.409023959999999,1.2818296,0
3509,109.44,28.208906800000005,300.60974816,3.3530354399999998,6.09615336,1.26830948,0
3510,144.2,19.385592119999995,154.9472968,6.85207816,6.201066872480002,1.35108444,0
3511,189.08,30.296043600000004,255.76569199999997,5.07656888,9.48065884,1.2854475600000004,1
3512,131.12,25.405340400000004,42.83657336,4.5396554,6.46262448,1.3102335999999999,0
3513,216.68,35.06107,197.2394,4.91565936,11.88276412,1.27999436,0
3514,181.2,28.880337199999996,325.80669200000006,4.683524040000001,8.78851156,1.3550890800000002,0
3515,16.4,16.37246544,240.33994400000003,4.7390029600000005,5.291532880000001,1.26864652,0
3516,316.68,23.8019196,138.409768,5.62699896,7.526700959999999,1.304452,1
3517,231.08,23.66309228,270.368056,3.0251325600000003,4.538683792,1.2605752799999999,0
3518,309.68,33.992448,307.21760000000006,5.04004776,11.252743680000002,1.31246132,0
3519,527.52,29.2270644,149.01502399999998,3.6875496799999996,6.8353607599999995,1.34617412,0
3520,305.4,35.62812800000001,265.98911599999997,4.647326879999999,10.846327519999999,1.3158338400000003,1
3521,309.44,26.831073999999997,93.12488840000002,5.008749720000001,8.404467200000001,1.36772096,1
3522,154.08,29.652529199999993,82.01461759999998,6.912147719999999,13.34912892,1.2590150800000002,0
3523,107.24,31.84768479999999,307.52357784,5.40168276,10.921636759999998,1.2822403199999999,0
3524,58.84,25.84769028,190.26913720000002,6.645929079999998,8.30533543296,1.28417904,0
3525,79.96,23.60120612,277.27081919999995,5.51513188,7.33838868,1.35081576,1
3526,503.56,28.21624,160.949932,6.07174708,10.772304319999996,1.3159656000000004,0
3527,78.36,32.114448800000005,120.0413676,3.29192572,7.274730199999998,1.32368516,1
3528,364.6,26.226486,165.8893812,4.561670319999999,6.724140519999999,1.36875012,1
3529,218.64,38.1285204,227.51363599999993,3.4983116800000005,9.513635720000002,1.2713982,0
3530,30.92,17.70276856,101.84053999999998,3.9091556799999996,3.4551779999999996,1.2829960000000002,0
3531,69.68,26.856621759999992,196.93779680000003,2.6042646400000002,4.924459224,1.3091866,0
3532,169.76,24.87965804,159.93521599999997,5.400539000000002,8.337882179999998,1.311801,1
3533,63.84,32.41117160000001,97.732092,4.317976239999998,8.814421999999999,1.138836,0
3534,201.0,30.541449200000002,310.15837888000004,4.799715320000001,9.181735360000001,1.29841612,0
3535,135.28,23.158795599999998,235.87781320000002,3.038430159999999,4.3462534,1.2778285999999999,0
3536,670.48,21.931276399999998,202.55745599999997,5.252832119999999,6.208215759999999,1.32271832,0
3537,115.48,34.196012,333.550768,4.62077128,10.45685208,1.31400232,0
3538,198.2,30.8874376,88.10650679999999,5.18224648,9.968488440000002,1.3673044399999998,0
3539,259.16,31.537675599999993,269.27821600000004,4.77959172,9.48406164,1.2940976,1
3540,559.36,32.285349599999996,102.82327160000001,4.8967516,10.334777759999998,1.34794108,0
3541,154.36,41.3089764,243.77653999999995,2.859657879999999,9.416594240000002,1.2957772399999998,0
3542,180.48,27.0447028,128.48508,5.339802120000001,7.802939272,1.27758224,0
3543,298.0,27.956378,100.18148115999999,5.68358924,9.541293879999998,1.32816672,0
3544,275.28,17.884352800000002,310.25041600000003,4.51503696,5.270350519999999,1.3321764000000003,0
3545,350.24,32.2159524,47.827717680000006,4.01680392,8.434168080000001,1.3565544399999998,0
3546,27.0,21.949732400000002,255.67397600000004,6.4840750400000005,7.929661680000001,1.3184272800000003,0
3547,339.96,21.5313992,68.36897367999998,4.151935239999999,4.88389928,1.2824578,0
3548,379.52,37.4760652,312.73394,3.921817199999999,10.152160599999997,1.362043,1
3549,432.52,31.575888799999994,275.01635600000003,3.62359848,7.578965039999998,1.31909828,1
3550,14.36,27.752342400000003,216.3804516,3.221445079999999,5.121061640000001,1.3270491199999999,0
3551,206.48,27.3156032,246.67126399999998,3.69995864,6.731642320000001,1.3427344000000003,0
3552,222.64,32.7035904,300.29044400000004,3.7663875200000003,8.123597519999999,1.33159472,1
3553,141.88,33.789089999999995,296.35632400000003,4.51821352,9.944647960000001,1.2929557600000001,0
3554,76.2,22.629349199999997,173.24040000000002,5.145375640000001,6.2682456,1.1761392400000001,0
3555,70.64,29.9688892,233.31808400000003,4.77644464,8.544359600000002,1.34316564,1
3556,217.2,39.582732400000005,29.1871844,4.111232360000001,11.478134599999999,1.28295132,0
3557,345.4,35.4361128,290.551108,3.6446559599999997,8.910339519999999,1.28639784,1
3558,209.52,31.136619199999995,278.1968359999999,4.81349552,9.49827428,1.3671649600000004,0
3559,36.36,18.185147199999996,247.17408,4.04845236,3.7240900399999997,1.2846558799999996,0
3560,252.04,33.46521799999999,138.52946,3.83470024,8.529006359999999,1.3037507199999998,1
3561,253.68,35.057131600000005,71.567366,4.0963588799999995,9.71363948,1.3054505999999997,0
3562,379.96,39.8213284,157.79556800000003,3.5242154800000005,10.24185096,1.32968416,1
3563,91.84,25.93778635999999,233.0756240000001,4.45233864,5.948797143999999,1.2992212,0
3564,266.32,24.203736799999998,53.18961079999999,4.06363588,5.662762840000002,1.3084689599999997,1
3565,263.84,37.20716919999999,343.2005200000001,4.25127796,10.742087920000001,1.36779748,1
3566,175.36,38.472808,294.2930119999999,4.92731192,12.93352276,1.3019482399999998,0
3567,630.72,43.730148400000004,75.9335228,4.907393279999999,15.310870400000004,1.3227477600000004,0
3568,79.24,17.606119599999992,55.397394799999994,5.395887879999998,4.659634679999999,1.1160040799999997,0
3569,437.24,32.31187560000001,86.13235416000002,4.878819159999999,9.91258328,1.32824312,1
3570,35.2,18.170926799999997,85.35198759999999,6.470447120000001,5.865097960000001,1.2761662800000002,0
3571,44.56,34.1777004,107.61685200000002,4.47596828,10.02337404,1.0997249599999999,0
3572,177.0,18.097880959999998,195.75017728000003,3.34946912,3.6133451240000003,1.3405516400000002,0
3573,136.32,21.729920279999998,224.55933199999998,3.32603804,4.270108044,1.30579128,1
3574,133.12,11.905309319999999,239.163754,5.585920279999999,2.93233252,1.3058070000000002,0
3575,67.84,34.269758800000005,100.2138564,3.5187604000000006,8.287424280000003,1.0960456,0
3576,457.24,30.96884960000001,266.50325608,3.370807679999999,6.943488399999999,1.3253660000000003,0
3577,360.0,32.34733279999999,200.22076400000003,3.7995951199999998,8.00569696,1.29119628,1
3578,222.08,35.0978016,179.60904399999998,4.344633120000001,10.087541600000002,1.36048452,1
3579,516.36,44.6572852,128.19353479999998,4.26438676,13.78808152,1.32274724,1
3580,279.44,17.39214571999999,165.2442,3.46799736,3.219261939999999,1.3296641600000003,0
3581,165.28,21.597933600000005,187.57200399999994,4.127151080000001,4.841585,1.3144278400000002,0
3582,39.56,27.93250136,247.87169600000004,5.02329952,8.662297992,1.35761552,0
3583,135.96,17.61641868,225.98966400000006,4.149641399999998,3.7624862,1.3024384,1
3584,46.52,14.361191079999996,302.63822799999997,5.07211376,3.24259816,1.2790745599999997,0
3585,449.56,18.412939199999993,89.3229,4.1128806,3.8291109199999998,1.2879778800000004,0
3586,645.52,38.08194199999999,130.34507599999998,4.32906128,11.328059679999999,1.33322304,0
3587,108.2,33.4347636,243.71229599999998,3.96817924,8.738408159999999,1.25889644,0
3588,62.76,17.720664839999998,157.410368,5.9131064,4.641820079719999,1.2830028000000002,0
3589,26.6,18.797740400000006,205.63017600000006,4.51069084,4.2631732,1.2864327199999999,0
3590,94.16,44.73101,284.6936759999999,4.2593533200000016,13.809578599999998,1.3026029200000002,1
3591,108.96,28.538758400000003,81.8983856,5.6451569600000004,9.79619824,1.3364725999999998,0
3592,274.96,40.020323999999995,251.0187920000001,3.7660825600000005,10.75720568,1.3470895999999997,1
3593,12.92,12.244483640000004,232.70115,5.18309584,1.4612029347999995,1.3443342399999998,0
3594,228.52,22.422846400000005,158.79711599999996,5.1726741999999994,6.52939852,1.3056592,0
3595,611.64,34.440611600000004,285.90893912,5.36509076,11.971349320000002,1.3444012799999998,0
3596,374.48,27.591761599999995,88.13164880000001,4.44794008,7.320470759999998,1.2884676000000002,0
3597,311.8,23.626250799999994,76.2641868,5.436605719999999,7.1025398,1.322028,0
3598,353.16,38.824274,81.9162456,4.317352600000001,11.568856319999998,1.30202264,1
3599,299.12,32.491035600000004,153.76160800000002,3.3395637199999992,7.543554800000001,1.3597605999999995,1
3600,58.52,23.241448400000003,146.77931479999998,5.803090159999999,7.439581879999999,1.2926517600000005,0
3601,101.16,24.653543200000005,322.67194800000004,4.17356876,5.951326039999999,1.1124612000000003,0
3602,83.64,28.20007919999999,66.0878368,5.01009044,8.461847639999998,1.277576,0
3603,21.68,24.370141199999992,165.45378,6.95665612,10.06665884,1.106175,0
3604,317.72,27.188107599999995,259.890272,5.78394008,9.90148252,1.31060696,0
3605,182.2,25.770051600000002,329.53526000000005,3.982242799999999,6.09269572,1.21085968,0
3606,292.2,28.675431600000003,276.9136479999999,5.51004472,9.562204800000002,1.3142516,0
3607,135.68,30.866674400000008,335.6430799999999,4.83517012,9.24648956,1.2752505999999997,0
3608,265.64,28.176314000000012,213.76476800000003,4.16731244,6.9523473199999986,1.3147361999999998,1
3609,176.56,12.31605396,156.767394,3.7969656400000007,2.2860348800000008,1.3647302800000003,0
3610,136.16,16.82425984,328.72290399999997,4.70782124,3.4055005062799997,1.25251324,0
3611,200.92,18.675618399999998,170.77333600000003,4.4548654800000005,4.213916639999999,1.3141631999999999,0
3612,274.96,22.6335532,57.611761599999994,4.140324400000001,5.047288424,1.3350469200000001,0
3613,173.56,28.779076800000006,320.58322000000004,5.036031280000002,8.73133332,1.27853448,0
3614,193.56,24.110050399999995,89.66262280000002,5.08326136,6.93948356,1.3210622799999998,0
3615,91.52,35.6988128,103.50742960000001,3.8623125999999997,9.4437222,1.27606924,0
3616,444.08,17.7783624,219.896544,3.8061849600000004,3.4487333199999997,1.2810485999999996,0
3617,185.68,32.64187280000001,273.1471600000001,4.3053596,9.079041999999998,1.3650695600000002,0
3618,327.0,31.914900399999986,100.95316247999996,5.6563044,11.652101680000001,1.3474803999999998,0
3619,219.72,36.1531864,200.58444000000003,3.85747428,9.56887468,1.2984280399999997,0
3620,142.04,15.49235012,197.9311552,3.3568555200000003,2.4151971080000005,1.29543284,0
3621,259.72,39.8101196,162.8787828,4.62000772,13.403047399999998,1.3329373999999998,1
3622,84.52,31.951559599999996,176.10778507999993,4.98598976,7.615547764880001,1.2764540799999997,0
3623,124.68,23.109772800000002,47.367174,4.048855919999999,5.17027516,1.28676336,0
3624,149.96,15.043146960000003,89.113348,3.8775074399999996,2.768055628000001,1.33667916,0
3625,129.28,26.369671199999992,125.09682560000002,3.95159044,6.239026399999999,1.2378733999999998,0
3626,185.32,56.44973999999999,337.444444,3.5485537999999996,16.239600000000006,1.2900698800000001,0
3627,165.44,33.635265999999994,108.12446160000002,4.979277559999999,10.800257040000002,1.3045000800000002,1
3628,122.52,21.598702000000003,235.802604,4.618514559999999,5.117879800000001,1.2861919599999998,0
3629,342.96,17.44250587999999,321.638548,5.371445319999999,4.6230522,1.2867598,0
3630,371.0,32.1612604,315.66260800000003,4.07574348,8.52532188,1.3546157200000002,0
3631,87.08,26.385368,154.3289,3.4511085600000007,5.66889768,1.2445530799999998,0
3632,368.08,24.731927879999997,162.41803999999993,3.5333759600000003,5.375952763999999,1.3126887200000001,0
3633,215.88,25.2415368,357.238504,3.7423285600000002,6.1120906,1.2897995199999999,0
3634,42.24,23.66720668,220.375972,5.498723119999999,7.621882080000001,1.27798492,0
3635,71.88,38.4470288,74.2272012,3.4046542800000004,9.5733758,1.3375259599999998,1
3636,274.64,38.0037644,278.393836,3.5904644800000005,9.70724276,1.3401784,1
3637,86.16,25.261968799999995,133.366196,5.232596599999999,7.517472319999999,1.32914716,0
3638,394.96,32.75499279999999,102.27146015999999,4.35805664,9.316377639999999,1.3657060800000003,0
3639,32.04,9.952874079999999,259.850412,6.67769984,1.9278842522800008,1.27435104,0
3640,282.84,19.0130844,89.113344,4.926244279999999,4.786851240000001,1.2900284,0
3641,301.16,26.519160000000003,183.01717200000007,5.178581679999999,8.314096759999998,1.3033083200000002,1
3642,130.76,36.032396000000006,182.274392,5.129063359999999,12.283829120000002,1.3156184800000004,1
3643,616.32,47.0131952,109.14360159999997,2.887034479999999,11.34881568,1.3598754400000004,1
3644,249.8,27.656048799999994,202.02664000000001,6.964407560000001,12.084142199999999,1.36215244,0
3645,118.24,25.96567039999999,151.0711,4.23946688,6.40755744,1.296818,0
3646,94.76,31.210287599999994,81.6356588,5.45611384,11.3543758,1.21387752,0
3647,194.6,25.463319199999997,344.162584,6.395499,9.65277916,1.27978592,0
3648,310.84,26.529746400000004,59.94951719999999,3.31198192,5.558493119999998,1.2864594800000004,1
3649,225.88,20.287247479999998,177.818578,5.64617476,5.7536470799999995,1.3595728399999998,0
3650,81.28,42.95176160000001,281.63124799999997,4.418104840000001,13.563460800000003,1.3093834800000002,0
3651,441.56,31.0488484,200.57332399999999,6.417368039999999,13.344313959999997,1.3320757999999997,0
3652,94.08,25.1264004,203.62272023999998,5.0580047200000005,5.81392556,1.2583800399999998,0
3653,214.32,38.09845800000001,180.353468,3.67726984,9.909019679999998,1.36014088,1
3654,105.68,15.439555599999998,157.898842,3.4451655600000004,2.2230267080000004,1.29843732,0
3655,43.24,29.827446,148.69095600000003,4.356492839999999,8.09341128,1.3057811999999995,0
3656,216.12,38.8549428,194.11070399999997,3.5547259599999994,9.941943160000001,1.3602297999999997,1
3657,202.44,32.357532,223.05838799999998,3.548579840000001,7.673823,1.28488616,0
3658,191.36,30.239342,315.52108000000004,5.205290799999999,9.83409776,1.2973293999999997,0
3659,179.8,30.480636799999992,241.58465600000002,4.23698244,8.14056036,1.3597070000000002,1
3660,173.08,20.461711599999997,112.00960159999998,6.187515040000001,6.260099359999999,1.2400934399999999,0
3661,50.68,35.770934800000006,178.81381999999996,4.901484559999999,11.629686920000001,1.18276608,1
3662,250.6,35.908439200000004,83.94106800000002,3.6296811600000005,9.08492232,1.3355763600000001,0
3663,143.52,41.16859400000001,322.591144,3.5532981599999993,10.71252092,1.2915202399999999,1
3664,190.04,27.089221079999994,74.7994552,2.8441394000000004,5.265421004,1.3026542,0
3665,359.84,22.710740520000005,252.77786799999998,3.3936754000000002,4.983362319999999,1.2894597600000004,0
3666,398.88,35.26131920000001,173.04260799999997,4.42574184,10.467824720000001,1.3297062,1
3667,120.28,21.184366,89.27573360000001,3.3351252400000004,3.878484044,1.310198,0
3668,80.44,13.17081524,166.448404,6.523689520000001,3.7714047600000002,1.29055652,0
3669,82.96,27.8775332,139.15425799999997,3.998178600000001,6.835934560000001,1.3137561199999999,0
3670,289.56,32.36419,135.13658,5.18274512,10.66990088,1.2933742000000001,0
3671,285.64,23.5812508,134.17560799999998,4.126552960000001,5.499207239999999,1.3596952800000002,0
3672,556.48,32.2791,62.65540999999999,6.5454336,13.784138800000003,1.3267211999999997,0
3673,445.92,31.1380856,287.955576,4.1931062,8.215802,1.3657873999999999,0
3674,113.16,33.640881199999995,97.13241048,4.669687639999999,10.20256568,1.2879394799999997,0
3675,211.04,22.268920279999996,38.236147200000005,3.9270888399999997,4.935580239999999,1.3637823599999999,1
3676,445.08,24.8981544,102.38596120000003,4.5961362800000005,6.516339439999999,1.33152704,0
3677,76.04,29.2376852,108.4318384,3.359797720000001,6.385170560000001,1.28845504,0
3678,194.24,24.264294,162.56696399999998,4.610213599999999,6.3728053199999986,1.3072282000000002,0
3679,303.44,27.427298800000006,267.058384,7.243835880000001,12.964527,1.31117348,0
3680,550.0,35.770996399999994,294.586392,5.5334993599999995,13.16760188,1.3621706000000002,0
3681,288.2,29.715513599999998,247.90402800000004,3.940772320000001,7.389666040000001,1.3046466800000003,1
3682,87.36,33.57002039999999,282.136004,4.11828376,9.096045839999999,1.3027144399999997,1
3683,213.72,40.24594,231.99656800000005,4.44866824,12.43452772,1.27589228,1
3684,44.8,20.48499376,174.53615840000003,6.19012968,5.912262789200001,1.33379332,0
3685,99.88,39.15557080000001,247.25177999999997,4.400070319999999,11.879088800000002,1.29634384,0
3686,127.84,18.2834532,155.74303200000003,3.58018596,3.31929864,1.3099508800000002,0
3687,248.52,42.42706479999999,148.89777600000005,3.0254260400000006,10.084070120000002,1.30041752,1
3688,419.04,28.176856399999988,280.9184920000001,3.707842999999999,6.31397192,1.2877318400000002,0
3689,432.4,27.750822000000003,309.85542288,5.8364727599999995,9.74795124,1.31907764,0
3690,249.24,26.370377600000005,293.363468,4.20721088,6.53127816,1.2985045199999998,0
3691,421.48,19.795749999999995,99.55949559999999,5.0928920799999995,5.160300760000001,1.29499876,0
3692,442.2,27.854584799999987,252.01523599999996,4.68711048,7.857825319999997,1.3195398,1
3693,190.2,19.979982959999994,175.94771880000005,3.38673108,3.7307356040000004,1.2803035600000001,0
3694,253.04,25.303708279999995,249.74966400000005,4.00073544,5.650534200000001,1.3038767999999998,1
3695,239.92,31.2043668,40.117152,3.9042130000000004,7.8762401599999965,1.2916623999999999,0
3696,165.4,27.053158800000006,206.63310800000002,4.630395,7.5509666000000015,1.30791024,0
3697,298.08,21.734715999999995,268.1664,5.193632879999999,6.05208072,1.3051844400000001,0
3698,375.52,30.3885972,114.27466199999999,3.1704043999999993,6.622915239999998,1.3193149199999998,1
3699,75.68,21.625551599999998,227.379584,3.71947748,4.515204799999999,1.24038132,0
3700,34.56,30.9755132,143.341788,4.83228196,9.352487680000001,1.1125599199999998,0
3701,113.28,27.68955799999999,265.35257600000006,6.287012320000001,10.62363344,1.2885748400000003,0
3702,44.4,24.5479344,256.94198000000006,5.2138282,7.662084000000001,1.28318672,0
3703,141.2,31.678788799999992,237.40642400000004,4.3302538,8.74469896,1.2928011600000002,0
3704,58.88,36.401896400000005,254.94944399999997,3.42424136,8.81027604,1.3098539200000001,0
3705,481.84,36.326474,275.4972304,5.7081862,14.06503112,1.3244353600000003,0
3706,161.2,35.4688508,94.1571432,3.0475523999999994,7.961591439999999,1.36093968,0
3707,359.56,54.711534399999984,345.82074,3.4520682000000007,15.3319776,1.31008376,0
3708,481.36,43.2278704,157.0032,3.2565135600000015,10.81535288,1.3680526,0
3709,36.64,12.639430159999996,198.73740000000006,4.15013248,2.2449186960000005,1.1067466000000001,0
3710,221.28,21.841116279999998,268.0421912,5.45984364,5.15389190492,1.3086452799999997,0
3711,65.6,17.583816799999997,207.77263239999996,5.79452808,3.8244312382799994,1.3368200799999999,0
3712,194.56,28.4213292,255.10026968,3.3088782000000005,6.165383799999998,1.3338621999999998,1
3713,65.72,36.745756,108.34300720000002,4.7411264,8.407209635999997,1.3029123600000003,1
3714,611.04,29.246038799999994,250.87299599999992,5.40049076,9.6602468,1.3555909999999998,0
3715,173.48,31.0821528,108.1669264,3.3325337999999998,7.020199,1.3174824799999998,1
3716,137.0,25.9607732,155.85060399999998,5.0577298399999995,7.480617039999999,1.2927714799999999,0
3717,211.84,36.0733024,161.622128,2.907746119999999,7.932400199999997,1.29975368,1
3718,336.6,38.9897232,85.8047184,3.91472888,10.815067239999998,1.3038069199999998,1
3719,126.52,28.247535200000005,113.99820719999998,5.92298888,10.10142476,1.3644424000000002,0
3720,195.08,28.92867,112.2638428,5.23167072,9.122757999999997,1.3546311999999998,0
3721,193.0,47.211652,304.52835200000004,2.8959826000000004,11.321512799999999,1.3167201200000003,0
3722,143.8,28.46688639999999,115.27473199999999,4.66976732,8.008652840000002,1.34649644,0
3723,391.24,28.364664399999995,291.784448,3.5077113999999994,6.351069080000001,1.3173401599999999,1
3724,128.72,38.7939692,242.2047560000001,4.40208744,11.75961568,1.2941697200000002,1
3725,30.12,28.8373868,28.862506399999994,5.046826,8.04669852,1.12905072,0
3726,96.88,22.9994092,39.9759124,4.225411319999999,5.31279508,1.2751969999999997,0
3727,335.84,37.158761999999996,193.83294799999996,5.577509839999999,13.9840284,1.30920692,0
3728,234.6,30.2897108,302.01587,4.8142192800000005,8.87613390672,1.3381587999999995,1
3729,363.72,22.049835999999996,284.017672,3.5168498800000005,4.536899400000001,1.31104456,0
3730,527.16,21.679685879999997,277.49380800000006,4.5528972,5.592002539999999,1.36397628,0
3731,384.2,28.844178280000005,266.6731,3.4281181599999995,6.450669831999997,1.36971724,1
3732,113.28,29.715440800000007,322.20522000000005,4.2291039999999995,8.345387359999998,1.3551926399999998,0
3733,176.8,29.073843080000003,236.57876,5.08533796,7.88233516,1.3030088000000004,0
3734,48.0,21.65415039999999,197.4637028,4.7252092,5.113525,1.3197752799999998,0
3735,26.68,29.6267868,146.389116,3.74563888,7.055269559999999,1.30656812,0
3736,62.88,20.641498000000002,191.4539484,6.2123183200000005,6.953425704,1.3613578000000002,0
3737,57.4,26.551004799999998,226.19508000000002,5.353472040000001,8.485231400000002,1.24793328,0
3738,344.64,41.69333159999999,246.38780400000007,3.529849520000001,10.925159839999997,1.3637606,1
3739,64.68,28.651242399999997,194.29227600000002,4.82454244,8.219031919999999,1.152987,0
3740,216.32,39.71218639999999,88.75067680000001,3.4801762400000005,9.89300208,1.30381472,1
3741,265.24,24.293922000000002,117.452964,5.487184119999999,7.359574439999999,1.3084908400000002,0
3742,133.08,22.792206000000007,283.83950799999997,3.312766,5.240249760000001,1.29971464,1
3743,280.16,33.2375508,144.20056184000003,4.14557768,8.998697159999999,1.3076562399999998,1
3744,542.76,29.438717199999992,95.76294183999995,4.15604696,7.640076599999998,1.37052848,0
3745,496.44,35.257172,176.76182400000005,2.9980802399999993,7.77102832,1.34283936,0
3746,476.28,30.105734,181.88874400000003,3.5336918799999997,6.457359319999999,1.31840244,1
3747,196.16,35.315421199999996,146.64214216000002,4.91120176,11.311637039999999,1.312886,0
3748,705.68,40.64309599999999,285.363944,4.334662080000001,12.328666559999997,1.3395132400000003,0
3749,175.64,33.4534348,120.6859704,5.150667160000001,11.15491176,1.33702176,0
3750,515.84,39.202869599999985,301.0615399999999,4.222515,11.467905079999998,1.3576711600000002,1
3751,66.92,17.296008399999995,149.05572400000003,4.3162145999999995,3.481317884,1.2876211999999998,0
3752,228.8,26.519329599999992,213.66618000000003,3.96193444,6.3011546,1.33903752,1
3753,102.96,17.7763392,215.05501199999995,4.6947226,3.9497256400000005,1.2860472800000002,0
3754,197.16,28.437314799999996,136.787068,3.9111602,6.91458864,1.3193045600000002,0
3755,124.28,25.404865200000003,67.55518519999998,4.8792534,7.243174839999999,1.34048564,0
3756,381.56,26.5337636,210.40779200000006,3.2288361999999995,5.43430536,1.36092048,0
3757,108.68,24.224175879999997,254.88749559999997,3.3439612400000005,4.976629523999999,1.27800292,0
3758,167.96,29.107074799999996,307.358612,4.80178416,8.524322679999997,1.3559450799999997,1
3759,128.0,37.786052399999996,155.75920480000002,3.172800679999999,8.56935844,1.26001172,1
3760,29.0,43.90077199999999,219.769872,3.88310084,12.5246148,1.2725129599999998,0
3761,178.04,37.42785,257.92401599999994,4.795456360000001,12.116833520000002,1.3144769600000001,1
3762,89.4,24.041081200000008,54.17202559999999,3.9739386799999994,5.52219432,1.10763516,0
3763,557.2,25.432395199999995,131.95648920000002,5.985138879999999,9.171268760000002,1.34182356,0
3764,272.84,36.08628000000001,91.3969584,4.28859044,10.2280026,1.3358499999999998,1
3765,182.28,26.931872000000002,139.60555599999995,3.55961456,5.973417039999999,1.27831716,0
3766,335.88,37.39587120000001,319.506356,3.4893656000000006,9.370616720000001,1.3338640000000002,1
3767,38.76,26.0990336,203.84053199999994,4.868701159999999,7.6369762,1.1614007599999996,0
3768,137.12,35.694996,131.205504,4.6698185599999995,11.03916444,1.3136596799999998,0
3769,298.92,23.313057599999997,260.54500800000005,4.99076512,6.3102313599999995,1.3098974399999996,0
3770,338.28,27.489202799999994,48.330988399999995,4.614452760000001,7.516654560000001,1.33203472,0
3771,167.44,36.04132919999999,128.02765599999998,3.4826244,8.822897160000002,1.35267704,1
3772,467.96,32.53939919999999,257.70567600000004,6.41122336,13.7401264,1.3337129200000002,0
3773,179.4,24.927626800000006,144.00001999999998,3.84160992,5.62222268,1.1107368399999997,0
3774,27.8,25.356294559999995,267.60635543999996,5.08509232,7.1808196311599986,1.30148552,0
3775,7.24,24.61757012,194.10895168000002,4.41510892,4.934434466,1.3559184400000002,0
3776,226.24,33.846024799999995,256.15736,5.99395536,12.025637119999999,1.31471596,0
3777,133.84,33.275898,126.34310160000003,3.83540672,8.456650520000002,1.3305598799999998,0
3778,129.52,27.467804800000003,188.091008,4.24479904,6.991082480000001,1.3022777200000002,0
3779,298.4,16.814219999999995,50.163754,6.194121280000001,4.778103120000001,1.3299390400000002,0
3780,169.76,24.88850439999999,171.67608,3.94750204,5.74930332,1.34947268,0
3781,667.84,41.5855248,28.85668155999999,3.8711692799999997,11.5447352,1.32324544,0
3782,35.12,11.173670359999996,300.01385199999993,5.903491960000001,3.29279318012,1.2792620399999999,0
3783,306.04,15.51085736,167.195388,6.4219683199999995,4.537688496,1.2865476399999998,0
3784,540.84,39.0003544,256.20772400000004,3.3513352800000002,9.611565559999997,1.3161749599999997,0
3785,48.24,25.793542399999993,154.99185224,4.40343744,6.10657732,1.2761342,0
3786,161.2,19.740743479999995,327.66688560000006,5.254869599999999,5.244844280000001,1.20874036,0
3787,229.64,27.086484799999994,228.16087440000004,5.970847959999999,9.66755108,1.3582335199999997,0
3788,131.84,29.0210916,199.14448800000002,4.92141204,8.41822908,1.2902284400000001,0
3789,232.24,12.04633308,169.937398,5.785986879999999,1.6114466081999999,1.27979996,0
3790,275.96,32.25579200000001,284.101512,2.974708600000001,6.803400320000001,1.29784008,0
3791,154.0,30.595972799999995,42.2657808,3.60589932,7.167229760000001,1.3371044,0
3792,255.0,31.3271564,122.2871696,5.201951359999999,10.23832624,1.36686792,0
3793,452.64,17.6861804,224.735092,3.44942408,3.210407,1.3025891599999997,0
3794,130.64,31.606062399999992,274.04670799999997,4.1783319599999995,8.43769888,1.2540792000000003,0
3795,622.6,32.31489519999999,184.60987599999996,6.246148759999999,13.215018359999998,1.3369062799999998,0
3796,262.84,22.3148964,168.29751848,7.240651239999998,4.573294011079999,1.3029134,0
3797,217.8,29.650870399999988,66.1099508,4.47567732,8.187572959999997,1.3387514399999998,0
3798,229.24,18.57546891999999,198.0709672,5.72578512,5.21434628,1.2918498400000002,0
3799,81.12,16.705777079999997,79.03259640000002,3.72708688,3.0991782279999995,1.3473313999999998,0
3800,472.64,33.9467692,231.687264,3.26443972,7.74190116,1.3104850399999999,0
3801,321.04,37.7853072,203.301844,3.1477665600000004,8.793579719999999,1.36354256,0
3802,266.64,27.1728424,224.91850799999997,3.5863950800000004,6.086657959999999,1.3042088800000002,1
3803,191.92,31.44935704,176.790956,4.26339292,6.817370008040002,1.3035996,1
3804,187.96,14.076569119999998,260.32949599999995,6.486114,3.7696758560000005,1.3641956800000004,0
3805,496.6,41.0002512,103.42464760000001,4.67301284,13.412265600000001,1.3305846,0
3806,382.44,36.63762639999999,206.889928,3.936456119999999,10.076709399999999,1.31882012,1
3807,44.48,27.917268,329.40151719999994,5.9045013200000005,10.1647092,1.2527305600000005,0
3808,42.28,25.31702359999999,181.40730000000002,5.562490200000001,8.025082119999999,1.1704014399999998,0
3809,270.32,28.6933036,274.37062399999996,3.029215,5.926367,1.3026344,1
3810,128.36,34.27382240000001,318.093836,3.24443816,7.858171559999999,1.3065971600000004,1
3811,112.4,33.447858399999994,172.89011199999996,4.131643640000001,8.98829476,1.2482082399999999,0
3812,166.48,35.17603999999999,250.17060800000007,3.79693252,9.223670400000001,1.2961748799999997,1
3813,147.2,25.726578920000005,261.325996,5.6516828,7.282281072200001,1.29779368,0
3814,297.64,27.915036800000003,99.56160216,4.41943976,7.49660976,1.3055786,0
3815,240.48,30.91540160000001,110.32741839999998,3.1006186399999995,6.586164159999998,1.3652720800000002,1
3816,92.28,28.295322400000003,236.392952,7.010123600000002,12.387239719999995,1.15028544,0
3817,145.32,28.975415199999997,107.86364559999998,4.621644599999999,8.1025284,1.3466019200000003,0
3818,36.0,16.89490796,299.633956,3.74405512,3.0299259166000003,1.2920199599999997,0
3819,13.68,35.93624679999999,122.74234080000002,5.73866548,13.741786680000002,1.2280054,0
3820,456.24,26.71690628,241.76480800000002,2.8968517199999995,4.92869656,1.3182674399999996,0
3821,226.04,27.247949199999997,154.9788208,6.350189799999999,11.20798588,1.3346771999999996,0
3822,670.6,35.9277296,254.49576800000006,3.4731508000000004,8.800495160000002,1.3649882799999997,0
3823,146.92,23.092088799999996,205.77746799999997,3.8554432000000003,5.034480800000001,1.32033716,1
3824,192.8,28.700313199999997,261.65759199999997,5.052661960000001,8.745794720000001,1.3085076399999997,0
3825,449.92,14.187257599999995,225.4122,4.04767516,2.783944352,1.2872339999999998,0
3826,228.84,38.7442896,311.350324,3.2771309600000005,9.4009096,1.1382892400000002,0
3827,321.76,37.177857599999996,343.80399200000016,6.462505959999999,16.7376128,1.362506,0
3828,28.2,52.233660400000005,187.05571599999996,3.948925959999999,15.935761200000004,1.2744207600000002,1
3829,235.96,32.2673808,223.822872,4.26727452,8.875341119999998,1.3383059599999998,0
3830,149.84,28.01646639999999,158.8381,4.46332364,7.518890039999998,1.3113751999999996,1
3831,76.64,34.13600879999999,278.936172,4.12068184,9.209531360000001,1.29678268,0
3832,191.16,14.4043304,164.537398,10.019420799999999,2.0632821997600006,1.26795444,0
3833,21.64,11.149875640000003,208.62404800000002,8.033080680000001,3.7031635112000005,1.1993437999999998,0
3834,162.12,31.043310800000008,124.627628,5.965598199999999,11.70625096,1.3167115999999999,0
3835,589.0,35.48187360000001,182.20548,3.42437844,8.444422639999997,1.3389353599999998,1
3836,33.92,47.1432496,172.854372,4.187686960000001,14.466770680000002,1.2824295999999997,0
3837,439.28,34.31323719999999,281.48019200000005,3.8683916000000007,8.921633759999999,1.3382369999999997,0
3838,221.6,40.3061964,166.20485200000002,3.7137936000000003,10.86317596,1.3056712400000001,1
3839,156.16,27.590627880000003,163.240588,3.4783408,6.146022759999998,1.3085774000000001,0
3840,238.08,38.90952,50.75655384000001,4.200600159999999,11.359836759999999,1.3311076400000001,1
3841,199.24,36.61558560000001,248.89288399999998,3.777384600000001,9.574907880000001,1.3123526,1
3842,194.96,27.1784492,209.53160399999996,6.674972879999999,11.08824932,1.1474505200000003,0
3843,135.84,29.433060400000002,313.515896,4.016838600000001,7.361080919999999,1.3378006399999998,0
3844,164.48,34.188956,37.6419044,4.203903159999999,9.43825056,1.35854092,1
3845,461.6,26.5927316,250.12335360000006,2.9037097199999993,5.25764364,1.3188205199999998,1
3846,38.24,22.61941468,82.01292600000001,4.3480951999999995,5.32331,1.3234929599999998,0
3847,152.76,21.80536679999999,160.213608,6.440252200000001,6.850637081159999,1.322029,1
3848,8.48,23.450943599999995,133.19779200000002,5.05888088,6.89899048,1.2844020799999998,0
3849,556.2,42.55967919999999,308.42871999999994,4.5644541599999995,13.77227688,1.31572356,0
3850,42.2,33.19052452,231.24868376000006,3.507430439999999,7.365714279999999,1.2890165199999999,0
3851,101.44,33.944923200000005,105.8057784,3.44453112,8.242579428,1.31450764,1
3852,91.16,26.5746352,74.0509648,3.61808576,5.90692836,1.34583576,0
3853,254.2,24.0332132,83.7319568,6.217650959999999,8.59049852,1.3394304,0
3854,398.2,42.2350692,126.35401999999998,4.58159252,13.6491788,1.3339949200000003,1
3855,26.2,28.236309200000004,190.8668368,4.29035396,2.89114792748,1.3138028800000001,0
3856,10.4,14.813446679999995,242.26260599999998,4.501839199999999,2.23733875856,1.2825447599999997,0
3857,235.32,28.408428000000004,251.08812799999998,3.364867719999999,6.092824000000002,1.3090381599999998,0
3858,374.0,23.747839600000002,162.68507456,5.324783359999999,7.068762080000002,1.3260984400000004,0
3859,49.48,26.035209480000002,106.092304,4.56703572,6.954701399999999,1.259746,0
3860,36.48,24.67137772,191.41355439999998,2.9348162399999995,4.43932976,1.3420954400000003,0
3861,273.04,28.05155452,316.42909784000005,4.76213916,7.971529440000001,1.312759,0
3862,261.0,36.72709040000001,106.10734760000001,4.9573734,12.008898799999999,1.3468885999999998,0
3863,125.48,31.91106959999999,32.2535016,4.6863133999999995,9.4742796,1.2889456399999997,0
3864,282.92,31.358918399999997,232.50450976,4.36199844,8.521259999999998,1.2897232000000003,1
3865,113.36,15.936397479999998,166.604254,4.0295112799999995,2.83294339884,1.29963196,0
3866,216.52,28.31179999999999,258.817572,4.937184920000002,8.387078160000002,1.36047936,0
3867,78.16,22.951403119999995,159.62803200000002,5.04865072,6.776907656000001,1.3130267199999996,1
3868,426.0,36.066686,176.72867199999996,6.3115530799999995,15.817843759999995,1.32946448,0
3869,401.16,40.376116,163.3546568,5.8271708,16.7683018,1.3155056000000003,0
3870,63.84,38.79547292,236.68451199999996,5.43693644,13.402521199999999,1.2948614,0
3871,26.72,29.67794,113.7457208,3.9573545999999995,7.31655344,1.27093832,0
3872,64.2,24.876348000000004,54.8456856,4.88933528,6.941099920000003,1.3407148800000002,0
3873,227.24,37.43996,303.14274,4.2954284000000005,10.9384318,1.30934664,1
3874,115.84,20.107912399999996,41.5663596,4.86809764,5.036871039999999,1.10136424,0
3875,204.08,39.7181452,202.77722448,3.271688679999999,9.813638000000001,1.3313109199999997,1
3876,73.88,26.1419364,71.18572480000002,5.890923919999999,9.1692346,1.28573252,0
3877,482.56,47.91060840000002,176.437544,4.6526224,16.500662400000003,1.31118384,1
3878,218.92,15.767092280000004,94.925546,4.61681668,4.239980483999999,1.3384984800000002,0
3879,395.32,25.367983199999994,186.31735600000007,4.574139240000001,6.692677759999999,1.27968572,0
3880,83.52,16.835932,192.42404800000003,3.85467124,3.228868476,1.29836204,0
3881,400.16,33.1731244,229.46988000000005,3.939121,8.683267880000002,1.31823788,1
3882,390.24,37.1581912,72.24985199999998,3.94069312,10.09710016,1.3692877599999997,0
3883,376.92,40.271585200000004,133.46975247999998,4.20338332,11.837957359999997,1.3124283200000002,1
3884,85.48,36.536638520000004,131.85604279999998,5.86171008,13.454541564719998,1.31477264,0
3885,78.68,17.77265496,219.934788,3.72960372,3.43139766928,1.3545201200000003,0
3886,68.44,18.973727599999997,309.249188,3.6166663999999993,3.63059484,1.3541802400000003,0
3887,338.12,35.64660159999999,57.34506319999998,3.47075304,8.674762000000001,1.36240184,1
3888,460.16,36.2616904,177.10811599999997,4.01019552,9.860832440000001,1.31875728,0
3889,172.08,28.310681199999998,246.11894696,4.78119064,8.123983079999999,1.32059944,1
3890,173.0,21.351523999999994,96.0741116,6.4072082,7.48819076,1.334821,0
3891,102.44,45.988571199999996,140.31371199999998,3.1315605200000003,11.1871846,1.2960747199999998,1
3892,232.0,30.636598799999998,148.86997999999997,5.36985632,10.216221760000002,1.2993354000000001,0
3893,42.4,29.3610712,318.10190399999993,3.75438784,6.99975804,1.1389588800000001,0
3894,267.04,28.632234000000004,177.10948648,3.4114553599999997,6.40420292,1.30026468,1
3895,147.44,28.379584000000005,229.50137999999998,4.841338160000001,8.265438520000002,1.30879508,0
3896,139.28,28.981995199999986,81.67555999999999,4.240392920000001,7.618937280000001,1.2801795599999999,1
3897,61.32,27.884468799999993,68.021568,3.2789719199999996,5.905518160000001,1.3608973200000003,0
3898,314.48,31.5656548,274.2370749199999,4.355075760000001,8.904556920000001,1.3668529200000004,1
3899,39.28,28.386223200000003,200.41447999999997,4.954353800000001,8.60888148,1.1997593599999998,1
3900,71.68,27.550367200000004,228.12971599999997,4.035044040000001,6.750866400000001,1.3065436800000003,0
3901,230.92,32.940248000000004,34.50607712,5.03780156,10.497472,1.3043828,0
3902,686.96,20.559538399999997,70.39267079999999,6.3334310799999995,7.10471892,1.3601851600000001,0
3903,245.04,29.984229999999997,80.86216,3.57521956,6.989951839999999,1.3077334000000003,1
3904,350.72,35.84917960000001,271.79531199999997,5.404034480000002,12.862249199999999,1.3658476399999997,0
3905,217.2,19.643480399999994,243.82831999999996,3.9138673200000005,3.8629152399999986,1.3045202,0
3906,131.8,26.849669999999996,147.95504399999996,5.463136039999999,8.813646720000001,1.3118014800000006,0
3907,199.36,26.51207848,294.8902828,6.7974780799999985,7.3913737824400005,1.2830611999999997,0
3908,88.16,19.281167079999996,156.25274799999997,3.8439819999999996,3.87218296,1.29587004,0
3909,184.84,16.106154919999998,246.783262,5.27833448,4.864456303999999,1.2662613600000001,0
3910,557.76,27.059079319999995,200.59582000000003,4.75403384,8.58959524,1.33366228,0
3911,97.56,25.678060400000007,107.8062436,4.052095920000001,6.269927999999998,1.3402154,1
3912,78.28,38.18701879999999,225.41498000000004,4.105290119999999,10.75253748,1.2951404400000002,1
3913,26.72,23.123754400000003,214.67800248,5.9723524800000005,7.76500712,1.2916377200000002,0
3914,257.36,32.097781600000005,124.706134,3.5480815199999993,7.471788719999999,1.28997136,1
3915,147.2,32.8440776,142.158976,5.440647840000001,11.302188439999995,1.3442328400000003,1
3916,406.28,32.108285200000005,106.04023839999999,3.7537755200000005,7.8811861599999995,1.32803376,1
3917,319.12,24.3686936,269.10534,3.8841384,5.49055744,1.2849611200000002,0
3918,178.36,27.005258400000002,253.967272,4.466994920000001,7.68508012,1.3340163999999999,0
3919,24.12,31.465380799999995,335.6784772,4.010080679999999,8.123416920000004,1.1561438400000004,0
3920,77.2,16.57429216,72.97260680000001,7.3971747599999995,5.11515520688,1.09886184,0
3921,289.16,27.811959599999994,31.25621408,3.65556132,6.39955476,1.30763316,1
3922,240.4,32.00353228,64.18944760000001,5.39401392,9.4972798872,1.2873675199999999,1
3923,223.32,33.428112,272.3414824,3.8528344400000005,8.560893400000001,1.3024980800000003,0
3924,133.48,24.818507199999996,305.08297279999994,4.81027584,7.202807879999999,1.3641056800000002,0
3925,375.16,37.2853456,241.378412,3.4188689199999995,9.215565320000001,1.31453924,1
3926,10.56,10.083361799999999,241.28700000000003,6.0236214,1.2272761474,1.1212650400000002,0
3927,390.96,38.5282924,206.65220799999994,3.6003206,9.912424760000002,1.308825,0
3928,239.88,20.284342279999997,193.49857000000003,5.50499308,2.00336207996,1.2996696,0
3929,572.12,24.7015016,245.532512,5.31418948,7.4680687599999995,1.3671361599999998,0
3930,2.96,13.235814240000003,175.01219999999998,5.9050009999999995,2.647296311599999,1.28993548,0
3931,147.56,21.6445892,250.003956,6.304911959999998,7.755347719999999,1.3595067600000004,0
3932,142.24,23.517398120000006,263.758588,6.598625879999998,8.73384456708,1.32275104,0
3933,639.48,51.8355784,197.66338000000005,4.494383599999999,17.603938,1.3144002400000003,0
3934,275.08,27.4767076,312.4334296,3.3640390799999995,5.908426839999999,1.35195384,1
3935,192.6,30.176247200000002,198.03699999999998,3.482422479999999,7.129379840000001,1.3015625599999998,1
3936,194.76,29.669614799999994,250.56561199999996,3.5218383599999994,6.835956880000001,1.36716776,1
3937,118.88,26.327849999999994,316.3306159999999,4.8791694,7.338726439999999,1.3339068,0
3938,60.8,29.200203039999998,121.65525159999999,6.81013388,11.566760861759999,1.3118114,0
3939,352.08,30.241664799999995,203.60571999999993,3.8835859999999998,7.252197079999999,1.31451388,1
3940,254.0,31.3377516,96.67657967999999,3.09517664,6.6737632,1.3233864400000002,1
3941,475.0,37.441722799999994,167.84375528,5.32472168,13.465089200000001,1.3696947599999998,0
3942,379.52,16.555831480000002,98.97134799999999,6.126584,4.94568104,1.3234711199999998,0
3943,33.48,30.075895999999997,99.12810719999999,3.920271879999999,7.485725679999999,1.228093,0
3944,119.04,42.6132192,251.80025999999998,3.9971824000000002,12.29307172,1.29500048,1
3945,609.56,47.66446,146.564348,3.8388378,13.739537599999998,1.3150386400000003,1
3946,364.16,25.156406800000003,236.09852800000007,4.588162520000001,6.631232280000001,1.3162106399999995,0
3947,124.92,31.7281004,248.45327927999998,5.6928057999999995,11.686134520000003,1.36534224,0
3948,515.84,32.56390879999999,333.025656,4.750186359999999,9.857310080000001,1.3529910800000002,0
3949,326.36,29.0782712,79.0298004,3.7749499600000003,6.9431804800000005,1.3317247600000002,1
3950,210.44,28.291199199999998,241.26554800000005,5.874936520000002,10.3103056,1.1463907599999998,0
3951,332.24,36.21082319999999,275.81454,3.980181479999999,9.82693112,1.3104660399999997,1
3952,408.12,26.0945608,207.41817600000002,6.937302199999998,10.608618080000001,1.31868896,0
3953,221.4,32.4045856,257.519316,3.778583560000001,7.94538456,1.3204539199999998,0
3954,233.92,20.046892399999994,224.26157199999994,4.85319784,4.958178920000001,1.3038978000000003,0
3955,174.6,34.414830800000004,141.10984,3.1104660399999995,7.7695094000000005,1.19968716,1
3956,65.64,31.19154719999999,217.85931336000004,4.32695572,8.531085159999998,1.2760583600000002,0
3957,195.92,15.171590199999995,324.893248,5.2879976,3.62511868044,1.2435044399999997,0
3958,178.68,37.3736456,147.679328,3.2339439599999995,8.890514439999999,1.33199392,0
3959,445.12,35.891678799999994,72.43936919999999,3.67325084,9.109236600000001,1.3692462400000003,0
3960,387.88,24.320119999999996,47.0486744,3.3195152,4.95581624,1.29461844,0
3961,253.88,37.170496799999995,190.28063367999988,2.3975082800000003,7.3895866,1.2916566400000002,1
3962,154.16,33.689787200000005,236.18366000000003,4.303107960000001,9.516157679999997,1.29883204,1
3963,241.4,30.350691999999995,75.7085952,3.66395492,7.17245308,1.2809474400000003,1
3964,22.76,17.037224400000003,96.33541240000001,4.15274728,3.3842056730000007,1.0978435599999998,0
3965,180.64,23.101409200000003,317.7023352,4.86306604,6.34230708,1.33299496,0
3966,99.88,33.3728448,207.05544799999996,3.57779036,7.958714,1.3511639199999999,1
3967,225.4,13.294260719999997,324.127188,4.4816726,2.8272167080000004,1.3138426400000003,0
3968,258.16,34.42051440000001,185.931604,5.201876159999999,11.79513948,1.3135753200000002,1
3969,186.36,9.144121199999999,207.3252,5.62387836,1.857488408,1.34811372,0
3970,556.44,33.642782000000004,57.35381439999999,4.607067600000001,10.030797600000001,1.3705016399999999,0
3971,20.4,33.903624400000005,186.964228,5.316175080000001,11.67303352,1.1833326399999997,1
3972,75.6,12.341864439999997,166.9878,4.68106408,2.9663012159999997,1.31150656,0
3973,220.8,26.256125999999995,264.407248,4.892135119999999,7.388022719999999,1.36763056,0
3974,556.84,29.8305732,112.9474184,3.4998241199999995,6.83867568,1.34949468,0
3975,78.76,21.39837176,107.23560760000002,4.5885438800000005,5.7139451999999995,1.35312624,0
3976,116.32,33.2837224,312.806216,3.61993436,7.943642760000001,1.3200757199999997,0
3977,87.88,34.44897399999999,110.52823040000003,4.096777319999999,9.357640680000001,1.3128393600000001,0
3978,273.96,37.659509199999995,305.02492,4.035642759999998,10.487592240000001,1.2968786399999999,1
3979,117.56,26.3068948,142.46836400000004,4.52037656,6.995924759999999,1.3369241600000001,0
3980,221.52,33.7202164,238.58139999999995,4.9085006799999995,10.553395479999999,1.30874116,1
3981,188.88,29.1514988,64.098848,4.511954159999999,7.998466799999999,1.3483342800000002,0
3982,326.44,23.160430800000004,211.16873056000003,5.2905476799999995,6.268275907960001,1.3275603999999999,1
3983,147.68,41.24520160000001,300.19245012000005,3.3420454800000003,10.169895839999999,1.2786263200000003,0
3984,45.84,30.567830400000002,318.7305799999999,4.82997344,9.191221679999998,1.1314978399999998,0
3985,179.76,14.518431199999998,161.723556,4.97227724,2.5402643200000004,1.34411924,0
3986,209.4,39.7152132,208.582344,3.8041517199999997,10.73526496,1.2770068,0
3987,41.6,16.953119440000002,95.63624519999999,5.101424199999999,4.037191684,1.2817987599999998,0
3988,183.6,19.47381,275.95289920000005,3.6480854799999998,3.8332956399999993,1.3659957600000001,0
3989,85.6,17.756445199999995,149.04716400000004,5.27753228,4.711074040000001,1.30730612,0
3990,190.56,17.696333319999994,105.36813760000003,5.441978000000001,4.498188599999999,1.3266369200000003,0
3991,247.44,35.5028676,285.77485728,4.15729304,9.86797284,1.34235232,1
3992,101.32,40.263972399999986,217.39127199999996,3.67806476,10.70561444,1.3513638399999999,1
3993,25.32,44.905167600000006,315.181936,2.8788486400000006,10.562321840000003,1.30961176,0
3994,43.96,20.76521468,147.314548,8.02692324,1.27760601552,1.26211928,0
3995,84.44,26.8317348,127.51364800000002,5.677803719999999,9.02761108,1.2938307999999998,0
3996,231.56,44.950314000000006,227.91258399999998,2.64832272,10.125874519999998,1.2963870799999997,0
3997,111.0,21.606957199999997,277.46131599999995,5.33686716,6.186460759999999,1.2915264399999997,0
3998,579.2,22.433730000000004,199.625476,5.623314720000001,6.83298924,1.32125212,0
3999,304.12,21.8043272,172.52057599999998,5.401308160000001,6.521979319999998,1.3188705200000002,0
4000,254.28,38.2322804,201.31335600000006,3.9862305999999994,10.579010120000003,1.3001538000000001,1
4001,48.6,36.72904639999999,26.4259376,4.511258000000001,11.096451400000001,1.2922713200000002,0
4002,195.4,26.206894000000005,74.5233328,3.93302612,6.13589232,1.3011762399999998,1
4003,530.92,50.14819279999999,145.69252400000002,3.2838637200000007,13.147680760000004,1.36528776,1
4004,163.28,26.41165828,179.78201600000003,3.24440812,5.433489719999999,1.18224372,0
4005,373.28,26.530825999999998,240.86039008,6.21895012,9.83765672,1.3177626800000002,0
4006,260.44,30.58850679999999,263.318776,5.622690160000002,10.813642999999999,1.2845043600000003,0
4007,529.72,25.862215199999994,205.71053600000008,3.9782771199999996,6.044876319999999,1.32241428,0
4008,302.12,25.318263639999994,222.48631600000007,5.461245120000001,6.638995484,1.2816483599999997,0
4009,243.6,15.779451439999997,281.74001760000004,3.813811640000001,2.743673786,1.1812887200000004,0
4010,101.56,27.5240936,278.44117600000004,6.06297408,9.780153320000002,1.3169954799999999,0
4011,264.88,31.157169600000003,96.0050264,3.449065,7.156399520000001,1.28437184,1
4012,291.24,26.747414400000007,136.811852,4.46931132,6.872542919999998,1.28881432,0
4013,196.36,45.75871439999999,202.27520399999997,3.0231035200000003,11.1392892,1.29621488,1
4014,125.0,32.2648856,231.39059600000002,4.00974252,8.391699,1.32215656,1
4015,460.64,20.95373628,292.100552,6.280739120000001,7.145013079999999,1.3475414000000006,0
4016,43.64,22.8657352,217.9905452,2.96737152,4.261891119999999,1.34428232,0
4017,208.64,18.4897436,291.272812,5.363497720000001,5.0480864,1.3134541199999998,0
4018,34.44,18.850663479999994,210.528412,5.749855080000001,4.927786994480001,1.3044364399999997,0
4019,127.0,19.0290388,272.13375999999994,4.874473879999999,3.982698916,1.3005634000000001,0
4020,617.56,30.202363200000004,127.07419200000002,4.767420959999999,8.92201776,1.3249479199999998,0
4021,180.56,34.89782640000001,308.26475600000003,2.7827004399999997,7.3428132,1.3264871599999999,0
4022,203.56,39.49532920000001,77.20207564,3.4798305199999997,9.313621800000002,1.30237976,1
4023,84.2,26.182805999999992,154.649784,5.16367936,7.57089832,1.285876,0
4024,142.08,13.999272959999995,154.5618,4.51228988,2.65369504,1.33574912,0
4025,241.4,20.05939988,34.901116,3.86928524,4.179890235999999,1.3649415999999999,0
4026,118.64,22.231923600000002,267.95272,6.179763079999999,8.162926880000002,1.34492144,0
4027,415.2,31.292728399999998,52.689883199999976,3.4321109599999993,7.153108039999999,1.2845080399999997,0
4028,26.48,14.014086800000003,272.038212,5.8495160399999975,3.2780824400000004,1.34898844,0
4029,144.56,36.1975744,224.63802399999994,3.81450952,9.4277268,1.27434256,0
4030,40.68,27.905721199999988,63.41081839999999,4.61427476,7.73293528,1.3080641599999998,0
4031,480.0,34.2949844,257.87868799999995,4.45897676,9.930105679999999,1.359668,1
4032,275.68,33.43692080000001,329.5081716800001,3.5560186799999998,8.219849439999999,1.3677852399999997,1
4033,252.16,25.952317199999996,116.18857968,3.5059419200000006,5.55749896,1.3318088000000001,0
4034,162.72,31.93377159999999,33.57229687999999,5.11758292,10.424639439999998,1.2631118,0
4035,59.96,15.858081480000003,179.67205799999996,5.349097039999999,3.48366398,1.3287498,0
4036,181.8,31.376298,83.69185239999999,4.1017296000000005,8.22151828,1.2134745999999998,0
4037,217.32,29.159269600000002,178.35878799999998,3.8555622799999996,7.019348000000001,1.3365108399999999,0
4038,29.44,17.470452239999997,224.02635600000002,4.69816976,4.1899889117599995,1.32677284,0
4039,136.48,27.122377599999997,112.35450000000003,6.138400560000001,10.061742279999999,1.3371876799999998,0
4040,144.96,24.8072084,67.97922799999998,5.511489719999999,7.74218788,1.1550008,0
4041,242.92,31.59579639999999,110.6479128,3.8707430799999996,7.941782839999999,1.29187104,0
4042,142.44,23.063837200000002,165.99062879999997,4.649941039999999,6.500337120000001,1.326893,0
4043,270.68,35.0761928,133.12735199999997,3.060642159999999,7.870487,1.30449596,1
4044,531.64,32.928527599999995,273.63653600000004,3.2773921999999995,7.55813284,1.32212748,1
4045,198.6,29.2503088,114.4835912,6.27166024,9.42002068,1.2796622000000002,1
4046,223.68,32.2280184,309.535052,5.678908920000001,11.52104976,1.2970164799999997,0
4047,253.24,24.496147599999993,140.3959288,4.147847280000001,6.4858100799999985,1.36587536,1
4048,311.16,34.783806399999996,324.291568,3.6156320000000006,8.594320559999998,1.2776369599999997,0
4049,639.8,29.263505999999992,265.969784,4.578900239999999,8.237578199999998,1.3667416399999996,0
4050,149.72,24.872193599999996,95.4492696,3.7799683600000002,5.61194364,1.336641,0
4051,22.92,25.876182479999997,177.20572920000004,5.648847799999999,5.100635736599998,1.3431855199999998,0
4052,362.76,19.138850119999997,263.285584,4.3804362,4.042310232,1.3134258,0
4053,49.68,31.122686,309.211232,3.9661404800000004,7.842905079999998,1.2714884000000002,0
4054,151.32,28.435990680000003,227.59218000000004,3.5620572,6.4175682,1.3060736,1
4055,300.24,31.074884000000008,252.56539039999998,5.6897214400000005,10.69123128,1.2915551200000002,0
4056,448.92,27.287633200000002,50.3697188,5.63126188,9.169324240000002,1.3331758799999998,0
4057,272.84,21.231607599999997,90.56144280000001,4.482041599999999,5.04124324,1.220858,0
4058,620.32,30.863642799999983,249.48544799999988,5.54975636,10.725908680000002,1.3558748399999998,0
4059,88.76,24.133692960000005,132.33993880000003,3.5476742000000008,4.640477192919999,1.2832046,0
4060,52.6,21.127370959999997,193.23823639999998,4.5444828,4.874935723999999,1.3423322399999997,0
4061,184.44,24.1878688,105.06524800000001,4.12168212,5.686780479999999,1.2753861599999998,0
4062,260.28,22.076638239999994,266.71032799999995,5.914637039999999,5.4937370985200005,1.3339666799999998,0
4063,72.4,32.31967720000001,225.79476800000003,4.881004439999999,10.117034160000001,1.29499516,0
4064,132.6,24.084186799999998,334.96252400000003,4.289394959999999,5.6364987599999985,1.3442080800000002,0
4065,461.68,42.11108079999999,49.984431599999986,3.62060204,11.22375592,1.3268409999999997,0
4066,282.44,31.842774400000007,301.99061568,2.9617853599999995,6.74228016,1.3691322,0
4067,367.44,38.273624800000015,172.33790800000003,3.89912812,10.37484232,1.28100788,1
4068,384.96,27.711261199999996,327.59542488000005,3.7378217199999995,6.35079404,1.3268892799999998,0
4069,237.2,21.8543196,187.45524800000004,3.8696446399999997,4.760717199999999,1.1819936,0
4070,112.16,18.099768960000002,50.6618516,3.9752743600000002,3.9328794520000008,1.3177484000000004,0
4071,684.76,42.02194520000001,293.1568004,3.2377516799999997,10.385678,1.3439581200000001,0
4072,102.76,20.45709507999999,200.20363880000005,4.116625079999999,4.643201948000001,1.2285295999999999,0
4073,14.88,27.754977200000003,44.79174000000001,3.93772828,6.8310086000000005,1.2684938399999999,0
4074,113.48,41.78045119999999,264.06703799999997,5.55348972,17.744110200000005,1.2956753600000002,0
4075,403.92,33.33640119999998,64.86716399999999,3.4584202399999997,7.8890336,1.34346652,0
4076,98.12,27.576286000000003,251.13755200000003,3.07866612,5.735124696000001,1.2983089199999998,0
4077,259.84,28.857425199999998,96.03750728000001,4.48368084,7.9503232000000015,1.3377834800000001,0
4078,214.48,21.722362920000002,173.0007,5.4763779999999995,5.950439680000001,1.3010186799999999,0
4079,360.04,35.0459144,269.82989200000003,3.51031072,8.585305439999999,1.3252714799999998,0
4080,640.6,22.670389200000002,302.047084,4.754803320000001,5.838494359999999,1.3531263199999999,0
4081,353.08,15.241376039999993,173.53739800000002,7.416736439999999,4.5962573757200005,1.28287964,0
4082,331.88,35.19758799999999,193.30889199999993,5.90611956,13.94060704,1.31118184,0
4083,508.84,45.957915599999986,118.32880479999999,4.92579312,17.33180548,1.3566763199999996,0
4084,201.72,26.3479772,164.96366399999997,3.9363471599999995,6.204588279999999,1.2795948800000003,0
4085,292.72,19.218015999999995,221.359804,5.695105679999999,5.898808679999999,1.30061644,0
4086,147.24,21.246430039999996,217.11685999999997,6.043032479999999,5.698441999679999,1.3260096000000001,0
4087,190.36,27.319941999999998,74.75010239999999,3.75778232,6.456327360000001,1.2858908400000002,0
4088,58.88,33.677538,84.13544999999998,3.9700125600000002,8.80901476,1.2882975599999997,0
4089,198.0,31.29560439999999,91.8099936,4.173156600000001,8.29400336,1.3040481599999998,1
4090,169.48,27.884792399999995,41.196836080000004,4.85475844,8.3289224,1.2952940000000002,0
4091,77.64,23.50354296,164.053606,3.4228129999999997,4.853833563999999,1.3473010799999998,0
4092,371.6,37.5216588,220.89502000000005,3.3378323199999995,9.11335172,1.31463784,1
4093,127.8,33.0278868,248.1613600000001,5.23547624,10.633404239999999,1.3382303599999998,1
4094,255.92,21.704805479999994,247.06949680000005,5.5915935999999995,6.366416439999998,1.3073895999999998,0
4095,78.76,36.730991200000005,279.834764,3.2670244400000006,8.643554920000001,1.27458644,0
4096,42.0,21.24176320000001,349.9208960000001,6.007323719999999,6.8579478400000005,1.29253876,0
4097,96.0,24.785422399999998,113.49599879999998,5.30214744,7.4520859999999995,1.33935652,0
4098,273.52,14.76182048,271.19174799999996,4.50486048,2.6919202716400004,1.3079442000000003,0
4099,496.04,35.347117199999985,241.83369199999999,3.98596192,9.511970559999998,1.3205516,1
4100,70.56,27.066866799999993,70.33561559999998,4.59556316,7.1714510800000015,1.3321643999999997,0
4101,118.16,37.17085064,254.898196,5.694630399999999,12.33998790576,1.3086451200000002,0
4102,319.4,29.644593999999998,338.49149239999997,4.8894515599999995,8.944257440000003,1.30194428,0
4103,87.76,12.68013956,171.175952,6.44469888,3.8477938719999996,1.3057990000000002,0
4104,387.48,18.04521412,56.1568548,3.76860132,3.6800943679999993,1.2939211599999998,0
4105,272.88,22.052928799999997,344.464136,4.8837509599999995,5.88399724,1.2772284000000003,0
4106,126.12,40.14043959999999,209.48594,3.0861202000000003,9.59230612,1.3069236400000002,1
4107,219.96,27.101362799999993,83.98886639999999,3.455256279999999,5.8969415199999995,1.28835676,0
4108,155.28,36.06682799999999,288.5980440000001,4.42039544,10.636054519999998,1.30792848,0
4109,240.52,30.038858640000008,143.16315799999998,3.3037919999999996,6.681743285960001,1.31030516,0
4110,303.4,38.1545612,113.34925679999998,3.590305240000001,9.86454136,1.3115035200000003,0
4111,313.24,30.151999999999994,111.5092456,3.6058066800000006,7.0191874,1.32414692,1
4112,385.56,30.222846399999995,224.61160896,3.2423598799999995,6.549455319999998,1.3644840000000003,0
4113,409.8,34.2854196,165.70404,4.646790880000001,10.3435392,1.2852937199999999,0
4114,341.08,33.28558760000001,57.39607008,3.8261761999999986,8.505673439999999,1.2966759199999998,1
4115,71.68,20.251186399999995,332.74469200000004,5.07962988,5.33793896,1.29084368,0
4116,195.2,25.1191832,88.54528016000002,4.4829509199999995,6.519783199999998,1.2820632,0
4117,458.4,34.54722479999999,223.01548399999996,3.97245948,9.224148640000003,1.3223104,1
4118,70.36,21.468162399999997,312.54091600000004,5.081763399999999,5.8348176,1.3373234399999998,0
4119,400.6,27.813761999999997,119.9599228,3.1503281999999997,5.671967800000001,1.36911528,0
4120,223.24,46.464100399999985,20.610105200000003,4.37994412,14.879477199999998,1.36479656,0
4121,148.72,27.22455679999999,163.41505999999995,3.7861353599999994,6.307508520000002,1.2387430000000001,0
4122,59.48,30.2878888,171.424844,3.5876481199999986,7.219817599999999,1.27645272,1
4123,12.28,25.272168280000002,222.449388,4.858410039999999,6.963265003999998,1.28355824,0
4124,210.08,24.179046000000003,44.95977919999999,5.438310919999999,7.420038239999998,1.3362068,0
4125,265.16,32.59653,117.85233200000002,3.8700670799999988,8.369489399999999,1.2723057599999998,1
4126,128.12,41.9323676,125.1487136,4.10242416,12.08887872,1.35203432,1
4127,112.4,24.71008720000001,329.443258,6.94087712,9.45856296,1.3028274400000002,0
4128,279.32,28.117477199999993,103.5200992,4.1070785600000015,7.278550919999999,1.3077359600000003,1
4129,497.0,21.562947879999996,257.41900400000003,3.3661215600000007,4.226695980000001,1.32095148,0
4130,338.32,38.8241292,314.26097999999996,3.4644768,9.743961320000002,1.33387516,1
4131,73.72,30.289705199999986,83.84917319999998,4.580271400000001,8.60949352,1.30759424,1
4132,372.88,32.544396400000004,123.6169272,3.7715384400000005,8.174788640000001,1.3418341999999999,1
4133,290.48,24.557147599999997,294.29112399999997,4.22708772,6.105275400000002,1.2869389599999999,0
4134,364.08,36.605842,91.81924159999998,3.776902120000001,9.571882320000004,1.32928076,1
4135,463.08,23.6949892,55.40696839999999,3.9039944399999995,5.26216012,1.28650164,0
4136,92.72,24.020455600000005,324.33772400000004,4.00274584,5.580643159999998,1.1140528000000003,0
4137,138.16,13.963193440000003,109.82205400000001,5.0632786,3.223020568000001,1.2747148400000001,0
4138,140.4,15.798012440000004,74.91795399999997,4.99121836,3.7472102399999994,1.27557592,0
4139,160.44,25.082008000000005,223.38998,6.76004452,10.119800480000002,1.2353862800000002,0
4140,314.64,24.876252800000003,312.926824,3.758409279999999,5.622211840000001,1.30655312,1
4141,151.04,26.427480799999998,77.54315016000001,3.10522536,5.35905128,1.3170559599999998,0
4142,319.64,27.5497048,91.253042,5.529738160000001,9.248475919999999,1.3228858399999999,0
4143,36.0,17.391780400000005,212.3999952,5.4468098,4.4441510399999995,1.36320412,0
4144,13.36,26.327485480000004,258.99659199999996,5.44288644,6.96696949644,1.29714952,0
4145,198.4,25.0754644,280.5753119999999,4.627833159999999,6.68590712,1.3119250399999998,1
4146,168.64,32.5794676,221.374956,3.5217457200000006,7.767324759999999,1.11321116,0
4147,433.72,35.31892759999999,108.99834160000002,4.577364879999999,10.646035079999999,1.3247776,0
4148,103.04,29.857542399999996,302.4130400000001,5.743706239999999,10.7434592,1.1487302,0
4149,327.64,31.880914799999992,126.30763064000004,3.36868396,7.248433960000001,1.29648096,0
4150,57.2,20.20867708,53.2606464,4.010431,4.17592884,1.16813972,0
4151,88.32,27.77936999999999,299.367228,4.289941680000001,7.1919506,1.3451571999999998,0
4152,225.12,22.70623,272.78630400000003,4.000470600000001,5.020449880000001,1.30921144,0
4153,622.68,34.2403588,292.13633288,3.7557602800000005,8.653600759999998,1.34490216,0
4154,886.72,44.6282004,269.589564,4.017452560000001,13.1596948,1.3196991999999996,0
4155,110.28,36.196901200000006,85.91275368000002,4.61970784,11.178758720000001,1.2879717999999998,0
4156,139.36,25.179788800000004,150.57050399999997,4.06590376,6.020915680000001,1.28444748,0
4157,129.56,28.826669199999987,264.925712,3.65482596,6.66856828,1.3407943600000005,0
4158,278.72,26.7102916,303.85296,4.23449424,6.7021906,1.2944144,1
4159,512.04,28.009480000000003,304.80495119999995,5.899929840000001,10.0682346,1.36956004,0
4160,434.84,30.184445999999994,77.27332168,3.25406016,6.64195096,1.3369667599999997,0
4161,65.6,20.21222372,85.02924159999999,5.936807319999999,6.145806719999999,1.2838348000000002,0
4162,281.92,39.042722,154.839516,4.7871964,12.535106480000001,1.30143144,1
4163,16.48,39.2793028,111.6616952,4.33802436,11.300466479999997,1.26530456,1
4164,240.16,36.4087068,212.43147199999996,2.8265431999999997,7.823495839999997,1.3231081999999998,1
4165,90.44,30.14464,308.30069480000003,4.32684692,8.30585316,1.3507975599999997,1
4166,61.48,20.666549079999996,135.57881200000003,5.820281,6.948990479999999,1.32777624,0
4167,158.4,18.398950679999995,93.70435599999999,3.67816596,3.545923124,1.31937396,0
4168,296.44,52.425012800000005,273.608392,3.0521137999999994,13.371008,1.2976496,1
4169,149.4,31.754279199999992,49.41019759999999,4.4737196400000006,8.946723199999997,1.3518794800000002,1
4170,250.64,23.64083548000001,264.28184400000004,6.3626119999999995,8.73608896,1.3323326800000002,0
4171,282.48,31.723389199999996,311.48958999999996,4.007270279999999,8.81373712,1.3012553199999999,1
4172,214.36,31.7695084,50.9658972,4.7449420799999995,9.483365079999999,1.1051087999999998,0
4173,128.56,27.8831948,128.55706048000002,4.819854240000001,7.944000840000001,1.2731749599999997,0
4174,95.64,30.32137159999999,310.6540589599999,6.22781676,11.997238560000003,1.3648794800000001,0
4175,243.8,33.42892239999999,170.73408399999997,4.80531188,10.31197396,1.3033186399999999,1
4176,124.56,16.214225200000005,107.02830800000001,4.97056172,3.749656280000001,1.34872892,0
4177,43.08,31.604328799999998,223.46777999999998,4.569927839999999,8.98790044,1.29179344,1
4178,252.52,37.97126359999999,217.26396799999998,4.542683960000001,11.745691880000003,1.3608392799999998,1
4179,183.32,29.546895600000006,120.5845132,5.989493159999999,11.298362520000003,1.3309866,0
4180,433.36,31.455584400000006,305.63761999999997,3.23259104,6.975827519999999,1.36837724,0
4181,322.04,29.416933599999997,279.38919999999996,3.46278036,6.64299656,1.28592504,0
4182,20.92,30.281387999999996,222.51895599999997,3.55071296,6.951721600000001,1.19894456,0
4183,216.96,34.489614399999994,315.03356800000006,3.3381853599999998,8.07150676,1.3573125199999996,0
4184,18.32,21.507155999999995,93.6082968,5.537496999999999,6.584536509039999,1.3068268400000003,0
4185,125.52,26.378455600000002,307.56160559999995,5.346056119999999,8.234614880000002,1.33588364,1
4186,48.08,27.895006399999996,143.79950399999998,5.22935208,8.79756332,1.26831292,0
4187,349.8,35.5963844,322.83296800000005,4.570897560000001,10.744229880000002,1.299543,0
4188,380.6,33.876231600000004,262.822732,3.4916772799999993,8.113273840000002,1.3127590800000002,1
4189,7.44,15.05208988,188.146944,4.23099512,2.4368804120000003,1.2402349999999998,0
4190,330.32,24.321980000000003,103.30186640000002,6.52999744,9.2241976,1.3293728800000002,0
4191,258.16,26.8595792,192.2983,3.44335756,5.79330868,1.3301071999999998,1
4192,171.84,27.41015559999999,123.47329199999996,4.3105430799999995,7.123628000000001,1.3226423999999997,0
4193,392.84,36.422549200000006,270.586044,4.4857739599999995,10.85985284,1.314052,0
4194,60.48,27.648688000000007,156.56315200000003,4.18140936,6.799499640000001,1.24923788,0
4195,181.4,19.08058668,246.47084799999996,4.28429384,4.14631484,1.3056725999999998,0
4196,143.6,27.447266799999994,88.070328,5.712509600000001,9.929891360000003,1.1426746399999999,0
4197,424.6,33.29592039999999,219.86263999999994,3.24393272,7.5525326800000006,1.30093976,0
4198,167.32,35.9163148,173.5396468,3.3943975600000003,8.988334320000002,1.2849387999999997,1
4199,136.0,24.5977292,289.066636,3.9130948400000007,5.6218786,1.3669552399999998,1
4200,645.96,42.0362736,252.23067200000008,3.51395668,10.946755879999998,1.3167909600000005,1
4201,110.12,30.658168,97.60957760000001,5.23638512,9.95137472,1.1361743600000003,0
4202,470.88,35.95330199999999,127.80611199999997,4.13915788,10.03980592,1.3099401599999998,0
4203,58.0,26.268862280000004,290.47893120000003,4.856096399999999,7.5129380800000005,1.28766564,1
4204,226.08,37.92801000000001,273.04548,3.8839725999999994,10.3398178,1.36208316,1
4205,21.92,36.6892816,184.78499200000002,4.8065954799999995,12.728930919999998,1.27358568,0
4206,391.28,22.453655199999993,137.321256,3.706572640000001,4.74720392,1.3125627199999998,0
4207,643.44,18.4150488,70.44676360000003,4.450000479999999,4.0073969599999995,1.3499737200000002,0
4208,22.44,30.971529439999998,317.17715599999997,4.411822,7.206012382759999,1.3406131599999997,0
4209,279.52,21.028436799999998,121.53633599999998,5.0020212399999995,5.57056024,1.2907074799999998,0
4210,217.52,18.445322400000006,249.72089599999993,4.83588576,4.433473640000001,1.3390154799999998,0
4211,67.72,37.6093736,132.0414888,3.32987312,8.46192512,1.3035246,1
4212,133.6,25.756202000000002,124.61965199999999,5.593800399999999,8.517373720000002,1.3650404799999998,0
4213,62.0,11.17145692,166.98780000000002,4.31065288,2.8389761488,1.3061125199999999,0
4214,185.12,20.918656800000004,243.49534,5.323853400000001,5.6211348800000005,1.31365164,0
4215,179.4,24.260626,227.087128,4.01471192,5.61103084,1.2920697199999998,0
4216,130.48,20.77724732,254.05635600000002,5.96021944,5.734655034999999,1.1192428,0
4217,87.56,31.894524,233.36228400000005,3.3907594000000008,7.30372248,1.3576047199999999,1
4218,180.08,34.781145599999995,204.02345999999994,4.233528799999999,9.712849119999998,1.2792808,1
4219,597.84,28.978171200000002,203.58074096,4.920127199999999,8.704597999999999,1.35019984,0
4220,104.28,24.200270799999995,300.6933839999999,4.3722744,6.070953080000002,1.35554,0
4221,145.04,18.26535212,263.6891760000001,4.010571039999999,3.774113496,1.33683496,0
4222,380.76,30.8339148,194.51338400000003,4.250917,7.676860199999998,1.3277026799999998,0
4223,153.04,41.99025040000001,190.79196,4.665853439999999,15.040962759999998,1.2792994,0
4224,94.84,27.963824799999994,127.580492,3.5465202799999997,6.2477784,1.23175404,0
4225,96.44,28.6304108,338.060216,3.844014,6.908649840000002,1.2838238000000002,0
4226,530.92,21.704371599999998,275.9393724000001,3.9527951199999993,4.709572640000001,1.32067236,0
4227,64.88,14.413304640000002,169.37183599999997,5.217583480000001,2.4083209809599992,1.28990328,0
4228,78.12,25.4914028,137.59601600000005,4.828371519999999,6.4612842342,1.3064365599999999,0
4229,140.92,32.12723612,71.65464440000001,4.72687512,9.564088079999998,1.3350959999999998,1
4230,117.6,24.535883199999997,317.163736,4.099320960000001,5.78846484,1.2494502800000002,0
4231,411.04,25.789074799999995,194.930064,5.51827492,8.2861092,1.2937420400000001,0
4232,335.6,42.404241199999994,296.63473199999993,3.11056368,10.17500776,1.2989889200000002,0
4233,56.4,25.3808624,180.77955199999997,4.4334622800000005,6.490003560000002,1.2272301600000002,0
4234,238.6,26.009645600000002,100.35676720000004,3.5131073199999996,5.596235919999999,1.3339582800000003,0
4235,461.04,17.09868384,203.064896,3.86676848,2.424052540080001,1.3145163199999998,0
4236,114.68,20.379699199999994,120.91554399999997,6.00895096,6.38363152,1.3149591199999997,0
4237,48.48,23.66167996,165.59554799999998,4.56491424,5.41852268888,1.3433241199999997,0
4238,310.04,17.31608904,201.98163359999998,4.520352,4.42189083492,1.3303097199999998,0
4239,540.88,38.4227616,265.8842200000001,5.691400120000001,15.078287200000002,1.3175311200000002,0
4240,15.8,36.017746800000005,267.8022040000001,4.391924079999999,10.630387680000002,1.2752942800000002,0
4241,218.92,37.8059956,341.81441200000006,3.48784732,9.437271560000001,1.3305509599999998,0
4242,465.36,32.481275600000004,267.67969999999997,3.357589399999999,7.564971960000001,1.31653836,1
4243,550.88,38.41703039999999,323.49021600000003,4.06586188,10.801828,1.3218041999999999,0
4244,372.04,8.801026279999997,218.537398,6.641861200000001,1.50826373612,1.27787616,0
4245,122.28,30.3589728,120.30868719999998,4.199431760000001,8.048734400000003,1.25321712,0
4246,7.04,14.932021319999997,122.72519999999999,4.0160217199999995,3.0853853079999998,1.28476204,0
4247,77.96,25.98442184,297.4853519999999,4.88762196,5.15551832268,1.3565868799999998,0
4248,72.24,25.2759164,182.27929200000003,3.38630704,4.8958598534,1.2352145999999997,0
4249,275.92,25.608665199999997,192.83325200000002,5.756851639999999,10.258565679999998,1.3268503999999999,0
4250,320.08,44.731739200000014,191.024704,3.5480372,12.094656959999998,1.29212864,0
4251,382.6,34.9781908,237.24929743999994,4.063623600000001,9.46064456,1.3285455600000002,0
4252,384.96,30.384627999999978,186.194096,4.983094479999999,9.37810144,1.2941787999999996,0
4253,91.4,20.598491999999997,138.2266392,4.415684280000001,4.48122684,1.2771458,0
4254,104.28,17.444661999999994,78.28665599999998,6.660899200000002,5.91677336,1.30676968,0
4255,268.72,26.737773999999995,206.57598399999992,4.78986268,7.506118479999999,1.34748104,0
4256,85.64,30.798561999999993,79.95117320000003,3.1524305200000002,6.571904200000001,1.2613296799999998,0
4257,203.92,32.568316399999986,295.69578399999995,5.550515320000001,11.657696199999998,1.3604959999999997,1
4258,292.92,29.7429888,300.11267999999995,5.9649928800000005,11.144992119999998,1.2798327200000001,0
4259,310.72,22.7863512,106.26029720000001,4.036740120000001,5.124800840000001,1.30680272,0
4260,251.56,30.58486999999999,197.940604,5.43561336,10.095631520000001,1.28597924,1
4261,200.2,16.263105319999994,201.03109600000005,5.1848022400000024,3.1278550160000003,1.3555448399999996,0
4262,152.08,26.672342,283.4992,4.1875089999999995,6.64871604,1.34689156,0
4263,80.36,23.69041624,191.31471608000004,6.80813808,9.73472545468,1.3396979999999998,0
4264,151.8,17.6907528,284.9031079999999,5.198575119999999,4.461016720000001,1.30387732,0
4265,647.68,52.01580080000001,274.70270944000004,6.063242320000001,24.1312116,1.32181964,0
4266,179.28,30.0511296,288.48189600000006,4.2923599600000015,8.23477608,1.26996772,0
4267,300.84,30.84802359999999,244.07824800000003,3.8616014400000007,7.644667920000001,1.2982204400000001,0
4268,324.96,22.797763599999993,291.05968,5.397001920000001,6.7338197200000005,1.3142882800000002,0
4269,46.48,20.701054,194.97792399999997,4.53078396,4.9186555599999995,1.2955845200000002,0
4270,26.12,31.5417412,151.354886,4.20051852,8.459657839999998,1.30711932,0
4271,382.92,33.0171272,286.36909152,4.01391004,8.826208759999998,1.33072252,1
4272,355.32,30.826041599999993,342.002336,4.70248784,8.97287268,1.2877564,0
4273,169.68,46.8210596,297.65625600000004,4.161143319999999,14.4673068,1.2950697999999996,0
4274,273.8,23.90440748,290.62377999999995,5.712123719999999,7.223453200000002,1.3090977199999998,0
4275,555.0,28.86668639999999,270.823948,6.662919399999997,12.181953040000002,1.3221793199999998,0
4276,331.56,37.63408999999999,299.6465559999999,4.23573472,10.956360679999996,1.2798224400000002,0
4277,212.04,37.163900000000005,349.800944,3.6208508400000006,9.43846712,1.33661496,0
4278,211.08,34.051010399999996,299.33689416,5.27941432,11.6804218,1.29324748,0
4279,638.28,29.704888,150.07212,4.271943159999999,7.867589839999999,1.3412240400000002,0
4280,100.96,23.9858872,204.79879599999995,3.9305235599999997,5.4175334799999995,1.2852503999999998,0
4281,288.76,29.940410399999998,105.790244,4.302356759999999,8.452828520000002,1.3169484799999998,0
4282,218.92,33.7473788,338.19359999999995,4.08060824,9.05788612,1.3183411200000001,0
4283,299.04,31.955203599999994,162.71130399999998,4.41228536,8.966011280000002,1.3104602400000003,0
4284,205.72,13.85561508,143.064596,5.2164502399999995,2.15583393416,1.2750268400000002,0
4285,139.04,24.345392799999996,256.393288,5.313223040000001,7.32550336,1.1512710400000001,0
4286,348.48,25.934890400000004,230.10152800000003,3.4688116000000004,5.530171800000001,1.30528196,0
4287,160.28,23.0303264,216.59409128000004,6.71510856,8.965868160000001,1.31413944,0
4288,247.44,30.8936976,109.8070512,4.808115999999999,8.539074480000002,1.2910718399999999,1
4289,248.76,24.904688,75.61606599999998,3.4176896400000003,5.1314121199999985,1.3116310800000006,0
4290,225.6,40.09902759999999,230.30649999999991,3.3298585999999997,9.91915556,1.2847355999999996,1
4291,315.76,40.671352399999996,115.52602,3.9769309600000002,11.69790432,1.3454108799999998,1
4292,299.4,22.9747588,87.76629559999999,7.0443948400000025,9.463746920000004,1.29395528,0
4293,263.76,27.12387240000001,256.3794688,3.4565479999999997,6.0892252,1.3009532,1
4294,184.92,33.923324399999984,206.73097200000004,3.6739146,8.432028599999999,1.31782708,1
4295,149.04,38.01770559999999,206.694768,4.03361284,10.461113440000002,1.29251856,1
4296,159.44,28.22671439999999,196.09732800000006,3.6097382799999997,6.428490720000001,1.2847996000000002,0
4297,86.32,30.303966400000007,224.97229999999996,4.3472319200000005,8.260090320000002,1.3434122400000001,1
4298,216.48,29.666079999999994,50.05393320000002,5.53113984,10.293484799999998,1.3177665200000002,0
4299,347.92,29.34373039999999,100.403016,3.1492287599999997,6.294698799999999,1.2882141599999997,0
4300,163.0,34.30611479999999,248.05670000000006,3.97841412,9.11422996,1.34058876,0
4301,30.08,36.35040039999999,116.09020864000001,4.0681378000000015,10.153237719999998,1.29445548,1
4302,88.76,19.396329599999998,148.86359199999998,4.600131679999999,4.46488148,1.2854168000000001,0
4303,188.36,33.6909928,200.32983999999993,4.81327836,10.159774399999998,1.27689864,1
4304,344.32,34.2563452,140.31790216,3.6684207999999994,8.535659400000002,1.3686890400000002,1
4305,382.76,30.211355999999988,95.3843804,3.497563360000001,6.92103932,1.3418958799999998,0
4306,406.0,33.348355999999995,193.020848,3.6133617599999996,8.150625519999998,1.3117478,1
4307,74.6,29.918077999999987,181.45775200000003,5.45120504,10.145213519999999,1.31587132,0
4308,103.2,32.516725199999996,133.894892,3.9957705600000004,8.461989599999999,1.31131568,1
4309,195.44,21.045162279999996,128.9343848,5.423330480000001,5.331674799999999,1.35383372,0
4310,234.36,28.501587599999993,251.66122,5.54581692,9.440083600000001,1.28676264,0
4311,139.28,27.777732799999995,187.39752800000002,3.9062514,6.651239959999998,1.2879790799999997,0
4312,67.92,29.8494416,209.00448400000005,4.228177,7.90415252,1.2501816000000001,0
4313,137.4,26.892783599999998,259.99170856000006,3.4204071600000003,5.773355400000002,1.3483384799999998,0
4314,98.6,29.69438319999999,66.56611999999998,3.6594833200000005,6.968535360000001,1.2540373200000001,0
4315,606.8,30.906179599999994,278.55636000000004,5.152071799999999,9.8803822,1.3603424399999997,0
4316,164.68,30.148064279999993,60.484407199999985,4.34544096,8.22084036,1.3396124,0
4317,76.88,31.704509200000007,259.19304475999996,4.0295359600000005,8.576221479999997,1.3186908,1
4318,177.2,22.975835200000002,166.43984599999996,4.7254986400000005,5.998096960000001,1.36442668,0
4319,57.48,27.7665796,177.75766800000005,4.212240960000001,7.175419479999999,1.2770594799999997,0
4320,222.68,21.423454799999995,157.30128800000003,3.97948992,4.705946600000001,1.2802096,0
4321,465.04,37.587445200000005,83.9484128,4.00678968,10.269829039999998,1.32763088,0
4322,589.4,32.34346639999999,301.2217080000001,6.464079240000002,13.666406800000003,1.3426684799999997,0
4323,79.6,33.449649599999994,39.931651200000005,4.759111440000001,10.15371464,1.2615319200000001,1
4324,138.36,35.96304119999999,39.173747399999996,5.3431272000000005,12.763198319999999,1.2625742000000002,0
4325,417.6,26.705827999999997,59.89830279999999,4.973296320000001,7.598413840000001,1.3297093200000003,1
4326,362.88,32.521609999999995,117.6221344,4.10240748,8.763665959999997,1.3005516,0
4327,231.16,30.866150400000002,302.23664600000006,5.9841748400000006,7.64663013232,1.28467964,0
4328,233.24,32.27738480000001,54.937256800000014,3.699912360000001,7.870450880000002,1.32944476,0
4329,192.72,27.70296519999999,272.04862968000003,4.769951599999999,8.09848256,1.36465684,1
4330,361.8,31.704448000000003,188.22642,4.2820414,8.91285704,1.3185500399999999,1
4331,182.48,18.497808839999998,236.42732608000003,4.2761102399999995,3.76223113864,1.28318816,0
4332,63.0,28.330089599999997,213.34514959999996,4.401256200000001,7.957356120000001,1.2797557999999998,0
4333,404.64,35.72949680000001,175.11444000000003,5.20044184,12.595890039999997,1.3128668399999999,0
4334,198.92,29.137411599999997,163.022488,3.8172403999999993,6.949015319999997,1.30434652,1
4335,54.04,19.181329599999994,139.544988,4.24493052,4.1675202800000015,1.2750129600000002,0
4336,58.0,19.615625439999995,129.0807088,4.5272584,3.3008910226799997,1.29664252,0
4337,71.0,32.462815199999994,306.67083999999994,3.3027949999999993,7.271893839999999,1.3348368,0
4338,258.44,32.196272400000005,125.69248800000001,3.5374987200000003,7.5858364,1.2794412000000002,1
4339,562.76,20.597046799999998,162.66464,6.30488968,7.013667119999999,1.33524764,0
4340,150.36,22.715779480000002,246.903672,5.589056920000001,6.637498279999997,1.33969136,0
4341,38.52,17.329867200000002,276.71894,4.7020322,3.9143913600000007,1.2830007999999997,0
4342,738.92,34.385803999999986,231.90117600000002,5.98199208,13.72057696,1.3371550399999999,0
4343,141.16,24.876310799999995,274.433888,5.73898796,8.18460812,1.31161192,0
4344,246.48,25.0913588,137.42206,3.70609956,5.57898004,1.33138168,1
4345,237.08,33.8243616,187.443556,3.1320546799999995,7.663031360000002,1.3021157200000002,0
4346,100.88,27.348450800000002,263.9093439999999,4.304892799999999,7.191679960000001,1.361681,1
4347,259.72,24.759600799999998,170.78851600000002,4.9332017200000005,6.87371604,1.3062040400000001,0
4348,550.8,34.0020724,39.663306799999994,6.5292458799999995,14.949256799999999,1.37045592,0
4349,419.52,33.590928399999996,43.60198319999999,5.50058436,12.036190560000001,1.3263119600000002,0
4350,193.64,31.980685599999994,259.059764,4.3337034800000005,8.85019764,1.3185495999999999,1
4351,275.28,33.488663599999995,258.080564,4.3666475600000005,9.52604952,1.3109976399999996,1
4352,55.24,33.17033680000001,237.056968,3.966522480000001,8.64151436,1.27469812,0
4353,11.68,16.182399359999998,124.7498988,6.945636399999999,3.9356434218,1.0960299999999998,0
4354,140.08,24.200939200000004,310.14794200000006,3.3613164799999997,4.861438880000001,1.2736163999999999,0
4355,72.4,35.110997999999995,141.80840399999997,3.5847371199999998,8.4816498,1.30166196,0
4356,264.12,17.4776576,255.68699399999994,4.699672239999999,4.3492672400000005,1.2772674800000003,0
4357,451.8,37.932893199999995,184.93502800000002,4.919593120000001,12.566924199999999,1.3291,0
4358,313.8,22.524011599999994,171.18205999999998,4.16945436,5.229429399999999,1.2814306,0
4359,304.36,30.260152799999993,115.21339279999997,6.431478440000001,12.505628,1.28461056,0
4360,255.64,19.57272988,247.743,4.802676719999999,4.9828274839999995,1.32933036,0
4361,36.6,20.711034800000007,169.16421200000002,3.2863626000000004,4.389247236,1.27601788,0
4362,103.08,31.7463724,67.95395544000002,4.844423480000001,9.79622644,1.3594518800000004,0
4363,168.24,14.251995119999997,129.02040799999997,4.83608164,3.17073400656,1.30212808,0
4364,247.52,35.600350000000006,56.81052599999999,4.1180895600000005,9.78072808,1.2960946000000002,1
4365,142.48,29.01520852,219.30657200000005,3.3503842400000003,6.380204888000001,1.2531918399999997,0
4366,300.72,26.9833756,114.74596880000003,5.04962776,8.10243136,1.33659852,0
4367,104.0,21.91544628,143.5736428,4.59583176,4.724450429999999,1.2848458799999998,0
4368,194.96,21.706207200000005,95.18493439999999,4.32335864,5.11219732,1.23826196,0
4369,148.88,33.131167999999995,287.39455599999997,3.8956462000000003,8.531854679999999,1.3505460000000002,1
4370,312.72,29.0881216,253.69286,3.01356232,5.927701199999999,1.2840876,1
4371,25.44,26.857588560000003,87.0115736,4.5174562400000005,5.589391883999999,1.20737616,0
4372,117.6,30.326473599999996,131.41987360000002,4.81986884,9.132436160000001,1.2954534800000002,1
4373,129.68,22.298311199999997,288.18651199999994,3.862230840000001,4.75465868,1.27951852,0
4374,79.8,19.771129600000002,100.90048519999999,5.940279919999999,6.21378768,1.29266028,0
4375,107.96,23.1239804,310.908824,4.162257520000001,5.292723079999999,1.3078915999999998,0
4376,100.28,19.99215696,197.3647919999999,4.80791052,5.014209000000001,1.2559378799999998,0
4377,112.64,23.967241999999995,148.961216,3.8745084800000003,5.40694412,1.2574412,0
4378,385.04,32.85299319999999,170.970624,3.6681705199999994,8.04585544,1.3657910399999997,0
4379,299.4,34.2430848,184.62404799999996,5.00969984,11.060645520000001,1.3101273599999999,0
4380,185.6,24.256766799999994,204.50577200000006,3.9880005600000006,5.5717778,1.2775487599999997,0
4381,72.2,26.826496799999994,233.40781599999994,5.0450158,8.1732294,1.2782130799999996,0
4382,269.0,23.77763492,80.13386080000001,4.25007772,5.80244114,1.2905116799999998,1
4383,136.6,42.32055,261.2656416,4.806012880000001,14.196171559999998,1.2895061599999997,1
4384,136.56,35.1842436,106.8415376,5.05283844,11.698517240000001,1.3424216000000002,0
4385,347.64,25.629674800000007,316.2702976000001,5.918785800000002,8.871755640000002,1.3309570800000001,0
4386,74.64,20.95636264,182.61474,5.42331356,5.16161913248,1.1566475200000004,0
4387,125.84,32.87220559999999,34.83548168,4.38049764,9.053474679999999,1.29239976,0
4388,67.96,29.41732120000001,163.84428799999998,3.1168540800000004,6.20656676,1.24915944,0
4389,84.2,15.325262559999997,209.64645199999995,3.7727354799999997,2.7715083200000006,1.29771096,0
4390,297.52,34.455727599999975,288.750472,3.871783680000001,8.9559284,1.2854839200000001,1
4391,167.48,20.964816759999998,191.31515600000003,3.40137024,4.250583676,1.3422550800000002,0
4392,93.48,27.3210256,290.7939640000001,3.3130291599999997,5.76051296,1.26065728,0
4393,688.64,20.161477599999998,278.28270000000003,4.017506640000001,4.268559240000001,1.36732196,0
4394,240.72,17.863472959999996,160.761452,3.2933868399999993,3.9744147959999996,1.3290434,0
4395,143.44,25.6195,191.01514400000008,4.49398016,6.660842679999998,1.3591819200000004,0
4396,216.44,38.1662456,234.00795199999996,4.336206079999999,11.091772,1.29952352,1
4397,97.8,35.52528639999999,96.33602880000001,4.611252319999999,10.816895520000001,1.3119481999999996,1
4398,191.8,20.336414400000002,106.41309199999999,3.7286813999999997,4.13796088,1.2881140400000002,0
4399,51.24,23.068654799999994,62.3427692,3.5909900799999988,4.776526519999999,1.355199,0
4400,500.4,29.54400839999999,32.7694716,4.7856324,8.650053719999999,1.3511999199999998,0
4401,16.16,17.724506799999993,142.906788,5.828027320000001,5.07271952,1.27055348,0
4402,384.68,40.003462000000006,159.695664,2.8361477199999996,8.983196799999998,1.2923302799999998,1
4403,28.92,38.35608680000001,68.02369039999999,3.0500595600000002,9.035186839999998,1.2460547200000003,0
4404,289.08,35.8855488,282.87022399999995,4.34095452,10.459661199999998,1.3104567599999999,0
4405,199.6,17.731430639999996,185.26126399999998,7.396054360000001,6.52299548,1.3159923599999996,0
4406,138.52,32.290194,306.21763704,4.7183268,9.56569896,1.2951372,1
4407,152.96,32.05789360000001,338.57099200000005,4.232810560000001,8.764375720000002,1.3011021999999999,1
4408,204.28,24.015718000000003,148.95888799999994,3.7905308000000004,5.290482879999998,1.33518612,1
4409,458.48,42.45250799999999,200.74876399999997,3.4875076799999993,11.171764880000001,1.3123829599999999,1
4410,114.2,27.409147600000004,262.554428,5.796760879999999,9.91067436,1.2751334,0
4411,319.88,26.045655199999995,334.8181292,4.10031088,6.257143400000001,1.3449053199999996,0
4412,158.68,12.370717760000002,70.19999999999999,7.52153388,1.7889985472799999,1.2916172000000001,0
4413,187.52,22.113100000000003,268.02406,4.223193520000001,5.15610416,1.14839388,0
4414,130.84,21.8723852,103.49864080000002,4.14554776,5.0557323599999995,1.34307944,1
4415,176.28,22.946162000000005,286.74271200000004,4.3049586799999995,5.52601224,1.2939105599999996,0
4416,237.2,36.89739720000001,290.69916799999993,4.872536879999999,12.08627676,1.2979449600000001,0
4417,211.0,18.117810679999995,296.2750959999999,4.415559839999999,3.24243121208,1.35823708,0
4418,166.88,32.214641199999996,260.63398000000007,6.169873879999999,12.743365200000001,1.3405592000000002,0
4419,106.88,15.587931319999997,282.844796,3.6821828799999996,2.7831080399999992,1.2875175599999997,0
4420,331.04,25.6406908,72.50887560000001,7.468574639999999,12.272576840000001,1.3676549199999999,0
4421,74.0,17.906906,153.33583199999998,6.01742732,6.0232597199999995,1.3127564399999998,0
4422,206.6,26.72988988,258.575408,4.25327352,7.013977516,1.31871532,1
4423,413.64,33.57652079999999,138.23152399999995,3.01581496,7.3601491999999995,1.3302854,1
4424,305.4,26.252953199999997,112.42375600000001,4.2788493999999995,6.63459056,1.35132796,0
4425,344.84,35.522451199999985,298.97377199999994,4.70703648,10.993584240000002,1.2932378799999997,0
4426,560.24,35.9075316,105.75526039999998,3.2642322000000004,8.375858,1.3595223599999997,0
4427,94.04,32.5122264,306.99672,6.722952799999999,14.888314760000004,1.2986612,0
4428,280.84,37.8143688,199.51949999999997,4.355885560000001,11.299736839999998,1.30383584,0
4429,159.0,22.246508400000007,142.54804,3.1452747600000004,4.63735632,1.2502464800000002,0
4430,345.76,34.164458399999994,108.69776600000002,3.0947932399999996,7.48548264,1.3410315199999996,0
4431,228.96,25.8647296,114.58706800000002,3.9316497600000004,5.98721908,1.29152704,0
4432,364.48,22.934837199999997,328.3110175999999,4.607598759999999,5.622162040000001,1.2834103999999997,0
4433,480.24,29.76361612,194.95650600000005,2.7834689200000002,5.975632320000001,1.3118238799999997,1
4434,112.12,31.2875916,118.3184924,5.78524128,7.866065215199999,1.30941332,0
4435,191.88,31.048499599999996,50.33240120000001,3.45307708,7.109697520000001,1.33592272,0
4436,232.04,33.5682788,308.39525999999995,4.94954456,10.7746384,1.2803994399999998,1
4437,491.68,32.08176519999999,87.6641288,3.3167690800000003,7.17866864,1.3280569200000003,1
4438,204.72,10.955293999999999,216.737392,6.29837284,2.61408905996,1.3253187199999996,0
4439,176.48,29.434179999999987,215.04042399999994,4.00886716,7.349648359999999,1.30014552,0
4440,223.6,27.700780400000003,190.21927200000002,3.8643028800000003,6.585007679999999,1.2779196800000001,0
4441,639.64,26.6868164,229.61692799999997,4.64908696,7.31863528,1.3675304799999999,0
4442,251.08,11.775930319999997,211.46459,3.4819730399999997,1.7775007440000001,1.3609471199999998,0
4443,180.68,30.263387999999996,181.635136,5.3464556000000005,10.202804160000001,1.33780796,0
4444,103.48,28.550253599999998,330.5901079999999,5.22203592,9.01871688,1.3639958399999998,0
4445,163.68,31.832455999999997,117.6683,4.22805888,8.583496720000001,1.3049724399999996,1
4446,55.88,32.1444888,205.078496,4.627934639999999,9.47609916,1.20252608,0
4447,10.76,12.33024796,210.47280399999997,5.19931808,1.7084769396000001,1.1254124399999998,0
4448,286.24,25.473970000000005,224.68917999999996,3.3838901600000004,5.44945424,1.34758148,1
4449,513.72,44.7779404,124.91749599999999,3.5590687200000004,12.054791999999997,1.3338032000000002,1
4450,107.96,29.023111600000007,117.64207280000002,4.05985368,7.320417320000001,1.26397028,0
4451,151.24,12.61615904,120.38384480000002,6.34176576,2.4368889285999997,1.3044452000000002,0
4452,195.68,30.946885599999984,164.08511600000003,4.108143480000001,7.903322760000001,1.28239024,1
4453,134.48,17.46096092,265.2800872,6.584373080000001,4.154862711200001,1.3627294,0
4454,243.72,28.38812788,129.1736472,5.609330679999999,10.1522364,1.33221788,0
4455,333.56,24.095637599999996,265.70488800000004,3.938829320000001,4.92790360992,1.3174241999999998,0
4456,535.4,33.2302736,56.74656759999999,4.52884368,9.806156199999998,1.3697498799999996,0
4457,301.44,20.415154280000003,97.62924800000002,4.54800984,4.783634232919999,1.35082896,1
4458,225.08,25.577552000000004,239.08764239999996,5.12293136,7.039072799999998,1.3082076800000002,0
4459,86.72,25.564707879999997,132.9752308,6.380640080000001,9.254117199999998,1.3007232399999997,0
4460,103.72,23.508126399999995,332.2647772,5.895594560000001,7.758581239999999,1.3033016400000002,0
4461,283.2,20.224683599999995,303.727496,3.68378132,4.03181948,1.2973022799999998,0
4462,44.68,24.561992,161.26507207999998,3.5527294000000005,4.503106128,1.3082765600000001,0
4463,62.32,30.572336399999994,239.669804,6.094837040000001,11.64727304,1.35741588,1
4464,290.16,29.7075508,117.46166080000003,5.229893120000001,9.596055720000003,1.33226584,0
4465,70.0,29.894881999999992,88.98051464000002,3.616353040000001,6.9614128,1.0973682800000002,0
4466,449.44,22.56538884,162.356668,5.839515640000001,2.1103921183999996,1.31721336,0
4467,489.0,31.925337600000002,272.60115600000006,4.74407528,9.604383799999999,1.32065888,1
4468,17.8,34.4886612,293.74916968,2.903008399999999,7.307687400000001,1.2616952000000001,0
4469,164.44,17.9861792,251.00429599999998,5.11817188,4.62996268,1.3619967599999998,0
4470,197.8,23.15124912,169.54200400000002,3.1899528000000004,4.524454552,1.30309236,0
4471,466.36,29.752487199999997,272.656036,7.155901880000001,14.032423199999998,1.3170484000000002,0
4472,395.4,28.907286000000003,220.27840400000002,4.13945724,7.402071480000001,1.3006114,0
4473,292.96,31.803878,106.21151520000001,5.331903919999999,11.330937120000002,1.30089336,0
4474,255.6,17.75965147999999,310.55156800000003,5.81396608,5.140672919999999,1.33340228,0
4475,174.88,16.840639999999993,223.97956479999993,3.3745482399999998,3.455841600000001,1.33636516,0
4476,33.6,25.99961212,179.34104159999998,2.8079170799999997,5.44056456,1.0972624399999997,0
4477,90.72,20.087274799999992,145.931118,6.059016720000001,6.71088552,1.2608803199999996,0
4478,624.68,28.681662800000005,227.589724,4.18322324,7.3674170000000005,1.36602968,0
4479,123.16,20.225491199999997,272.7620956,5.3009285199999985,5.572400400000001,1.2527920799999999,0
4480,476.72,27.9110828,291.82316800000007,5.208022679999999,8.3449276,1.3208181199999998,0
4481,459.6,24.07359975999999,68.70010999999997,3.342198400000001,5.067771804,1.281535,0
4482,847.28,20.115346279999994,98.05440600000001,3.0540306800000003,3.612948484000001,1.34026772,0
4483,155.8,13.223331319999998,226.67280280000003,4.94172664,2.7423013000000003,1.27631104,0
4484,650.56,47.74930519999999,202.66681600000004,3.9861909600000005,14.270446400000003,1.3150950800000003,0
4485,169.24,34.67878199999999,276.15939248,4.75072236,11.57978836,1.2774548799999996,0
4486,158.76,26.854089600000002,107.22666880000001,3.97631736,6.425155439999998,1.31665356,1
4487,30.4,23.0208404,107.82010400000001,3.48373892,4.68512252,1.2135078400000003,1
4488,372.28,35.7608404,303.9418160000001,4.12102844,9.917401360000001,1.2929196399999996,1
4489,180.44,26.411024399999995,250.00209999999996,4.9551986,7.641046160000001,1.31210468,0
4490,426.56,27.751551999999997,192.51161536,4.011584200000001,6.769548839999999,1.3235478,0
4491,259.52,23.74996052,281.352788,4.5130292800000005,6.273826932,1.30405176,1
4492,209.64,37.110564399999994,213.277244,3.0748464,8.53244124,1.3104366399999998,1
4493,163.32,33.4048488,113.9775368,3.59492376,8.123062800000003,1.3471853600000003,0
4494,201.6,26.653413600000004,304.604304,3.7399110800000006,6.124553120000002,1.3622273999999999,1
4495,205.08,44.94376360000001,25.144407039999997,4.394149880000001,14.185236120000003,1.30741068,1
4496,45.36,15.918967,152.52004399999998,4.070736159999999,3.3563575355200004,1.32296644,0
4497,107.28,23.12349012,269.5737789600001,5.00705124,6.565173319999999,1.2882136,0
4498,160.76,32.2462072,131.743544,3.4363218399999997,7.472474240000002,1.28262852,0
4499,124.32,26.0675804,205.47440799999995,4.70381336,7.140881840000002,1.2966836000000002,1
4500,178.8,27.387126399999993,117.55182,3.28202348,5.811760799999999,1.3176516800000002,1
4501,191.24,42.07624280000001,193.61491600000005,4.35782016,13.082615039999999,1.24975932,0
4502,67.68,29.1820416,138.6209096,7.6341873599999985,5.281187336799999,1.26020132,0
4503,14.08,26.085926760000003,256.97380400000003,4.0768918,4.18417884364,1.33060032,0
4504,226.4,22.383472800000003,187.447716,4.1486452,5.243025440000001,1.28110488,0
4505,105.64,25.5853444,88.24616800000001,4.79822992,7.042630320000001,1.17129448,0
4506,22.96,16.46443948,64.3571916,6.849814119999999,5.607225919999999,1.0976128400000003,0
4507,257.72,34.82918759999999,202.80755999999994,3.7770428800000007,8.956326439999998,1.2802477200000004,1
4508,84.44,28.222245599999997,91.00632800000002,4.789285319999999,8.06665408,1.2946270000000002,0
4509,28.0,19.616845599999998,182.45698919999998,8.114575320000002,1.8795618419200002,1.2947430400000002,0
4510,336.76,29.551108400000004,90.71328720000001,4.217183,7.637132920000002,1.3688333600000002,1
4511,355.36,38.05769840000001,348.32696400000003,5.13970032,13.266620199999998,1.36241964,0
4512,157.44,41.2341964,217.69199831999998,4.15291676,12.0757692,1.2855581600000001,0
4513,226.28,28.4119696,325.2104999999999,4.1838665200000005,7.2367896,1.3509405600000002,1
4514,776.92,25.89324559999999,64.68164840000001,3.8721666399999997,6.022008519999999,1.3213127600000008,0
4515,200.92,40.41738199999999,121.46462320000002,3.78335876,10.934435999999998,1.3310474,1
4516,577.48,20.0747444,49.28760359999999,5.19394196,5.39020392,1.3267163199999998,0
4517,263.44,33.29708892,136.67107199999998,3.34494452,7.501865136,1.3044389599999997,1
4518,33.72,46.026878400000015,260.63611199999997,3.5440103599999997,12.434791000000002,1.2916982799999999,1
4519,40.4,22.302737199999996,94.27549256,4.660693839999999,5.603707919999998,1.26663416,0
4520,192.04,40.741181199999986,235.598372,3.1956413200000005,9.8864406,1.29723856,1
4521,297.4,39.320757199999996,183.72944799999996,4.671327560000001,12.653188119999998,1.34067504,1
4522,240.04,36.91765840000001,318.348456,3.4699064400000004,9.133687,1.3678133200000002,0
4523,383.64,28.1038056,136.06449599999996,4.6708132,7.8646252400000005,1.29683808,0
4524,120.56,29.718180799999995,182.24277999999998,5.15989956,9.55759584,1.1489977599999999,1
4525,177.08,14.948519200000003,253.59239599999998,3.3394023200000005,2.513453472,1.2904311199999998,0
4526,81.76,17.1315196,100.14002,4.955854160000001,4.098150119999999,1.3087774799999996,0
4527,291.0,19.502698799999994,213.599374,5.78911244,5.8948344,1.30079624,0
4528,17.48,13.3106344,126.94498800000001,5.31045424,2.96955240256,1.2720502800000002,0
4529,95.68,43.1183672,184.794476,3.9994240399999996,12.508566120000001,1.3021868799999998,1
4530,128.12,29.54935,305.64631599999996,3.8851875600000016,7.20723912,1.3014478399999998,0
4531,429.28,27.339823199999998,304.2549839999999,3.3591745999999993,5.81666692,1.2864614400000003,0
4532,34.36,10.46887988,329.8991680000001,7.67884068,2.1867551369599996,1.27960112,0
4533,186.32,36.36577439999999,235.43736800000002,3.832534880000001,9.45052164,1.3008631199999998,0
4534,20.28,14.692950679999997,293.61615,5.358465,3.5710299061199993,1.2716186,0
4535,161.68,47.34625880000001,159.043244,3.50397304,13.36852736,1.2957994,1
4536,302.96,23.998095600000006,343.455776,4.504094160000001,6.051773400000001,1.3017909200000002,0
4537,287.48,39.111879200000004,165.99755199999998,3.8924166799999993,10.736986360000001,1.3115539999999999,0
4538,174.08,22.4338272,338.70971600000007,3.8059162000000004,4.787555200000001,1.31311216,0
4539,493.56,50.884950800000006,284.4101560000001,3.64253164,14.465832800000001,1.31046288,0
4540,613.72,36.97568200000001,255.14131999999998,4.3914800399999985,10.963659880000005,1.3215998399999997,1
4541,95.48,27.73318119999999,301.65559248,4.955340279999999,8.188313199999998,1.18729004,0
4542,325.16,29.5749092,118.98601519999998,4.712654239999999,9.009480400000003,1.3194210000000002,1
4543,83.44,29.336144399999995,263.24050464,6.442193720000001,11.982464519999999,1.2859756800000002,0
4544,430.84,37.9566124,185.501744,5.351855319999999,13.831292000000003,1.31234104,1
4545,173.16,28.416098399999992,186.51731320000002,2.7094053999999996,5.357899400000001,1.29921576,0
4546,136.16,28.25140384,102.9446144,3.4007298399999994,6.301720220000001,1.2804953600000002,0
4547,488.12,33.96044119999999,257.5349319999999,3.01201456,7.389768640000002,1.35754348,1
4548,252.56,34.038734000000005,323.910032,5.3639966800000005,11.79659384,1.32027896,0
4549,184.24,34.31577240000001,77.8516672,4.150445399999999,9.428690560000001,1.33476204,0
4550,66.88,29.735161599999998,273.02986400000003,4.36918848,8.00608708,1.3101089200000002,0
4551,202.32,26.904147999999996,109.49564400000001,4.468304600000001,7.14814092,1.3054173199999999,0
4552,160.16,12.763206359999996,140.527196,4.3412722,2.671468976,1.2965539999999998,0
4553,194.76,22.425723319999996,220.192588,5.51142316,6.757538320000001,1.14674596,0
4554,78.72,29.8673132,285.544982,3.8274958000000017,6.821814920000001,1.2498562800000002,0
4555,413.68,16.028766280000003,332.017812,4.713314960000002,3.156826270920001,1.28038236,0
4556,59.28,19.388073759999994,144.85554400000004,6.22501508,6.199642123599999,1.3143073200000002,0
4557,287.48,32.59752308,314.1699919999999,3.2287579600000003,7.382169840000001,1.2882334,1
4558,315.44,28.67224212,105.24614079999998,3.910244119999999,6.35909860944,1.32431688,1
4559,93.28,33.33434759999998,326.24061199999994,3.6552803999999997,8.171765720000002,1.2514119600000002,0
4560,686.28,36.981193600000005,100.0222988,3.99628428,10.098372200000002,1.32543596,0
4561,310.12,34.91185199999999,168.41204000000002,4.115574399999999,9.562388040000002,1.32424284,1
4562,113.2,31.9028292,163.44732399999998,5.52358304,11.204461760000001,1.31232508,1
4563,111.44,14.944567479999995,323.674792,6.283212519999999,4.43252104,1.28791772,0
4564,147.08,29.12518399999999,272.42774,4.662784880000001,8.240278439999999,1.343941,1
4565,111.56,35.8528308,181.424692,3.1087505200000005,8.0312484,1.3131559200000005,0
4566,119.84,22.154239199999996,318.735204,3.498412799999999,4.444519160000001,1.351004,0
4567,80.84,26.4163996,218.71344399999998,3.240776600000001,5.576287479999999,1.2963462,1
4568,187.0,31.5856832,205.72726399999996,3.4598329599999995,7.34160308,1.2920520400000002,0
4569,186.92,35.83352400000001,170.625324,4.396318359999999,10.504340319999999,1.3596274799999997,1
4570,232.84,34.557735199999996,149.31186399999999,4.8538967600000005,11.178558480000001,1.35751692,1
4571,264.04,27.156047600000008,259.399264,3.8857282799999995,6.486321319999999,1.2920104399999999,1
4572,269.88,31.710445999999994,90.15986640000001,4.45792308,8.9929502,1.3072873600000003,0
4573,71.6,16.0369624,155.744988,4.31936192,3.42106268,1.0985484400000003,0
4574,168.08,33.446082,184.05913200000003,5.0169035599999985,10.68834004,1.29831444,0
4575,352.84,23.7078724,170.914672,4.8574863200000005,6.412009319999998,1.2865905599999998,0
4576,261.56,33.745602399999996,299.4369188,4.582361519999999,9.989555840000001,1.33235884,0
4577,159.88,25.6874428,238.43152399999997,6.765788120000001,10.82588376,1.34383792,0
4578,639.84,24.773352000000003,282.777412,3.5527381200000008,5.516860880000001,1.3519408400000004,0
4579,263.88,35.1203772,202.74486399999995,3.7491401199999994,9.04950012,1.3001162800000003,1
4580,58.8,22.971287760000006,283.668332,4.795814199999999,6.029285284000001,1.27569732,0
4581,144.08,22.6032476,138.588464,5.77781292,7.803928399999998,1.3215609199999998,1
4582,253.32,28.443296800000002,194.325964,3.7310071199999997,6.598464600000001,1.2808553599999999,0
4583,212.32,39.9882112,150.31315200000006,4.842396079999999,13.457992759999998,1.3067913199999999,1
4584,326.16,23.432835999999998,296.772632,5.8485022,6.824885276000001,1.3013082799999998,0
4585,395.92,38.6018804,159.59170399999996,4.64408568,12.2214572,1.3654980399999999,0
4586,236.28,35.7749304,160.00527599999998,3.6890194399999996,9.14734668,1.31097172,1
4587,199.8,30.725017200000007,309.4527909600001,6.073101320000001,10.170298440000002,1.28579072,0
4588,205.16,29.23828319999999,174.56227599999994,4.380460680000001,7.86654844,1.2816405999999998,0
4589,241.72,43.589178000000004,192.00873600000003,4.510367680000001,14.053316000000002,1.2703482399999997,0
4590,393.68,39.62168559999999,208.76948000000002,4.314055560000001,11.899899200000002,1.3621923200000001,1
4591,33.8,24.5460972,316.03592,4.303972239999999,5.958591359999999,1.29375408,0
4592,44.24,29.034915199999997,263.35041999999993,5.46126376,9.658989799999999,1.3099813599999999,0
4593,46.36,27.42537159999999,72.22997640000001,4.4544703199999995,7.2709590399999975,1.2891244000000004,0
4594,447.32,33.846029999999985,146.74432000000002,5.0344751599999995,10.9812758,1.3093433999999997,0
4595,40.76,26.767803719999993,114.1607736,3.8837617600000005,6.623143560000001,1.3112927599999997,0
4596,254.8,27.7549468,135.048988,4.70133884,7.828922040000001,1.3286384,0
4597,282.4,28.295687080000004,312.17039600000004,3.78636104,7.154190439999999,1.3515296,1
4598,24.2,24.055821880000003,158.94314215999998,7.414819960000001,2.7811334182400005,1.2679740400000001,0
4599,27.44,26.323029599999998,321.99745024,4.41009204,6.75626484,1.28142996,0
4600,456.16,41.5774148,102.8929508,4.099356879999999,12.137612039999997,1.3300628,1
4601,80.16,9.479331559999999,287.587804,6.043566520000001,3.155522273800001,1.3556281199999998,0
4602,14.8,25.16451892,182.6868432,2.8499150400000004,4.777473720000001,1.27109844,0
4603,160.28,38.2017888,328.887036,3.8594404400000006,10.287365079999999,1.31274644,0
4604,311.32,41.418022799999996,317.88476072,3.3407490800000006,10.35419644,1.2810994,1
4605,238.92,23.887398799999993,335.074752,5.22264892,6.9544760399999985,1.33275596,0
4606,87.92,28.142727199999996,108.71676920000003,3.8177133599999986,6.65995316,1.33824748,0
4607,266.0,34.22119479999999,154.05308000000002,3.4471133199999997,8.1662442,1.30305628,1
4608,294.04,27.56692560000001,123.6434748,3.0125986399999998,5.519108120000001,1.3177033199999997,0
4609,123.64,13.398133519999998,124.6830096,5.499942079999999,3.6512937900800013,1.2876178000000003,0
4610,108.48,21.650330800000003,102.13306879999999,5.092020079999999,5.6993402400000015,1.15758844,0
4611,356.24,28.5528352,212.40925487999996,5.903502520000001,10.25642824,1.3700282400000001,0
4612,90.28,33.9204264,101.14608160000002,3.7242512800000003,8.4542288,1.31201956,1
4613,177.68,25.947621079999994,135.181074,4.73884688,6.984461320000001,1.3187394399999997,0
4614,93.76,26.776476000000002,221.46379199999998,4.12424244,6.5797466,1.2375526,0
4615,104.36,38.018896399999996,205.13749200000007,3.5586603599999993,9.435596199999999,1.2912784400000001,0
4616,698.96,55.627299999999984,148.29024399999992,2.9033742,14.043160400000003,1.3214779600000002,0
4617,155.24,18.5565592,284.689412,6.315354600000001,5.8339114,1.3396683999999999,0
4618,269.68,14.18818928,250.87710399999997,6.365066719999999,3.586784840000001,1.2968921199999999,0
4619,167.6,17.6613512,158.272804,5.6198248400000015,4.4975813239999995,1.31409932,0
4620,263.4,18.574906399999996,77.3647504,3.6072217200000005,3.5046628,1.27265824,0
4621,291.96,21.961394799999994,148.999084,3.4614011600000003,4.443596919999999,1.3055565199999999,0
4622,253.68,21.78563372,253.749608,4.293363759999999,4.928233840000001,1.30417884,1
4623,12.16,31.880031080000002,172.762592,2.943634360000001,7.14084704,1.14693916,0
4624,732.8,32.1597192,316.69803199999996,4.611307919999999,9.46776924,1.31627704,0
4625,298.16,33.687976799999994,226.5852240000001,3.3950932400000005,7.939859359999998,1.30136876,1
4626,362.76,41.191556,300.98859375999996,3.0111570800000003,9.42183488,1.28885516,1
4627,137.92,29.237679999999997,160.47305999999998,3.3016969600000006,6.497275200000001,1.1211216000000002,1
4628,109.96,40.344338400000005,265.68384000000003,2.6587897199999997,8.760144279999999,1.25041548,1
4629,58.88,23.123443199999997,193.47603656000004,6.171790200000003,8.01294632,1.3163262800000002,0
4630,345.44,36.013389999999994,22.948438800000005,3.8518878,9.481361,1.27805564,0
4631,209.44,29.0530224,288.28648400000003,5.75849904,10.223161079999999,1.29402024,0
4632,319.4,33.877487999999985,143.702304,4.68885432,10.270512799999999,1.3319847999999999,1
4633,188.52,29.32159080000001,145.886988,3.6840726,6.883970040000003,1.2997096,1
4634,139.44,31.834331199999994,334.6886760000001,5.498308040000001,11.40436704,1.2235986799999998,0
4635,306.16,31.1460348,278.84437856,3.561926039999999,7.316960760000001,1.30674648,1
4636,506.16,37.225930800000015,192.686408,4.686512919999999,11.7307668,1.33343432,1
4637,19.32,38.29438959999999,50.1007044,3.45077552,9.51101312,1.24560316,0
4638,154.16,25.2560944,93.23805639999999,4.82142836,6.961978840000001,1.30798328,0
4639,320.64,31.987369599999994,244.032652,3.5640261599999996,7.616245800000001,1.3040235999999998,1
4640,107.8,32.76726639999999,99.33068000000002,5.5152554799999995,11.68200872,1.2099238399999996,0
4641,466.08,19.6336,109.54915999999997,5.367746800000001,4.91353872,1.32127884,0
4642,269.48,30.016653199999993,157.018504,4.2141882399999995,7.843849240000003,1.28537148,0
4643,152.88,15.960055359999998,216.262164,7.626537360000003,5.479612937759999,1.3013176,0
4644,92.52,31.9805072,296.26268128,4.493034319999999,9.171944439999999,1.29310224,1
4645,273.48,34.30878280000001,106.7145292,4.26750872,9.751930800000002,1.2835282000000001,0
4646,495.36,36.22446599999999,250.78744399999997,4.34487808,10.560703120000001,1.3211984,1
4647,222.64,34.62441400000001,209.31634784000005,3.8913678800000002,9.585180135999998,1.26113696,0
4648,41.12,11.092710799999999,203.39999999999998,8.237427839999999,1.9424073132000002,1.2731481999999998,0
4649,32.84,13.261609120000001,326.880736,5.90386216,3.3641230728399996,1.3490858799999998,0
4650,298.08,30.131947600000004,75.4806004,4.17690256,7.889767839999999,1.30746816,1
4651,124.04,31.785832399999993,320.13678487999994,4.73834012,9.507558719999999,1.24826432,0
4652,112.12,31.105330399999993,54.93235839999999,4.89654024,9.55666908,1.3010257200000002,1
4653,712.0,35.261172399999985,314.544856,5.0329308799999986,11.672998519999998,1.34025768,0
4654,153.88,35.970158399999995,176.42702983999996,3.8800467600000004,9.62822368,1.3670120799999994,0
4655,68.8,33.6095652,291.50340400000005,4.49035232,10.16932692,1.2952360399999998,1
4656,727.2,49.4454728,283.11026696000005,3.7282002400000005,14.09414,1.3193098000000003,1
4657,270.04,31.399416800000004,321.8193679999999,4.54788384,8.994895199999998,1.3132598,0
4658,39.4,35.93981519999999,46.379050799999995,4.007311400000001,9.74862788,1.27961568,0
4659,313.08,26.545790399999998,131.51536,3.8756626399999994,6.253360879999999,1.3184667200000002,1
4660,230.36,20.099794800000005,82.1868076,5.119673960000001,5.72382056,1.3193058,0
4661,259.92,24.148628640000002,224.36223599999997,4.30850212,6.2409459846,1.3132387199999997,0
4662,187.04,14.536642000000002,85.6023,5.8199159599999994,3.7439354000000002,1.28581248,0
4663,140.16,17.912306959999995,144.944996,3.9560630799999994,3.45500532,1.2964852000000002,1
4664,339.04,25.9227156,305.879076,4.772887,7.237343759999999,1.33089576,0
4665,778.72,29.441796800000006,224.57402799999997,4.0371782,7.439027399999999,1.3366250400000002,0
4666,175.36,20.9242792,274.50015999999994,6.04591212,7.14388024,1.29011972,0
4667,157.84,32.9407812,78.8571484,4.1517706400000005,8.83796048,1.3467437999999996,0
4668,259.12,28.865278400000008,60.66605160000001,4.02257892,7.18234752,1.3661161600000002,1
4669,94.6,37.0462796,122.73447727999998,4.29724112,10.582343080000001,1.3015883199999998,0
4670,295.28,37.277698799999996,80.72972959999998,3.8414034800000003,9.9663802,1.2865616799999997,1
4671,78.64,18.6265248,113.4402032,5.727129800000001,5.316772319999999,1.1057005199999999,0
4672,54.36,19.25598931999999,314.666244,4.178176840000001,4.228623379999999,1.2808428800000002,0
4673,280.64,36.04858879999999,224.264004,3.9009784400000003,9.35949528,1.30886132,1
4674,150.52,25.485740799999995,320.26621600000004,4.1155922799999995,6.127778360000001,1.3381280400000002,0
4675,162.96,19.19696016,51.8481032,4.496841320000001,3.53009448872,1.29573636,0
4676,94.96,46.65888559999999,281.39044399999995,4.3304921200000015,14.704470079999998,1.30257236,1
4677,256.08,38.2697796,44.994002,4.198442759999999,11.047890040000002,1.1392151999999998,0
4678,78.56,30.9570028,272.8431092,4.21418776,7.647632079999999,1.33008624,0
4679,161.68,23.811248,63.108454,5.37885316,6.871558839999999,1.3498547200000002,0
4680,184.92,26.46814479999999,50.571331679999986,5.1307659600000015,7.979626400000001,1.21606056,0
4681,72.0,35.83678759999999,89.7843964,4.5115612800000005,10.70768728,1.29478084,1
4682,576.96,29.957782399999996,152.48736800000003,3.9448444,7.52511588,1.34742684,0
4683,203.64,21.133565079999997,229.31116768000004,3.63324244,4.3022858,1.31493256,0
4684,140.16,30.6402072,277.803696,4.586202880000001,8.711845839999997,1.3414611600000002,0
4685,446.6,39.96605160000001,49.53208319999999,4.252207479999999,11.95777716,1.3681066000000002,0
4686,86.72,16.930642679999995,104.557812,3.77445156,3.36168956,1.31341512,0
4687,183.68,30.033841999999996,92.54349199999999,3.9508966400000003,7.4985564799999995,1.27858632,0
4688,126.52,22.542003199999996,191.506672,6.38619168,8.04422672,1.2927177600000004,0
4689,257.76,31.697875600000007,239.002588,3.412731079999999,7.300586159999999,1.3625592000000004,1
4690,88.68,20.0424268,100.6485636,5.896070400000001,6.09363758344,1.3010834799999995,0
4691,274.12,22.818646400000002,315.32826,3.7647596799999996,4.882395160000001,1.27330156,0
4692,76.4,13.229423600000002,123.8032116,6.61453744,2.15443523728,1.3441804399999997,0
4693,115.48,27.171496400000002,343.4119252,4.886957960000001,7.848299519999999,1.27694272,0
4694,193.72,35.0018208,245.50911932,3.7855368,8.890026279999999,1.2678286800000003,0
4695,381.52,20.9813008,169.16743200000005,5.1030320399999995,5.6114428400000005,1.3217267999999998,0
4696,117.52,34.24561279999999,54.67335439999999,3.8517360399999996,8.84415216,1.263412,0
4697,423.64,23.606624399999998,262.944316,4.8725467999999985,6.34792088,1.2961874,0
4698,77.8,18.022415479999996,33.605812400000005,5.887988799999999,5.37151964,1.29210744,0
4699,201.8,34.2914132,83.8161048,3.4377702,8.168277400000001,1.26248476,1
4700,510.24,37.955973199999995,91.99745040000002,4.275863919999999,11.058951600000002,1.3280249200000003,1
4701,289.52,31.37915999999999,106.50178879999997,3.27634072,6.985737400000001,1.36676192,0
4702,348.0,51.6875956,133.07299999999998,3.72258156,15.021948400000001,1.3633594400000002,0
4703,346.4,29.4352016,332.58598399999994,4.74484752,8.418825759999999,1.31676232,1
4704,15.6,23.4901084,84.56659599999998,3.7048606800000004,4.640570316,1.2552990400000001,0
4705,133.6,19.881968519999997,73.97789959999999,6.72145136,6.818586479999999,1.2427517199999998,0
4706,10.88,11.57580848,220.012198,7.017821519999999,1.0304761873600001,1.3425735599999995,0
4707,267.24,30.0748472,227.80440400000003,4.781795880000001,8.96488724,1.3044056,1
4708,250.64,22.273314799999998,69.46478799999998,4.5037009999999995,5.45874224,1.2912351600000003,0
4709,51.96,28.338220919999998,181.8713184,6.2294256400000005,9.19015679572,1.23300312,0
4710,405.48,32.90345160000001,117.26236360000001,4.18634416,8.7742084,1.31530392,1
4711,212.16,35.633218119999995,185.51604799999993,4.968274879999998,11.194644079999998,1.2785182,0
4712,238.48,29.950823999999994,127.44831455999996,3.9663497599999995,7.64599392,1.3336242399999998,0
4713,241.76,42.09779320000001,95.7945904,4.2192036,12.556031999999995,1.3026198400000002,1
4714,168.88,32.43214519999999,280.66847600000006,3.6945753999999993,8.022100880000002,1.36708252,1
4715,16.64,48.94822200000001,190.13857199999998,4.36907172,15.7204156,1.27437932,1
4716,118.88,24.95879132,60.70758200000001,6.4134540799999975,7.451257812680001,1.29546788,0
4717,172.68,13.024043399999998,113.0279992,6.65477736,3.3750565362399993,1.27592376,0
4718,105.2,30.4731844,73.08300408000002,2.87068344,6.1228709199999996,1.30558692,0
4719,135.52,27.035838679999998,154.42268488,6.605517559999999,10.758562840000002,1.30769368,0
4720,198.0,19.438368039999997,237.316952,6.098085039999998,5.80210732244,1.31838052,0
4721,199.84,33.2598364,179.501768,5.098735680000001,10.74049428,1.27783644,0
4722,112.84,27.486188399999996,250.3542,5.9776840400000015,9.86288404,1.2968618399999996,0
4723,101.72,12.862304959999996,127.133408,4.09393516,2.5108106280000007,1.28323712,0
4724,78.52,35.7312048,105.7361572,3.805853919999999,9.11065896,1.2913273199999997,0
4725,247.16,39.661621999999994,342.7038800000001,4.428548279999999,12.218346439999996,1.27927476,0
4726,212.72,20.17527092,194.16840400000004,6.630944520000002,7.0621686,1.30106156,0
4727,189.8,30.434084400000003,153.6705,3.6022160000000008,7.145551479999999,1.2997850400000002,1
4728,422.32,37.003856799999994,55.46051519999999,3.3914900400000003,8.962166040000001,1.32718772,1
4729,92.12,34.259587599999996,89.18633040000003,4.360637999999999,9.78125972,1.1443421999999999,0
4730,348.56,30.983986,206.06979999999996,4.88935596,9.46903816,1.29925484,0
4731,131.64,32.00683399999999,202.15580800000004,3.92208664,8.125126160000002,1.3019679600000003,0
4732,35.76,18.99735496,75.8161512,4.8113863199999996,4.52133868,1.3235423999999998,0
4733,113.96,31.73052132000001,173.95658039999998,4.769039800000001,3.58443602764,1.2965678000000003,0
4734,221.28,37.178722,98.38389568000001,4.6089142800000005,11.443085920000001,1.32307656,1
4735,109.08,32.85114240000001,213.720272,3.532611559999999,7.836064,1.3512199600000003,1
4736,73.04,34.921390399999986,157.07692,4.065823320000002,9.46539892,1.26574588,1
4737,174.4,24.398576799999997,252.305308,5.85762596,8.212133760000002,1.34327384,0
4738,111.2,33.4942668,177.56486,5.38287676,12.005095279999999,1.25582476,1
4739,218.12,30.233386399999993,127.88379199999996,4.044256440000001,7.70952988,1.30560656,1
4740,216.6,34.5382356,226.99143199999997,3.9198868,9.09432932,1.2842738,1
4741,112.64,24.716278000000003,124.66766360000001,6.493609559999999,8.020723752760002,1.305868,0
4742,371.48,22.256418800000002,209.58616,7.516140040000002,9.869417640000002,1.3162827600000002,0
4743,46.08,24.3548072,331.75500008,5.358639439999999,7.523000639999999,1.3154702799999998,0
4744,166.2,27.3061068,87.8714236,4.9743138,8.12911112,1.2548453599999998,0
4745,326.84,15.51588076,133.1854016,3.5139816,2.551008028,1.31903528,0
4746,39.36,27.682570000000002,318.14744799999994,3.4304767999999997,6.1277067999999995,1.27546616,0
4747,67.96,22.658517999999994,306.162432,3.4192910799999994,4.511892799999999,1.3332792000000004,0
4748,244.88,18.087869999999995,151.82276400000003,4.3431387599999995,3.6002582399999996,1.1055875599999998,0
4749,21.64,18.17708828,50.212509600000004,5.41646524,4.8812806,1.29152996,0
4750,616.48,53.482600000000005,107.97778,5.37957264,21.7355532,1.31869176,0
4751,373.88,24.0131664,326.446484,6.167705080000001,8.34049848,1.3326056,0
4752,93.8,23.6531748,108.08141200000001,5.257511480000001,6.9529926400000015,1.2366702800000002,0
4753,17.56,20.447648519999998,82.63338239999999,6.284763600000002,6.92813949652,1.2927809200000002,0
4754,285.96,19.903007759999994,264.70405600000004,3.8546666,4.153596240000001,1.3128296,0
4755,109.88,15.95681388,108.21810679999999,7.04412312,5.54940208,1.1159998800000002,0
4756,619.2,25.105567200000007,317.15794,6.273390240000001,9.219603679999999,1.31605808,0
4757,217.24,16.210687079999996,126.73740000000002,4.27909312,3.3226803959999995,1.28140104,0
4758,84.84,25.817693199999994,255.8845,6.41032824,9.941304440000001,1.3401359200000003,0
4759,148.68,37.49260571999999,180.34609999999998,5.02411396,12.369430346280001,1.299537,0
4760,90.04,23.577802800000004,320.8722072000001,4.383556759999999,5.84525592,1.3471810400000002,1
4761,198.12,30.844061999999987,88.561312,4.631723000000001,8.91728496,1.1614647599999999,0
4762,476.84,27.106627599999996,186.07456400000004,4.11101352,6.710196999999998,1.32016068,0
4763,502.56,30.4680916,238.07135199999996,4.50158536,8.477176599999998,1.3595097999999999,1
4764,137.8,36.63419919999999,126.72337600000003,3.60041232,9.23192848,1.2637273599999999,1
4765,127.0,32.724549599999996,78.7531236,4.234739600000001,8.810487439999998,1.3346863599999998,1
4766,353.28,21.63341372,244.413016,5.93920948,8.354125031999997,1.3099314399999997,0
4767,157.4,26.037251879999996,174.302942,2.8013275200000005,4.947137924000001,1.2965465200000004,0
4768,55.0,13.934058120000001,264.36376,5.27386356,3.2246463999999997,1.35822792,0
4769,124.96,30.890853599999996,264.92973199999994,3.9553872799999987,7.764392,1.3452213999999998,0
4770,26.08,35.0195248,188.85452400000003,4.469885519999999,10.364468599999999,1.2442300400000001,0
4771,145.04,30.632175319999998,94.20876168,3.5405242000000006,7.1442290559999995,1.3524330000000004,1
4772,109.84,23.3719876,156.5711,4.95177276,6.7336024,1.3604778000000002,0
4773,83.08,19.8197872,76.45407839999999,4.98605544,5.330017000000001,1.2564982799999997,0
4774,176.96,23.131666399999993,210.73763600000007,4.16552724,5.4467318,1.3216664,0
4775,246.04,32.275568,303.636672,4.56963572,9.57788624,1.33434296,0
4776,242.88,27.51615959999999,22.50465288,4.8362890400000005,7.8969759999999996,1.2655404800000003,0
4777,483.64,31.978213199999992,327.79584800000003,4.1506815600000015,8.525903920000001,1.32242656,0
4778,97.92,23.44640932,258.344572,5.130435839999999,6.7159398800000005,1.30564188,0
4779,42.72,20.77312908,103.1357008,5.480529079999999,5.597886592600002,1.3198481600000003,0
4780,68.68,11.39506712,142.572004,6.3382026,2.5765602206000007,1.3367336399999998,0
4781,428.32,31.53290239999999,250.62387999999999,4.2914862,8.634012399999998,1.3684567600000002,0
4782,92.84,33.023868399999984,29.7339016,3.66037108,7.991036200000001,1.30720876,1
4783,75.2,33.0213064,297.151872,3.2854566000000007,7.48843396,1.30977304,1
4784,245.44,21.943070799999997,148.324152,4.7755552,5.646609840000001,1.3323390000000002,0
4785,315.28,16.082647599999998,141.84810799999997,3.67967524,2.5700267840000004,1.3302220000000002,0
4786,97.48,20.235296679999998,198.16636,4.17148276,4.2622986108399985,1.3332488000000005,1
4787,232.04,24.2602192,283.8616479999999,5.12174128,7.11332836,1.3667642,0
4788,179.76,35.4465004,60.091620000000006,3.733320360000001,9.02272468,1.35860848,0
4789,127.68,29.74168560000001,317.30316,3.860230039999999,7.4748131199999985,1.3146035999999999,1
4790,81.4,31.193073719999994,205.20987999999997,5.94628768,9.474209216840002,1.2888987199999997,0
4791,514.36,34.49659519999999,212.02751200000003,3.68916696,8.652551599999999,1.3210039200000003,1
4792,196.32,26.503903599999994,257.164724,3.6343848800000007,5.98456136,1.35990044,1
4793,91.96,28.396689599999995,198.3179360000001,5.99202592,10.38359652,1.1136955999999998,0
4794,334.2,25.62823356,281.978188,4.078969280000001,5.5165065908400015,1.30654964,0
4795,195.84,27.714230399999998,164.68166399999998,5.188471440000001,8.600934879999999,1.25818004,0
4796,148.52,27.332652799999995,95.7527072,4.0328964,6.400737479999999,1.2791951999999998,0
4797,15.28,35.632090000000005,161.58702399999996,4.92056432,11.559202360000002,1.19510816,1
4798,167.24,32.8598116,84.50193679999998,4.479304839999999,9.032910199999998,1.29901656,0
4799,154.92,22.447904000000005,117.3156152,3.394923680000001,4.429830879999998,1.3066105599999998,0
4800,206.96,28.442503199999997,193.82546800000003,4.51651364,7.972698079999999,1.2965658399999997,1
4801,253.88,25.978696,42.48060128,4.4834431200000004,6.7395668,1.2733104400000002,0
4802,267.84,38.2677468,317.8963167199999,3.9963232400000006,10.52519464,1.3276326,1
4803,138.48,16.822332160000002,162.54135200000002,4.4127992,3.627537120000001,1.3156443999999998,0
4804,335.24,31.119276399999993,303.30848576000005,3.7837072799999993,7.616593760000001,1.3157150000000002,0
4805,223.48,19.690517519999993,107.2047132,4.985480040000001,4.808562408,1.3328654799999997,0
4806,74.64,17.18782692,310.7294852,7.635556359999999,7.1415098000000015,1.36449344,0
4807,175.32,31.518788799999996,326.34345600000006,5.49767932,10.933174800000002,1.31113172,1
4808,578.92,38.235111200000006,279.926224,4.857205400000001,12.614186559999998,1.31693612,0
4809,103.28,24.140026799999998,55.30881880000002,5.808834920000001,7.941179320000001,1.1819792400000002,0
4810,164.72,38.629401599999994,229.38655599999996,3.354722040000001,9.46452428,1.2745115599999999,0
4811,103.16,34.61702719999999,47.093514000000006,3.8817848800000005,9.10772404,1.30703968,1
4812,81.04,23.8997888,51.42436680000001,3.8270495200000005,5.273620439999999,1.35883316,0
4813,171.0,32.07622759999998,139.5754116,4.541183479999998,9.2936882,1.2947776000000002,1
4814,161.92,24.1231256,261.01862,4.5466908,6.149366240000001,1.33932292,0
4815,248.4,17.033317599999997,303.295208,5.047330520000001,4.193716399999999,1.2402345999999997,0
4816,484.76,40.538818799999994,297.72621599999985,4.36762712,12.387316000000004,1.3657115199999998,0
4817,277.12,25.644180400000003,331.795836,3.5909748,5.794345119999999,1.29666608,0
4818,142.08,26.14046308,275.20846399999994,4.23013372,6.499881360000001,1.3146343600000001,0
4819,152.0,33.7873764,300.32862,3.6739869999999994,8.400753320000002,1.3655306000000003,1
4820,481.6,46.421118799999995,150.75931599999998,4.45318408,15.693588,1.3318084000000006,0
4821,141.48,40.43232520000001,337.442356,4.107746199999999,11.605767879999997,1.28887648,0
4822,116.24,25.760166400000003,261.218868,6.327301919999999,9.7005312,1.3182626000000002,0
4823,78.88,25.8407388,322.6497320000001,4.536566079999999,6.91447248,1.3461116000000004,0
4824,319.32,26.6784188,198.09939080000004,5.296723639999999,8.1179538,1.29098324,0
4825,281.84,13.011213999999997,214.032612,3.87709376,2.2481632040000004,1.3224529200000001,0
4826,219.76,24.995180799999993,103.09406880000002,3.8669506400000007,5.687937080000001,1.26986524,0
4827,259.72,26.836289999999998,134.81894400000002,3.9276268000000005,6.28295844,1.33368596,1
4828,698.2,29.403699999999986,185.98348400000003,5.3052128,9.58952392,1.3340326399999998,0
4829,118.4,20.661032679999998,84.56921640000002,3.5776288800000007,4.016243879999999,1.32231272,0
4830,126.72,22.620278520000003,166.220104,3.56895576,4.665856360000001,1.29379304,0
4831,160.64,17.326364400000003,96.021748,4.484829759999999,3.76712412,1.3057543199999997,0
4832,341.2,36.81579319999999,316.8868840000001,3.7728150799999995,9.718819640000001,1.2807156,0
4833,86.36,31.557366920000007,239.97051759999994,3.2171240000000005,6.908297288000001,1.33013692,0
4834,255.4,25.935446,202.77137600000003,4.206913359999999,6.38576612,1.30920688,0
4835,223.32,29.30844439999999,207.257652,3.7699154,7.003056920000001,1.14602488,0
4836,243.48,22.0404864,130.45162800000003,3.835464040000001,4.741106639999999,1.2930626,1
4837,8.68,19.846689079999994,125.8651616,4.891600039999999,5.074472800000001,1.29949924,0
4838,429.68,29.337654000000008,214.95750399999997,4.3318363600000005,7.820950239999998,1.3165554000000004,0
4839,276.6,18.5920976,263.132664,3.4958359599999995,3.42200668,1.32318668,0
4840,234.84,30.26874119999999,100.93425799999999,3.58224048,7.103434880000001,1.2669675600000003,0
4841,416.4,27.1188516,72.8743384,4.965761520000001,7.949856160000001,1.3262454,0
4842,456.04,35.80998279999999,154.71257999999997,4.76754428,11.582888400000002,1.33215072,0
4843,130.44,35.65317759999999,188.842196,4.12815912,9.89729396,1.2708255200000003,1
4844,40.16,25.367061999999997,285.35796000000005,4.018715040000001,6.036608759999999,1.3060178400000004,0
4845,169.12,20.7727772,119.60058,4.53590492,4.97696212,1.3177556000000001,0
4846,135.88,40.36355439999999,274.4975760000001,3.3536528399999996,9.88615184,1.3048052,1
4847,555.64,38.0121144,257.728808,3.5658214,9.650018839999996,1.3209976,1
4848,35.32,20.678913199999997,117.42373599999999,3.8388214799999996,4.336702680000001,1.2642494399999997,0
4849,230.84,30.863734399999995,62.784943360000014,4.272572839999999,8.273175120000001,1.29685224,0
4850,54.92,29.9202832,325.4299279999999,5.1130762800000005,9.34019988,1.27126064,0
4851,40.48,33.696306,284.852324,3.7131557199999996,8.43352872,1.2893318,1
4852,331.28,27.322688,332.633652,3.681627160000001,6.205094120000001,1.31680324,0
4853,79.2,20.001948,106.070852,4.719814,4.882700119999999,1.30899552,0
4854,235.56,27.733586799999994,285.97407200000004,5.046975000000001,8.366479360000001,1.3107007199999998,1
4855,341.6,32.406865999999994,80.17601399999998,4.323739239999999,9.02356516,1.3117014400000002,0
4856,201.96,16.865200360000003,166.3459516,4.56009756,3.4400129908,1.3301913200000002,0
4857,351.76,29.611112000000002,139.003096,4.219068039999999,7.750744320000001,1.3419231999999999,1
4858,72.76,25.478160399999997,327.551808,4.691423759999999,6.61978472,1.31612848,0
4859,642.52,41.47439119999999,41.995179199999995,3.4134719599999994,10.56583144,1.32272344,0
4860,402.64,30.4253552,25.251678800000008,3.61743084,7.123301000000001,1.3543163999999999,1
4861,56.84,28.614028800000007,211.31233200000005,3.5718187600000006,6.48326064,1.1567045999999999,0
4862,110.12,18.21080348,151.89720399999996,3.88672116,3.6640212360000004,1.2908141599999998,0
4863,156.2,24.991441599999995,178.76144800000003,4.3020908800000015,6.307919439999999,1.2020143600000004,0
4864,83.4,29.878440000000005,324.467424,3.87143564,7.319436360000001,1.2771147599999997,0
4865,75.32,16.912403119999997,281.82239999999996,4.397040280000001,3.7519029159999984,1.3622887999999995,0
4866,519.24,32.1353832,189.86251935999996,4.677763120000001,9.599842119999998,1.3458119600000003,0
4867,117.96,28.7379132,187.40151200000003,4.206339400000001,7.231317240000002,1.1036244000000002,0
4868,270.96,35.01802239999999,210.39784,5.789378200000001,13.806325880000001,1.362096,1
4869,107.56,33.053097199999996,248.67426399999997,5.371714799999999,11.451161519999998,1.3136039999999998,0
4870,47.64,18.586097479999996,280.68641199999996,5.00823924,4.7350663200000005,1.24912652,0
4871,105.04,14.461382159999998,309.147604,7.796453240000002,6.810958104840001,1.36695876,0
4872,647.24,28.930300799999983,281.051848,5.6901902,9.993837880000001,1.35742404,0
4873,179.04,38.958935600000004,171.86857600000002,4.38129756,11.688354279999999,1.30098356,1
4874,237.8,33.4785768,260.46108799999996,3.97515632,8.69607048,1.333329,0
4875,85.12,26.523758400000002,254.14764400000004,3.5686587599999995,5.819157359999999,1.27376584,0
4876,100.08,25.253957600000003,108.72522079999999,4.042867479999999,5.95452828,1.25977164,0
4877,220.96,32.819198,23.93847968,5.20065156,10.966410159999999,1.2645167600000002,0
4878,137.88,39.00391948,97.33774159999997,4.5703684,10.823070479999998,1.3150593199999998,1
4879,63.84,24.564483600000003,311.22209200000003,3.850927199999999,5.5549561600000015,1.3291465599999999,0
4880,409.88,29.157157999999992,168.24431200000004,4.199832,7.495609840000001,1.30903172,0
4881,65.32,11.094790039999998,200.45039999999997,7.020753679999999,2.86792204676,1.3050256399999998,0
4882,350.48,31.5964144,317.060448,3.06641428,6.76209428,1.2842261599999998,1
4883,286.28,33.750204000000004,289.771688,4.95157672,10.76301244,1.29868144,1
4884,256.88,35.093393199999994,125.26428319999997,5.521669080000001,12.775104239999997,1.3314502799999999,0
4885,197.04,30.092652799999993,105.5484936,3.97166904,7.561303279999999,1.1636992000000002,0
4886,454.52,35.992929999999994,195.18126800000002,4.231686679999999,10.212652639999998,1.3193118400000001,1
4887,94.84,18.445726279999995,209.238904,5.42122092,5.4346235200000015,1.3068577199999998,0
4888,136.36,29.00705628,133.19994839999998,5.51535996,10.457876120000002,1.31070828,0
4889,405.6,34.1365312,144.07201840000005,5.2740448,12.125188839999998,1.3694259199999996,0
4890,176.12,31.262241600000003,232.58852400000004,5.304761279999999,10.410228080000001,1.2953166400000002,0
4891,35.36,35.00865519999999,151.04341200000002,3.60112956,8.668554,1.26585952,0
4892,229.2,37.3544772,161.33718799999997,3.82888532,9.942009639999998,1.3414324400000002,0
4893,248.2,25.0913588,138.326852,3.53018032,5.4194758,1.33141376,1
4894,609.24,37.880946800000004,223.98940799999997,3.69314388,9.863500839999999,1.33714984,0
4895,241.08,44.805200799999994,154.9656364,4.21877092,13.703050039999999,1.3094773199999998,1
4896,249.0,23.1754124,120.63370679999998,6.498506000000001,8.61557596,1.2858846400000001,0
4897,169.92,26.583931600000007,57.003017199999995,5.1380273999999995,7.376414999999998,1.3516595200000003,0
4898,355.92,17.99364896,232.660956,3.60130868,3.3958163879999996,1.31630948,0
4899,189.96,26.88580359999999,263.568588,3.890984400000001,6.579982640000002,1.3000584399999997,1
4900,320.76,30.4121032,244.21795199999997,3.64301868,7.434946920000001,1.30385116,1
4901,200.64,35.44841280000001,239.77568799999997,3.7659669199999994,8.381758705440001,1.3031394,0
4902,271.2,17.447455999999995,319.149904,4.1862135600000006,3.5768767244800013,1.32564336,0
4903,362.96,16.287051080000005,292.572604,4.08199476,2.9405863599999997,1.28599092,0
4904,150.72,32.0597016,230.03836568000003,5.00156196,9.136974399999998,1.2717047199999998,0
4905,66.0,23.9754784,314.02298799999994,4.76562984,6.64318876,1.2687904799999996,0
4906,245.32,32.96111799999999,242.43972399999996,3.307744240000001,7.507468279999999,1.27521984,0
4907,334.8,35.3319968,29.43391272,4.145397239999999,9.77753516,1.3665292000000002,1
4908,324.28,20.2524188,73.82119279999999,6.26817288,6.94174628,1.2795360399999998,0
4909,496.56,33.736742799999995,216.39895552,3.4672498800000007,7.985808119999999,1.3683010400000004,1
4910,77.4,23.221294799999992,287.66527759999997,5.09802548,6.815056199999999,1.11264376,0
4911,295.56,41.83785279999999,64.621324,4.42476312,13.032736,1.3680476399999995,0
4912,339.28,27.482500800000004,159.05398400000004,3.796162920000001,5.916969119999999,1.3016632,1
4913,165.84,28.481631599999993,276.90040000000005,5.7214716800000005,9.938191519999998,1.3598688800000003,0
4914,402.04,37.0553828,292.33015199999994,3.8586806,9.816958879999998,1.3304220800000002,1
4915,485.36,16.42077548,288.10904800000003,5.5215296799999996,4.818913319999998,1.31885244,0
4916,179.84,32.101297599999995,131.96764399999998,3.78335288,8.075995879999999,1.3062770799999999,0
4917,421.8,23.920751200000005,244.46818399999995,4.891273280000001,6.617840079999999,1.32071936,0
4918,323.72,49.0920688,249.663076,2.59070992,11.024990440000003,1.3586352000000002,0
4919,368.4,21.507415680000005,306.3347896,3.432260120000001,4.406894931999999,1.31200772,0
4920,35.64,17.156913479999996,140.11499479999998,4.962153679999999,3.0855670799999997,1.33969512,0
4921,231.44,28.6696328,258.38184,4.8507567599999994,8.52291664,1.3260337999999998,0
4922,245.44,29.6355664,49.8657764,4.17362264,7.69679288,1.26164244,0
4923,99.72,18.250767999999997,64.2299984,5.30866848,5.18660848,1.354832,0
4924,217.88,38.86378080000001,191.51570400000003,3.81266464,10.435914039999998,1.3616447199999997,0
4925,163.36,31.094333199999998,56.04280599999999,5.273426040000001,10.360338960000002,1.3370528,0
4926,314.68,31.630481600000007,55.75843488,5.1633854800000005,9.981109640000001,1.3296323200000004,0
4927,329.76,32.121549599999994,277.56580264,3.876777519999999,8.153033,1.3681556799999999,1
4928,161.04,33.5485616,183.31970039999996,3.860893440000001,8.63600896,1.3141038400000002,0
4929,98.92,28.814593200000008,271.39893600000005,3.9279809600000006,7.09303896,1.330487,0
4930,81.84,25.15727052,300.59301919999996,5.4455578,7.796231840000002,1.3507930799999999,1
4931,817.2,38.20038279999999,218.09899199999995,3.607361119999999,9.86858196,1.3384100799999998,0
4932,140.6,34.7359124,104.19703960000001,3.54876992,8.479901239999998,1.35247816,1
4933,107.48,27.872833999999994,280.636504,6.176638119999999,10.5054666,1.3120194,0
4934,205.72,17.4499916,115.76042399999997,3.9404508,3.4644330400000003,1.29256636,0
4935,65.24,21.182338,141.085664,4.5547149199999994,5.092047640000001,1.2863064400000002,0
4936,278.68,23.370999599999994,208.07757600000002,4.03420756,5.355186,1.31869032,0
4937,192.92,26.100469200000003,264.882128,6.04850856,9.60494592,1.3118722000000003,0
4938,143.88,11.169075080000002,88.65239919999998,4.46127228,2.436598936,1.274691,0
4939,425.36,40.493039599999996,300.687464,4.519563680000001,12.691346799999998,1.36586896,1
4940,510.08,27.959474399999994,179.36750400000005,6.7524440000000014,12.375684159999999,1.31610616,0
4941,67.72,18.042313759999992,234.95158400000003,6.117123799999998,5.857716600000001,1.2870162399999998,0
4942,104.96,41.4209244,329.434568,3.8956490400000003,11.5837638,1.3354765600000003,1
4943,333.2,33.169955599999994,156.86940399999997,4.40537604,9.439075719999998,1.32370808,1
4944,195.4,20.216776399999997,299.98978800000003,5.535058800000001,5.735221480000002,1.10599256,0
4945,293.04,31.869561480000005,228.784076,2.4914057599999997,6.120941764000001,1.3098263600000002,0
4946,194.0,28.9252,186.530116,3.696233839999999,6.831204559999999,1.3081369999999999,0
4947,372.88,24.187963999999997,60.70048280000001,4.842727799999999,6.574683240000001,1.3544376399999998,0
4948,142.0,21.998265999999997,92.84146559999998,5.6466206,6.705682520000002,1.2905864000000002,0
4949,131.08,25.774583080000003,282.31552399999987,3.1397204399999996,5.146722523999999,1.1535978800000002,0
4950,52.48,33.68589652,149.26241048000003,4.6925682,11.392766880000002,1.2959557599999996,0
4951,205.08,28.144772800000002,28.993007599999995,3.7006880399999993,6.51818076,1.2773324000000001,0
4952,162.28,38.33157,240.77612000000002,2.5691509200000002,8.0417362,1.29485684,0
4953,481.96,20.627308680000002,184.72289519999998,2.7942986400000005,3.513336524,1.28626316,0
4954,195.76,32.434857599999994,213.73663999999994,3.5171308000000012,7.78696108,1.34158808,1
4955,452.48,33.280248,341.31456800000007,4.676719799999999,9.970161160000002,1.32152116,0
4956,785.68,42.118435599999984,327.72062000000005,3.8566898,11.71742072,1.3399439199999998,0
4957,407.56,39.3204396,231.63368399999996,3.37828692,9.608343839999998,1.3422544000000003,1
4958,323.36,24.419336000000012,64.8140596,5.133965680000001,7.508473759999999,1.3681990800000003,0
4959,104.24,29.113872800000003,292.14092400000004,4.1008296799999995,7.439178800000002,1.2964648000000003,1
4960,219.0,19.0100144,122.83534519999998,6.39339124,6.768722120000001,1.27912368,1
4961,116.76,26.202411199999997,171.75755400000003,5.8475132400000005,9.12015984,1.33765832,0
4962,392.8,35.18069959999999,269.293712,4.009689560000001,9.53697508,1.3198839199999997,0
4963,87.8,33.43885560000001,315.31358400000005,3.1771097200000002,7.441559159999998,1.2766213599999998,0
4964,116.92,18.217599840000002,105.2093036,4.985684000000001,3.1140499455599997,1.3153331200000002,0
4965,137.24,26.6102772,275.10902799999997,3.9987347600000005,6.382459560000002,1.3669792799999998,1
4966,158.84,23.287668800000002,312.58979600000004,4.10358852,5.397248479999999,1.26402508,0
4967,299.6,34.68726172,66.5281664,3.9978598800000005,9.370042880000002,1.3539112800000002,0
4968,84.44,26.91746519999999,175.928436,4.987961959999999,7.898785319999999,1.27828192,0
4969,208.52,43.41309679999999,271.26158,3.28852996,10.969610440000002,1.3146734800000004,0
4970,451.24,28.0487,286.22143200000005,4.4927746399999995,7.579543359999999,1.3306818800000002,0
4971,56.24,30.180854800000002,131.9712784,5.7560792,10.032838520000002,1.2747441200000003,0
4972,158.36,33.304341199999996,213.08907599999998,4.050506759999999,8.834768679999998,1.31855128,1
4973,283.52,26.216348399999994,52.37175839999999,4.953190999999999,6.850008,1.28773708,1
4974,315.16,19.831454399999995,203.542644,4.33092192,4.437324840000001,1.3057349999999999,0
4975,121.92,19.12330328,231.64941600000006,5.212865559999999,1.2635622964800002,1.3143343200000002,0
4976,125.52,32.773097199999995,190.1076,6.304986240000001,13.68407416,1.32691296,0
4977,266.12,34.943327599999996,197.64595199999997,3.7333303199999994,8.883976160000001,1.2293316399999994,0
4978,258.12,32.302675199999996,334.231872,6.155114159999999,12.911410839999999,1.31391716,0
4979,49.0,57.249639200000004,244.72830807999995,3.5219122800000005,16.4178508,1.1847785599999998,0
4980,140.12,23.163245999999994,276.90148320000003,3.8810757599999994,5.218318480000001,1.1043824800000002,0
4981,174.16,26.854045479999996,157.712048,5.231038119999999,7.900986823999999,1.31522328,0
4982,352.92,28.631999840000006,259.664312,3.61683764,6.446238566679999,1.2919063999999998,1
4983,257.24,25.86873039999999,113.48283599999999,5.987807360000001,9.12565612,1.3324530800000003,0
4984,159.76,27.996757199999998,301.566748,4.100564640000001,7.021796560000001,1.2023033600000002,0
4985,255.04,28.086502,182.27655599999997,3.7633176399999995,6.505159439999999,1.3031652399999998,0
4986,431.8,32.4893508,95.14671120000001,5.142507080000001,10.67529496,1.3559337599999994,0
4987,185.2,29.390080800000007,213.8456292,4.016631360000001,7.37578612,1.30654212,1
4988,55.4,31.076288000000005,235.38752,4.29153928,8.445500679999999,1.2750238000000003,1
4989,156.92,25.153580280000007,276.0481,5.080424080000001,3.1490717486,1.3033287600000003,0
4990,111.36,24.754325599999998,43.175700000000006,4.40830956,6.230306119999999,1.3019314799999997,0
4991,32.72,33.32727388,100.3256096,4.34992356,8.559054107440002,1.31070108,0
4992,345.12,12.427534799999997,306.28499800000003,5.7809992,3.1201370176800003,1.28967308,0
4993,210.96,13.190839239999995,197.34960000000004,4.9896036,3.002272924840001,1.3308802800000001,0
4994,589.8,34.965505599999986,144.70419199999998,4.37996196,10.185477559999999,1.32418588,0
4995,61.76,21.846357199999996,71.8336344,4.064296519999999,4.893638519999999,1.09620892,0
4996,193.72,28.147354800000002,185.39958000000007,3.634579160000001,6.465843319999999,1.3535066400000002,1
4997,560.6,16.781207879999997,180.39210000000003,6.62736636,5.5000855822400005,1.3209623599999998,0
4998,198.88,31.00502879999999,156.052764,4.112298280000001,8.10763072,1.2922296,1
4999,64.56,32.616946399999996,128.438472,3.29603792,7.41272432,1.3238507600000002,1
5000,80.96,27.92290519999999,275.44242799999995,6.80186236,12.004187159999999,1.27638168,0
5001,339.6,29.462337199999993,112.277044,3.904760679999999,7.223101640000001,1.28735016,0
5002,392.2,28.432329599999992,272.188076,4.251443399999999,7.3593851599999995,1.31700228,0
5003,219.2,37.15333679999999,39.4516592,5.242072320000001,13.32392532,1.3312348,0
5004,226.68,34.4905124,103.19619359999999,3.9618566399999997,9.085465600000001,1.3479351199999998,1
5005,32.48,27.992543999999988,214.8439,4.8588052,8.067279000000003,1.2859679599999998,0
5006,453.8,17.00646776,298.401326,6.075584560000001,4.5065930213600005,1.3688930400000001,0
5007,296.08,46.98628839999999,305.06530399999997,3.2497011599999994,12.020688240000002,1.3078211199999998,0
5008,379.76,34.665541999999995,69.18150200000001,5.38975052,12.277120040000002,1.3277504800000002,1
5009,268.96,36.615166800000004,103.16475,3.6410065200000004,9.51148632,1.29599344,1
5010,133.36,29.15715599999999,217.01164000000006,3.31952572,6.35844872,1.2929178799999996,0
5011,293.76,42.601729999999996,103.30427040000002,4.4146058,13.372768799999996,1.3027141999999998,1
5012,99.16,27.3686544,302.2110559999999,3.637715560000001,6.167979559999999,1.2761922799999998,0
5013,354.24,30.243054399999988,94.77713320000002,6.0858898,11.629045199999998,1.31069932,0
5014,461.16,32.6600064,282.952172,5.7231362799999985,12.140669720000004,1.36046868,0
5015,54.12,29.584397199999994,45.46080839999999,4.1277728,7.643737160000001,1.09811136,0
5016,158.2,34.32866279999999,48.210643360000006,4.07546352,9.372322839999999,1.30594828,1
5017,279.84,29.31636199999999,168.326064,4.007560160000001,7.41305424,1.3033029200000001,1
5018,390.32,36.2848008,303.06153199999994,3.2892998000000007,8.56384316,1.32400372,0
5019,287.64,35.4953376,227.14066000000003,4.76758112,11.152176399999998,1.3095995600000003,0
5020,160.28,38.281147880000006,154.09908799999997,4.095182640000001,9.23169427496,1.26784356,0
5021,228.48,26.112329199999998,210.24339999999995,3.8039216800000006,5.997296520000001,1.3012562799999998,0
5022,131.84,40.939925200000005,243.69257199999996,4.233546519999999,12.235040400000003,1.27659124,1
5023,194.2,47.12259,253.54735999999994,3.81266476,13.503298400000004,1.2764649600000004,0
5024,160.08,31.837817599999994,276.512948,3.9451348800000003,8.223231320000002,1.29944472,0
5025,48.48,27.79706239999999,245.30154399999995,4.24612704,7.1431999600000005,1.2884282399999998,0
5026,150.8,14.369260279999994,309.55322799999993,4.28200556,2.741824360000001,1.2863422800000004,0
5027,256.32,28.270147199999997,34.86523295999999,5.586635520000001,9.35526356,1.3275740399999998,0
5028,62.12,19.063605120000002,236.18352599999997,6.442419600000001,5.503410944,1.3410031600000003,0
5029,377.8,36.29087080000001,192.74321600000002,5.1972594,12.4994904,1.3095694000000002,0
5030,212.32,35.66951120000001,264.47080399999993,4.1723269599999995,10.127900959999998,1.2756876800000003,0
5031,336.8,17.535827319999996,221.85710000000003,4.811932,3.8481272746000004,1.29548328,0
5032,118.8,27.683892799999988,192.79641200000003,5.2145737599999995,8.63070708,1.1807800000000002,0
5033,76.44,25.97745359999999,173.493436,4.038999560000001,6.325809040000001,1.3054915999999996,0
5034,505.0,45.65737240000001,189.772876,3.60048304,12.57522344,1.36631608,0
5035,283.32,34.76766239999999,335.9336440000001,4.23996732,9.700319520000003,1.3576417600000001,0
5036,113.92,36.88839,286.11120999999997,4.49091632,10.605415320000002,1.29549796,0
5037,41.76,24.506357599999998,99.70810360000002,5.025542040000001,6.935397599999998,1.2884573600000002,0
5038,79.16,19.718365999999996,34.408516,5.992522759999999,6.154698479999999,1.35530824,0
5039,171.12,27.363818799999994,214.944948,3.84440912,7.000920439999999,1.30173452,0
5040,89.48,23.2153804,253.05757760000003,5.4584236399999995,7.00278376,1.3650833599999999,0
5041,62.64,34.779127199999984,341.582492,4.571325,9.952449480000002,1.1002829200000002,0
5042,325.84,35.2793224,110.95466400000001,3.48774444,8.565893399999998,1.3082029200000003,1
5043,78.88,28.191043479999998,169.2703436,3.404052160000001,5.17036484336,1.3126684400000004,1
5044,53.4,28.609536399999993,160.4822,5.29808444,9.48716252,1.32730124,0
5045,47.12,26.465776399999992,244.05953999999997,5.602187120000001,8.70871996,1.29587224,0
5046,313.68,29.1371812,312.4176960000001,4.094795640000001,7.396371680000002,1.2773392799999999,0
5047,449.16,44.67264559999999,222.440692,3.596693720000001,12.0914264,1.3633606800000002,1
5048,87.96,16.469221880000003,213.19769600000004,5.31755592,4.11379216,1.2755396800000003,0
5049,394.84,36.21444160000001,274.4420400000001,3.623984240000001,9.26571348,1.31304284,1
5050,210.12,26.505892000000003,325.2357536,4.20699068,6.650280640000001,1.33384664,0
5051,373.4,12.934894839999997,170.309382,5.55577136,3.1899291356,1.2836954400000002,0
5052,131.6,25.6682792,209.12157599999998,3.21361568,5.25973356,1.0996156000000001,0
5053,112.6,31.990344399999984,68.3360204,5.106136639999999,10.326854639999999,1.3069376400000001,1
5054,257.68,16.303908399999997,62.26259679999999,3.631963080000001,2.9716729199999996,1.3069198000000002,0
5055,496.12,36.281074,73.7888672,4.245156199999999,10.393932999999999,1.32777784,1
5056,374.16,14.27271912,64.300816,5.70323628,2.5482579070000004,1.2778288399999997,0
5057,408.76,36.93477119999999,74.65125920000001,4.44058772,11.02610388,1.3273791999999998,0
5058,238.0,28.75525028,64.01750608,5.760934839999999,8.766281007199998,1.2873805999999999,1
5059,235.16,30.039062920000003,239.314292,4.577316199999999,7.9661028,1.308948,1
5060,399.4,25.915910399999987,88.368806,4.4208001999999995,6.730702360000001,1.32843672,0
5061,448.56,28.372059600000004,144.431512,3.376797040000001,6.228616360000002,1.3239787200000002,0
5062,182.96,33.57130159999999,188.106764,5.8064104,12.703397360000002,1.3041023999999999,0
5063,171.84,42.93517599999999,189.668924,4.991860919999999,15.8120068,1.2844115600000001,0
5064,366.68,23.329141599999993,258.797456,5.15811144,6.6182054400000006,1.2946389999999999,0
5065,103.8,33.84252959999999,48.03976488,3.89594984,8.56916092,1.3086908799999997,1
5066,580.64,35.4198016,59.9588076,3.9728241200000003,9.49498928,1.3266795999999996,0
5067,221.8,27.2351052,183.57246399999997,3.0103430399999995,5.431388599999999,1.27998392,0
5068,172.32,17.31383108,94.17000759999999,6.534710799999999,5.829927199999998,1.2778932,0
5069,167.08,26.2200536,276.161908,6.034857199999999,9.283893040000002,1.35979676,1
5070,63.04,29.374992800000005,150.37310000000002,4.46011888,7.75675052,1.0987803200000001,0
5071,301.32,29.947147199999996,260.06816047999996,4.034269640000001,7.593027959999998,1.3509341999999998,1
5072,440.04,34.1795408,334.35197999999997,6.039294080000001,13.49459356,1.3244427200000002,0
5073,312.44,31.089617200000006,59.17918760000001,4.954115119999999,9.59342196,1.3064374,0
5074,259.84,26.71336679999999,281.139076,3.6218788800000006,6.039200920000001,1.3076472000000001,1
5075,44.92,47.7418196,111.29227800000002,2.3866963999999995,10.348581320000003,1.27396612,0
5076,612.32,35.2015192,282.22852400000005,4.6316448,10.646431640000001,1.33808036,0
5077,202.64,37.804123999999995,144.65654000000004,3.11212804,8.74336512,1.35382984,1
5078,261.48,20.6866248,105.3805936,6.761080959999998,8.181666759999997,1.2825739999999999,0
5079,296.92,23.41894188,75.65867999999999,4.9460262,6.296698239999999,1.35621368,1
5080,316.72,16.098996,171.31860519999998,5.158283120000001,3.71050924,1.3300973999999999,0
5081,131.4,20.70293628,277.13861848,4.3898765200000005,4.55312116,1.2962296800000002,0
5082,93.72,27.78547759999999,98.1834992,5.0250642,8.289996919999998,1.2953410000000003,0
5083,91.84,27.48167959999999,201.16892000000004,4.098207360000001,6.853680600000001,1.1146794800000002,0
5084,53.8,28.181124399999998,162.717688,4.399045439999999,7.459819320000001,1.32657112,0
5085,482.8,24.456993199999996,160.26635839999997,2.954249639999999,4.657984879999999,1.32644048,0
5086,142.2,21.070665199999993,324.33376,6.963744279999999,8.36090252,1.2801423200000002,0
5087,132.32,29.956020000000002,99.15073600000001,4.999730959999999,8.814976,1.3013034799999996,0
5088,60.8,18.35368304,307.787356,4.411533199999999,3.3766381335999993,1.3185122400000002,0
5089,412.12,31.50545719999999,70.5353412,5.035545679999999,9.96644556,1.3276862799999998,0
5090,462.64,32.0550968,133.7883488,3.8012807199999994,8.207338720000001,1.3323555599999997,0
5091,37.8,12.804838279999997,299.5146839999999,6.264584200000001,3.2471581280000006,1.2791116,0
5092,271.36,29.155496399999997,297.59513200000004,4.8048854,8.176211639999998,1.30478864,0
5093,255.76,34.2772684,43.2060152,4.8041212,10.707910359999998,1.35265556,0
5094,209.84,26.917485199999998,248.34375999999997,3.8448513600000007,6.280920640000001,1.2993806799999998,1
5095,154.68,35.61504279999999,112.6634448,4.68281836,11.067908680000002,1.3340030399999998,0
5096,408.64,32.313631599999994,288.254212,4.311450600000001,8.911740199999999,1.2815018400000002,0
5097,54.32,14.20861752,49.62239879999999,5.06385512,2.3676735142000003,1.3562077999999997,0
5098,105.4,38.1315148,337.0082080000001,4.36017248,11.251201000000002,1.3356300800000003,1
5099,640.2,37.5500412,177.729612,3.2211365599999997,8.90680704,1.36936528,0
5100,305.56,31.90453599999999,125.92519999999996,4.142325480000001,8.442008040000001,1.3238600000000003,0
5101,626.24,29.553591999999995,291.030296,5.12733012,9.3515876,1.3669149200000004,0
5102,213.12,37.7454408,252.75901600000006,3.61249504,9.648569040000002,1.3025952,1
5103,176.92,27.846161479999996,83.9063956,6.530557,11.30474624,1.3393297999999998,0
5104,162.6,33.9108332,84.44570599999997,3.0212625599999994,7.35287844,1.2889405599999997,0
5105,418.64,41.9090148,279.566288,3.7602782000000006,11.467694799999999,1.32658488,0
5106,117.44,28.786168399999994,347.7716319999999,4.15733172,7.361091160000001,1.1316241200000001,0
5107,278.24,35.606428,109.9479892,4.12174852,9.95180596,1.2960334399999995,1
5108,66.96,21.257903719999998,105.52289840000002,5.454147680000001,6.367273423999999,1.2780924400000002,0
5109,100.24,29.324527600000007,307.97878399999996,3.4623639600000002,6.450620520000001,1.3427262400000002,1
5110,359.68,33.6577404,77.284176,3.5198976000000006,7.934259399999999,1.35654376,1
5111,283.88,23.381844399999995,95.9900928,3.8403202,5.11396828,1.2901196,0
5112,18.36,28.677152,224.37605599999995,4.1339732,7.3184097999999995,1.27414844,0
5113,46.08,23.434441599999992,241.80434800000015,5.265657439999999,6.837901240000001,1.31005372,0
5114,24.72,53.520695599999996,198.28865600000006,4.018193799999999,16.6130308,1.2744071599999998,1
5115,343.08,32.647744,268.80303888000003,4.711871200000001,9.465821600000002,1.30168408,1
5116,58.88,29.414881199999996,146.65753999999998,3.5735367200000008,6.75614052,1.3597700000000001,1
5117,299.52,32.067993200000004,44.3903168,4.034397879999999,8.326109919999999,1.3074382,1
5118,255.76,28.11226840000001,87.6345232,4.841123280000001,8.106642040000004,1.27841328,0
5119,76.84,22.875420520000002,163.40048,4.80104988,6.09304596,1.3094919200000001,0
5120,292.32,19.653268799999996,287.57728000000003,4.049322200000001,4.25421388,1.3328362,0
5121,21.28,30.3736764,58.4714228,4.397474560000001,8.279881200000002,1.27960808,0
5122,12.6,31.778251319999995,236.01424839999996,5.191739559999999,5.91627279656,1.13684672,0
5123,28.52,28.348896279999995,65.95353088000002,5.939456679999999,6.75098563568,1.28251948,0
5124,318.16,39.708599199999995,306.0475799999999,3.16385352,9.45796644,1.3169380800000001,0
5125,600.6,39.11518319999999,219.72512799999993,3.7735381199999996,10.604200879999999,1.3170955199999996,0
5126,230.84,35.67072732,144.250728,3.4686989199999996,8.51549464,1.28773808,0
5127,116.64,36.7365448,110.10939680000001,4.616658879999999,11.883943439999998,1.3204598800000003,0
5128,422.56,29.7550336,42.414944000000006,4.07047992,7.5827406800000015,1.3284586000000003,1
5129,363.72,17.489852400000004,264.97091199999994,6.200476879999999,4.0713909794,1.2858728,0
5130,177.92,36.19240359999999,62.874064800000006,3.5636205599999995,8.983149000000001,1.1936384000000002,0
5131,540.32,26.11277344,191.07724800000003,2.8061202000000005,4.9502063199999995,1.33433824,0
5132,145.56,29.833368399999994,289.2221399999999,4.15576564,7.7036450400000005,1.3348109599999998,0
5133,300.68,28.663249999999998,158.538276,3.4596486799999995,6.50841508,1.34017004,1
5134,731.32,36.8319108,265.184228,3.9709368000000005,10.014054280000002,1.3390076800000004,0
5135,72.72,14.782327999999998,269.6145,4.20249472,2.8490480887200005,1.2970215600000001,0
5136,226.52,38.081743599999996,111.5915796,3.455572919999999,9.490679959999998,1.3037916399999998,1
5137,61.4,14.276504520000003,249.31334000000007,5.104186039999999,3.46183590664,1.2847196799999998,0
5138,353.92,21.1152728,105.15624247999999,6.17570964,5.884738199999999,1.29886052,0
5139,341.92,34.054100000000005,112.91561191999999,5.60231696,12.469804479999999,1.31266308,0
5140,432.52,22.222602399999996,172.526616,4.30208948,5.180676200000001,1.31418304,0
5141,310.12,26.924331600000006,337.2991679999999,3.3263226400000003,5.855842119999998,1.35165976,1
5142,195.92,25.78026508,101.95242888000004,3.4840904400000006,5.5743568119999996,1.3149366,0
5143,294.08,29.415103199999997,222.603356,3.3981612399999994,6.5986872,1.27703092,0
5144,137.32,35.9502068,341.728868,4.29867316,10.089152439999998,1.3052289199999998,0
5145,253.4,27.920398,306.53929600000004,5.06054064,8.47564844,1.31472332,1
5146,491.6,30.881976799999993,228.65835199999995,4.8773122,9.469167400000002,1.320316,1
5147,103.52,36.47483119999999,297.6114359999999,4.7948129999999995,11.687732880000004,1.29333936,1
5148,63.32,17.2573208,295.26688800000005,4.551668719999999,3.7418153966000007,1.3208946400000001,0
5149,182.16,22.983184119999997,264.82109999999994,3.85072044,5.098233199999999,1.3505082800000003,0
5150,328.12,32.220042799999995,328.00955200000004,3.722857839999999,7.921519360000001,1.3088064400000001,1
5151,210.4,28.841526400000003,104.2143728,5.164069279999999,8.9122498,1.2879518800000003,0
5152,610.8,26.984373200000004,231.363516,5.5227013199999995,8.83697492,1.3212921599999998,0
5153,98.84,31.748112000000003,130.463848,4.38162336,9.15492664,1.2341018400000001,0
5154,322.2,35.5310052,250.879404,3.19996292,8.232876679999999,1.3042555999999998,1
5155,202.76,13.594623879999999,58.012192000000006,3.8980663599999996,1.9973708319999997,1.3105377999999999,0
5156,440.64,36.001053999999996,108.26056024000002,3.443173279999999,8.80749284,1.3487094799999997,0
5157,237.44,40.16804092,57.806602000000005,4.053847000000001,10.045368095999999,1.3030383999999997,0
5158,330.0,40.890843600000004,191.471544,5.129583320000002,14.600410799999999,1.3624157600000002,0
5159,262.44,34.3957128,210.21681200000003,6.05251044,13.90767144,1.2925950000000004,1
5160,93.64,42.0123416,100.7422864,3.4160185999999997,10.819416239999999,1.25420032,0
5161,466.84,35.5071964,164.246296,2.996417680000001,7.92316824,1.3119343600000002,1
5162,316.12,21.43911748,64.33991719999999,4.54356708,5.2814556,1.33053368,0
5163,219.24,30.948050399999993,309.88872,4.956825719999999,9.486557440000002,1.28164988,0
5164,197.92,34.4021684,36.587914960000006,3.0699197600000003,7.611070399999999,1.35808156,0
5165,285.0,35.078359999999996,58.28581439999999,4.504967560000001,10.98328748,1.3457709599999998,0
5166,473.36,35.993205319999994,276.09652732,4.353557599999999,10.606534760000002,1.3128560800000004,0
5167,294.52,27.920934,108.10022,4.385113919999999,7.39866796,1.31577292,0
5168,243.68,23.209400000000002,116.3530328,5.3035882,6.799124480000001,1.3578552000000002,0
5169,84.72,21.7799664,280.09120400000006,5.2918509600000005,6.158269000000001,1.3139691999999998,0
5170,546.4,46.8323056,200.47251600000004,5.719046959999999,19.650948399999997,1.3137789999999998,1
5171,135.12,33.0568196,220.17417200000003,4.297746759999999,9.187585079999998,1.2699716000000003,0
5172,251.72,32.183808000000006,210.390192,4.20440656,8.712863359999998,1.3040278000000003,1
5173,234.36,39.35132959999999,58.41286160000001,3.3747120800000006,9.722872520000001,1.3078496400000004,1
5174,615.12,24.832247600000002,140.17009736,5.605154199999999,7.860987,1.3238962399999996,0
5175,221.32,31.669207200000002,325.90856399999996,4.49231728,8.989099959999999,1.3117356400000002,1
5176,50.64,23.340782799999996,87.08056,4.23767116,5.550056479999999,1.3311020400000002,0
5177,370.16,29.17013239999999,151.93007200000002,4.15141884,7.4725836800000005,1.3144639600000003,0
5178,157.44,36.724382399999996,197.98968399999998,4.00875384,9.92178356,1.30915536,1
5179,267.4,29.4086576,100.23954079999997,4.20932536,7.441305520000001,1.30792956,1
5180,140.36,28.603929199999996,233.59571600000004,6.34375688,11.404823120000001,1.27905984,0
5181,183.2,27.463527599999992,192.44058400000006,3.7860977200000003,6.450545480000001,1.3079208799999997,1
5182,296.48,35.59452080000001,164.35363891999998,4.984878159999999,11.667165360000002,1.3119647999999997,1
5183,51.04,21.904440039999994,217.252292,3.66522904,5.0478295200000005,1.309405,0
5184,329.56,33.89303280000001,91.97159040000003,3.9143212000000007,8.86549932,1.32250608,1
5185,236.04,24.586668799999988,146.42590399999995,4.10395136,5.9721759599999995,1.29132112,1
5186,466.08,30.455978,216.43088136000006,4.50114504,8.473056599999998,1.3277290800000001,0
5187,683.92,30.77556199999999,224.5616103200001,4.0232054,7.857523799999999,1.34898256,0
5188,207.0,18.817715479999997,38.5498716,3.9187114800000007,3.81257066,1.30120476,0
5189,440.24,30.555673999999996,179.11488799999995,3.1861378399999993,6.703178760000001,1.3013288,0
5190,187.0,26.7968932,301.562924,4.85438328,7.6288515199999996,1.3150916000000001,0
5191,348.92,18.2798228,91.40443599999998,4.93925024,4.766577952000001,1.28227012,0
5192,30.6,15.763959479999999,138.5256388,7.062488599999999,3.3034234089199996,1.3082259600000001,0
5193,76.0,50.2246752,263.648672,4.28810992,15.760182640000004,1.3024916400000004,1
5194,497.8,32.105035599999994,113.74078960000001,4.37680992,8.97792832,1.36726264,0
5195,96.48,25.6207092,281.92152640000006,5.816722799999997,8.81391884,1.3652966800000004,0
5196,72.76,34.387437199999994,91.02515520000001,3.56744144,8.34388424,1.3073031199999996,0
5197,63.48,18.667665599999996,181.100832,6.745124799999998,6.203938000000001,1.1070781600000001,0
5198,345.8,35.399823999999995,189.14766799999998,4.86489832,11.37378716,1.3084289999999998,1
5199,236.12,28.488929199999998,191.49425200000002,4.077650040000001,7.293000880000001,1.3286825199999999,1
5200,198.84,27.939128799999995,284.94822800000003,3.83806308,6.63192956,1.2603072800000001,0
5201,20.8,20.8392272,245.128496,3.80699112,4.46044876,1.2683585999999998,0
5202,125.04,20.404059999999998,95.32259920000003,3.9580329600000006,4.33172576,1.33965768,0
5203,81.72,20.223425879999994,318.16574,5.754629080000001,6.085876880000002,1.312541,0
5204,134.8,29.252469599999998,120.77924000000002,4.9599442,8.788401440000001,1.3374562399999999,0
5205,402.04,38.4182856,199.328812,3.26018256,9.1632652,1.3404948399999999,0
5206,271.68,18.476911199999996,183.89160800000002,5.6630196,5.26698296,1.3216681999999997,0
5207,500.76,42.01545959999999,198.78240399999999,3.3490581999999995,10.58279328,1.33364144,1
5208,244.92,36.5308464,320.164584,3.89145108,9.78754656,1.30728476,0
5209,223.96,33.3729728,307.270464,3.2734887999999995,7.61626824,1.1097009599999998,0
5210,12.12,16.60381168,131.948804,4.095560639999999,3.3668223199999994,1.09851504,0
5211,143.72,27.247746799999994,128.498168,3.88314548,6.413231320000001,1.2709983200000001,0
5212,484.68,37.4913636,301.8474879999999,4.90527072,12.40592764,1.35629784,0
5213,319.44,25.102375199999994,158.654868,5.119353359999999,7.3116182400000005,1.3287074399999996,0
5214,335.24,26.5401948,238.83824400000006,3.1992436799999995,5.3218662000000005,1.29457792,1
5215,253.04,32.3466584,71.99656039999999,3.4531634,7.625202240000001,1.33440584,0
5216,292.64,35.4498692,293.873028,3.6425584400000006,8.91979476,1.2851119199999999,1
5217,168.8,14.270189999999998,94.0523948,8.23900984,1.8233981570399995,1.2771915199999997,0
5218,57.88,30.76042944,117.88477280000001,6.662059359999998,3.6218781714799997,1.2972122800000003,0
5219,380.88,21.99722104,74.72163080000001,4.3780722800000005,5.038891957320001,1.3692859199999998,0
5220,652.12,36.433369600000006,226.28025999999997,2.750256960000001,7.785178520000001,1.33253288,0
5221,314.96,33.18738799999999,219.07358799999997,3.703952320000001,8.24290032,1.2832850000000002,1
5222,67.72,32.1218804,296.92529088000003,4.47551136,9.240423159999999,1.2867952400000002,0
5223,445.24,28.332031079999997,246.99314,2.8750094,5.656594348000001,1.3245209199999999,0
5224,439.12,29.8044892,114.97478479999998,5.955189440000001,10.786524359999998,1.32325484,0
5225,216.32,16.435931599999993,210.68699999999998,6.71175696,5.501260640000001,1.3137340400000002,0
5226,356.56,29.45882680000001,175.807404,4.62349828,8.297102640000002,1.3274672799999996,0
5227,163.44,22.602238000000003,56.244882,4.80382876,5.949570879999999,1.1565347200000002,0
5228,48.0,32.6226872,263.71771888000006,4.14707944,8.987098000000001,1.3103813199999998,0
5229,47.0,23.332485199999997,192.15914040000004,4.74008408,6.119550439999999,1.2555596800000002,0
5230,228.4,36.3530208,155.391244,3.7236282,9.297902240000003,1.2959970800000002,0
5231,71.64,27.252093999999996,319.20832400000006,4.169176960000001,6.826645119999999,1.3474496399999998,0
5232,157.84,23.770456399999997,169.713424,5.3533874,7.072750799999999,1.2983375600000002,0
5233,12.24,26.23405076,307.24742528,6.181882119999998,4.5851068772,1.36403036,0
5234,327.04,33.3656776,301.5963000000001,5.1083076,10.918495399999998,1.30054504,1
5235,122.6,36.5090648,271.393948,4.0035796800000005,9.87958208,1.2540706000000001,0
5236,226.0,33.13193372,123.9915192,4.805083039999999,9.54328724,1.30305676,0
5237,116.72,29.147062000000002,122.76301519999998,5.257442880000001,8.03232996,1.30600436,0
5238,102.04,26.590074000000005,146.915908,5.761760560000002,8.943405920000002,1.2764301599999996,0
5239,148.92,28.234116000000004,94.45469479999998,6.15127064,10.953687760000001,1.3386825199999999,0
5240,34.76,29.013262799999993,74.76327280000001,3.91507488,7.018096039999998,1.2794863200000002,0
5241,45.72,23.784639599999995,273.110856,5.864114319999999,8.204857,1.1239136399999998,0
5242,839.36,20.156633600000003,198.44280799999996,5.53834244,5.723865400000001,1.33929112,0
5243,285.92,32.294821199999994,107.14699743999998,4.11437748,8.4433102,1.30807728,1
5244,80.52,26.95750852,148.71052,3.9717488399999996,6.576091192000002,1.25151116,0
5245,130.08,32.51620532000001,201.038652,4.72425748,7.9038318400000005,1.3152155600000004,0
5246,458.72,24.673921999999997,160.80942399999998,4.408471120000001,6.22339708,1.3224453200000001,0
5247,143.44,33.544522,94.1297208,5.0330596,10.911598840000002,1.2398174000000004,0
5248,484.92,28.141015200000005,265.97099199999997,2.97635612,5.783227439999998,1.3170393999999999,1
5249,188.44,19.203644639999997,194.66800199999994,3.26084336,3.207240352,1.3336682799999997,0
5250,200.12,25.2133328,232.32666799999998,6.1792168400000005,8.992934799999999,1.28902952,0
5251,25.76,29.2223864,311.2694200000001,4.04326224,7.3760492,1.2699541600000002,0
5252,293.52,30.3967072,248.23561599999996,3.3280477999999993,6.8002588,1.30469772,1
5253,42.8,26.3104996,145.86744800000002,4.53298444,7.302198560000002,1.11912808,0
5254,111.52,26.056544400000007,77.6812464,4.486227960000001,6.87270288,1.2874321599999998,0
5255,132.64,22.02899868,208.87996399999997,4.45007464,4.986226245639999,1.1219502399999999,0
5256,108.0,19.349426519999998,125.67854999999997,4.21612996,4.05281132,1.2644341200000002,1
5257,127.2,24.732153999999994,97.79730488000001,5.62184416,7.772895369560001,1.33811116,0
5258,544.84,16.23887904,182.32321439999998,4.46509112,4.18020588,1.3371626399999998,0
5259,61.64,13.71123172,159.1373996,6.25405596,2.3262837146399997,1.3081350799999998,0
5260,174.36,22.712004,132.669652,4.6507114,5.847905960000002,1.3021888000000001,0
5261,203.72,8.187094440000001,119.1252,6.33871924,1.60968846112,1.27892928,0
5262,45.44,29.542980799999995,334.31620399999997,4.712896559999999,8.25168536,1.1163128000000002,0
5263,294.8,28.946686000000003,142.267896,3.4625771199999993,6.58370488,1.33977496,0
5264,112.44,16.748664559999998,54.59772960000001,4.044062479999999,3.25239368,1.3220778800000001,0
5265,479.0,30.718862399999985,135.36758152,3.5204952799999996,7.372630080000001,1.3648807999999997,0
5266,264.4,38.0116372,312.17871999999994,4.548539879999999,11.813419000000001,1.3098748399999998,0
5267,294.36,20.3630576,79.16225039999999,6.7777283599999985,7.5227265999999995,1.3674453599999998,0
5268,130.28,20.906176679999998,126.20656000000001,7.02168908,7.412935388120001,1.1181348,0
5269,628.0,19.167170399999996,48.35323399999999,4.23687504,4.1644137599999995,1.3484096800000003,0
5270,188.12,20.82394108,253.04692000000006,3.8595893599999997,4.367310800000001,1.3506561199999998,0
5271,156.88,34.74222588,126.37101000000001,4.7079474800000005,10.36357364,1.30556832,1
5272,146.8,26.842793999999998,72.5999212,5.519837520000001,8.680362119999998,1.33498468,0
5273,13.64,23.888885520000002,138.8012576,6.63710776,7.919863916,1.101448,0
5274,411.4,24.256885999999998,207.97168048000003,6.97187856,9.91493488,1.3470943199999998,0
5275,564.0,31.826102000000002,119.7343376,3.8227302400000003,7.95636544,1.3295481599999999,0
5276,52.88,22.408095599999996,243.40286400000005,5.138718040000001,4.0881438044800005,1.2972502,0
5277,332.4,11.002531119999999,236.5374,6.14079056,2.79413795412,1.30166876,0
5278,347.52,28.554101999999993,267.534188,4.98402464,8.38752836,1.3148667199999997,0
5279,156.36,22.9324232,102.291272,5.120101,6.397450880000001,1.33596004,0
5280,432.44,37.59059239999999,61.31408344000001,3.4839962000000004,9.36025024,1.37047192,0
5281,715.12,37.762904799999994,122.35299999999998,3.4327899599999996,9.32278428,1.3220202799999998,0
5282,277.2,25.186375999999992,180.84432799999996,4.044926719999999,5.931816319999999,1.3471537599999999,1
5283,162.4,25.804322800000005,292.7006,3.73390968,5.81229944,1.33928976,0
5284,348.76,29.37723439999999,117.70163360000001,3.508349999999999,6.667693679999998,1.3145486799999997,1
5285,25.16,27.34140008,204.76212000000004,4.883082160000001,6.37279411352,1.3370379600000002,0
5286,227.48,15.155581599999996,272.45896799999997,4.520752320000001,2.95973208,1.3356216800000005,0
5287,46.88,17.86139696,179.35705640000003,5.28628092,4.04972624936,1.1145216,0
5288,31.92,16.451165879999998,104.29094,6.5443818799999995,4.178043433919998,1.27420056,0
5289,25.0,27.891394000000005,151.29537340000002,3.0615985599999997,5.61952876,1.2395919599999998,0
5290,119.76,34.0142172,287.5287,4.40592152,9.688010600000002,1.28018624,0
5291,223.44,34.77277719999999,75.8358632,4.0006144400000005,9.35142956,1.33416376,1
5292,68.48,35.976747200000005,96.52320680000001,4.764749960000001,10.98087524,1.2781434,0
5293,143.6,24.937254399999997,321.9169520000001,5.74649728,8.286814440000002,1.3657260399999995,0
5294,319.92,31.0023128,52.83979008,3.670233839999999,7.54504544,1.36798844,1
5295,218.56,27.13581119999999,151.362076,4.30366888,6.96485188,1.2908558,0
5296,187.8,24.466274,58.587725199999994,5.527045439999999,8.396143279999999,1.3062745999999998,0
5297,10.96,15.655759599999996,59.624702799999994,6.160934320000001,4.9487231428000005,1.2367432,0
5298,115.68,25.53865731999999,140.429196,5.027168720000001,7.430285240000001,1.3146096400000002,0
5299,106.92,22.511672399999995,179.58530800000005,7.416544400000001,6.965377309919998,1.2588970800000001,0
5300,16.12,26.52194392,197.84200960000007,5.120930120000001,4.41349014896,1.1165661199999999,0
5301,310.8,35.9329604,265.06351199999995,4.2314595200000005,10.13601048,1.3122161600000002,0
5302,15.6,27.003030680000002,143.7436208,4.385376400000001,7.640378159999999,1.3443843600000003,0
5303,372.32,29.145227600000002,225.7944000000001,4.2257266,7.6998268800000025,1.3617310800000002,1
5304,330.2,34.3453008,219.72502000000003,3.663101999999999,8.99120932,1.3120278799999996,1
5305,556.6,42.737314399999995,165.810984,3.19269752,10.720365439999998,1.3453934800000003,0
5306,321.2,33.706597600000016,103.81855680000001,4.57090496,9.967005040000002,1.27827196,0
5307,65.6,28.801611199999996,202.46550400000004,4.03492496,7.1727758,1.2740352,0
5308,505.28,20.111370400000002,193.02569599999998,6.018257600000001,6.361738839999998,1.3207019999999998,0
5309,69.04,20.692164799999997,181.8296828,4.0190404,4.529893079999999,1.10524296,0
5310,45.56,23.5200776,37.79961648,6.35310028,8.49673336,1.2984370399999998,0
5311,266.72,33.04566840000001,269.29522000000003,5.15514096,11.543967480000001,1.31489956,0
5312,57.48,15.70957012,169.62117567999996,3.6529538399999995,2.768595044,1.2772804799999997,0
5313,163.76,34.1225872,199.64481599999996,4.095686079999999,9.15742456,1.30904444,0
5314,375.76,36.5958764,39.72589800000001,4.90987936,11.951020919999998,1.3284094,0
5315,234.72,23.191547999999997,147.724232,4.3136544400000005,5.7822730799999995,1.14353996,0
5316,417.56,18.78227628,56.015114,3.60530008,3.6089209600000007,1.3013689599999998,0
5317,74.32,23.474069599999993,221.4558844,3.7224518399999993,5.033062684,1.28794408,0
5318,188.12,34.677213200000004,240.73404,4.05597336,9.63653404,1.2794829600000002,0
5319,234.32,30.970504800000004,325.29972000000004,5.18911168,10.052325640000001,1.3293824799999998,0
5320,181.08,29.777626000000005,219.27784000000003,5.66860292,10.511025559999998,1.2748109600000002,0
5321,294.04,43.71176439999999,344.22625199999993,5.926701960000002,18.787073600000003,1.3625920799999998,0
5322,238.88,30.11388199999999,142.55592000000001,3.7590775599999997,7.270063480000001,1.25965316,0
5323,466.28,31.375374799999996,73.1687268,4.086786399999999,8.18479936,1.3268954800000001,0
5324,359.6,47.59133799999999,199.99002399999995,3.7696198000000005,13.567254440000005,1.3092753200000002,1
5325,289.68,17.5676392,256.119292,4.20519772,3.627848279999999,1.30067052,0
5326,51.44,23.519782,72.9103532,6.20616852,8.28722796,1.2233343599999997,0
5327,519.12,31.6163428,58.155102,4.530990920000001,9.0493664,1.3507275199999995,0
5328,214.84,27.27462999999999,166.998484,3.386983400000001,5.850317000000001,1.3163397999999997,0
5329,72.12,24.551812799999997,91.96479928000001,4.090798040000001,5.77261488,1.11804712,0
5330,31.36,25.364155320000005,158.37588119999998,2.8219080800000005,4.72525832,1.3103697600000002,0
5331,277.08,25.16763479999999,174.94732799999994,4.0836516000000005,5.95709852,1.34718232,1
5332,139.4,29.5862724,68.6822556,4.787047080000002,8.675094919999998,1.34216012,0
5333,199.2,22.826414,243.30918616,5.8424719199999995,7.3690446,1.3327622399999999,0
5334,176.2,29.437247599999996,161.10105600000003,4.5525611600000015,8.26624756,1.3157859600000001,0
5335,273.0,46.9686588,122.310032,3.492688039999999,12.6513432,1.3624010399999997,0
5336,216.08,32.3688096,213.85656799999998,5.13001736,10.55429768,1.23108508,0
5337,174.0,23.6819188,133.03864959999999,6.48690108,9.509302560000002,1.2130063199999999,0
5338,89.72,16.40479376,78.31334600000001,5.65543188,4.41008732,1.2754475600000001,0
5339,293.96,36.742432,37.1379388,4.48801972,11.141798120000002,1.345031,0
5340,146.64,16.693210799999996,155.52884400000002,4.934216439999999,3.49018525548,1.2514124799999997,0
5341,150.48,26.9905224,172.469152,3.25230476,5.638039359999999,1.2876380400000003,0
5342,329.64,16.738886840000003,203.21550440000001,3.5836241599999994,3.0102409279999995,1.30683072,0
5343,117.84,16.283732159999996,176.35429600000003,4.72225512,3.057689112039999,1.3357265599999997,0
5344,128.24,19.42021056,124.62166440000001,7.967351679999999,4.70839168556,1.2990990400000002,0
5345,149.8,28.849239199999996,302.7259928800001,5.9715904,11.307745240000001,1.3086185200000002,0
5346,95.16,34.020816400000015,94.685576,3.450186399999999,8.11441276,1.2142200800000003,0
5347,15.28,25.542205199999998,134.192772,3.7345952,5.49588747592,1.30794152,0
5348,514.6,32.75904519999999,107.08333783999998,4.73827616,10.098563720000001,1.34520652,0
5349,39.52,19.517174799999992,87.402302,4.77433048,4.78832552,1.16443216,0
5350,306.48,17.08849868,317.707852,3.8983561599999996,3.32988748,1.2842769600000004,0
5351,153.36,35.995030799999995,34.9872268,4.06522256,9.8238636,1.3005519199999998,1
5352,454.12,42.12535600000001,92.02403159999999,2.8983757599999995,9.755710559999999,1.3282875200000002,1
5353,366.44,37.09747759999999,321.18711600000006,4.723199159999998,11.764706120000001,1.31124044,0
5354,145.8,22.2952428,191.22263999999998,5.60893052,6.871894520000001,1.11281952,0
5355,357.2,18.3894916,119.8455524,3.6040639600000004,3.07277112,1.2924643999999998,0
5356,115.12,29.355927080000004,105.74495439999998,4.092462479999999,6.54830384,1.3003803999999999,1
5357,285.88,23.0276876,85.76205920000001,3.454813039999999,4.648142559999999,1.3669134000000003,1
5358,156.52,33.829395999999996,176.12474184,4.52704608,9.932193599999998,1.26915268,0
5359,35.6,24.305033480000002,123.28060760000002,7.224395640000001,8.69199456612,1.27640012,0
5360,430.24,46.2804244,254.28754400000003,5.512224240000002,18.544056,1.33761504,0
5361,41.24,18.327879599999996,78.07905400000001,3.7070932400000003,3.5168884799999995,1.26466576,0
5362,65.28,13.208723359999999,249.74837200000005,4.892587239999999,2.31301098596,1.30464424,0
5363,206.4,32.38531519999999,177.12237600000003,3.56016128,7.7187177600000005,1.3103442799999996,1
5364,276.0,25.903254400000005,75.38549959999999,3.8951500000000006,6.348032319999999,1.36657924,1
5365,92.28,20.4472064,316.161152,3.8530825600000007,4.24116644,1.1057752,0
5366,99.24,33.772587599999994,101.96611312000003,3.5303242,8.13883148,1.2873708,0
5367,110.2,24.633427600000005,86.21768039999998,3.3634444400000003,5.085987576000001,1.2969547199999996,0
5368,148.72,31.791227600000003,244.23625600000003,4.76329348,9.590791959999997,1.3673217199999999,1
5369,587.92,33.09134423999999,231.606588,2.8054787999999995,6.9114761200000006,1.32436812,1
5370,452.04,34.641669199999995,96.94716815999999,3.7874815199999987,9.123014439999999,1.3154129600000002,0
5371,164.12,30.622886400000006,290.87117599999993,3.7345731199999994,7.326696039999999,1.2659172799999998,0
5372,388.36,24.909248400000006,153.60769200000001,3.09680504,4.871427163999999,1.29016448,0
5373,264.96,30.7713952,100.68116520000004,5.36930684,9.993897760000001,1.3013591599999998,1
5374,352.88,22.01231868,57.3416916,3.82246548,4.734851760000001,1.36797224,0
5375,85.24,25.510847599999998,163.500408,4.894494719999999,6.966741239999999,1.25102844,0
5376,42.8,21.454115599999994,144.35292400000003,3.91331984,4.52068436,1.26766248,0
5377,60.12,20.3865164,319.93410240000003,4.24278268,4.54155124,1.13051704,0
5378,495.92,50.412374,190.42811199999997,3.44593008,13.702005199999997,1.3109949199999997,1
5379,387.04,33.694384799999995,42.57442928,3.4306448,7.998210040000001,1.3281785200000005,1
5380,177.52,39.1434684,180.43654800000002,4.421201920000001,11.876881599999999,1.2750986400000002,0
5381,128.08,24.794605999999998,329.042628,5.088293000000001,7.2183601999999984,1.3587913200000004,1
5382,361.32,36.487663999999995,49.450542,4.4811681199999995,10.967165519999998,1.35725672,1
5383,205.04,29.545135200000004,281.268872,3.59784892,6.81155748,1.36316392,1
5384,241.24,20.5735252,202.53563999999994,4.754318080000001,5.24901612,1.30532168,0
5385,426.2,30.75735268,208.00217400000005,2.7918023599999997,6.215891932000001,1.3691828000000001,1
5386,372.52,12.826673799999998,302.48698,5.09782564,2.51812993568,1.2849519999999999,0
5387,323.84,45.25077919999999,225.34876000000008,4.374391879999999,14.362368400000003,1.36370316,1
5388,72.8,37.843213999999996,308.826752,4.941150520000001,12.73658412,1.2864772,0
5389,347.84,32.1712712,247.74473215999998,4.4201714,9.016700519999999,1.29509688,1
5390,47.68,28.05598239999999,189.95142000000004,4.7602188000000005,8.16924584,1.184388,0
5391,735.84,35.987782399999986,213.2515159999999,3.72024916,9.296140479999998,1.31582636,0
5392,18.96,28.362805199999997,137.071118,3.83007748,5.847749606960001,1.2162155600000002,0
5393,225.76,27.3167884,103.8282644,3.191035760000001,5.72190352,1.2964203999999997,0
5394,63.48,18.306504680000003,171.430344,4.549618679999999,4.22915204,1.28883532,0
5395,204.68,19.569391599999996,218.10705599999994,4.0821366,4.240344080000001,1.28012284,0
5396,134.12,23.489054799999995,116.491712,4.44723268,5.819510320000001,1.2958965999999998,0
5397,146.88,34.56907079999999,295.56715999999994,3.637781120000001,8.60608328,1.3110244799999997,1
5398,265.28,26.459781999999997,31.523756799999997,4.15965824,6.586240720000001,1.33241048,0
5399,285.04,36.46562479999999,152.74521199999995,4.1352226,10.174469559999999,1.31076772,1
5400,344.32,32.14660319999999,91.7789384,3.9743809599999995,8.27687904,1.3677537199999998,1
5401,60.12,24.35247136,60.4475688,5.6300558,6.1992564566400015,1.3100284399999997,0
5402,51.6,21.444504279999997,161.833516,3.9265625600000003,4.64460176,1.31847884,0
5403,209.8,24.00632760000001,197.27194000000003,4.42023252,5.992458959999999,1.30176072,0
5404,188.36,28.659564679999995,85.92396120000001,5.13869564,8.454884379320001,1.3180233199999998,0
5405,268.68,28.0017052,337.00526800000006,5.43803372,9.053676679999999,1.32141632,0
5406,294.92,22.3836424,304.888652,3.70543392,4.684726360000001,1.29916448,0
5407,110.0,36.008886399999994,283.45835999999997,3.62903172,9.119562160000001,1.27723312,1
5408,459.16,24.540782399999998,216.34121199999993,4.37514472,6.111070159999998,1.31893868,0
5409,88.16,28.479326800000003,204.58316759999994,5.29887232,8.661802360000001,1.3585720400000003,1
5410,310.16,18.9009384,296.812492,6.3785631600000015,6.276178319999999,1.3144424799999999,0
5411,400.76,30.721371199999993,159.39487200000002,4.408219799999999,8.45183364,1.2957712000000001,0
5412,141.92,26.232859199999993,246.8577200000001,4.73574332,7.22698672,1.2742411599999999,0
5413,729.6,44.2178536,262.39806,4.01024172,12.866914719999997,1.3183932399999998,0
5414,504.0,36.56554640000001,108.25925920000002,3.6801585599999993,9.3779746,1.3225145200000004,1
5415,434.04,27.4504424,47.4839896,3.6894895200000004,6.26189436,1.32286168,0
5416,115.72,31.518159999999998,294.18453600000004,4.68599044,9.268347639999996,1.2305568799999997,0
5417,457.08,49.50890400000001,83.42401960000001,3.0628022400000003,12.375243119999999,1.310922,0
5418,304.88,27.31237079999999,172.557884,3.6940152,6.239825960000001,1.32295172,0
5419,349.44,22.07619468,312.82604399999997,4.5947414,5.5718426,1.28512476,0
5420,372.88,28.5503032,137.6780368,3.8885005600000007,7.143103304,1.33507476,1
5421,252.16,16.65860960000001,350.291268,6.494694000000001,5.872446640000001,1.3265233199999997,0
5422,155.84,26.0694576,82.7778308,4.43215408,6.7468715999999995,1.2904620799999997,0
5423,182.2,18.2942768,116.57821200000001,4.90485156,4.517057759999999,1.29875384,0
5424,277.0,21.437412799999993,164.76508800000002,5.75831248,6.56880128,1.31578108,0
5425,19.48,20.46166052,195.82637800000003,4.34513412,4.436246921919999,1.3566670399999998,0
5426,221.96,12.617652319999998,115.11300000000001,8.11911876,3.8101441033200003,1.35578412,0
5427,286.76,29.828981199999994,190.13848800000002,3.91667356,7.4470654000000005,1.31510528,1
5428,524.12,32.54512319999998,106.45317839999998,3.3597581599999997,7.45851404,1.32617424,0
5429,333.52,28.652522799999996,26.8739188,4.93858196,8.520296039999998,1.28240588,0
5430,62.8,28.382439599999994,153.73515200000003,4.539139,7.797063599999999,1.2710484400000002,1
5431,13.04,23.292113719999996,223.36726599999997,5.862412439999999,4.99849676692,1.2764584,0
5432,263.44,25.004589199999995,21.81558016,3.8869449999999985,5.714670880000003,1.3359669599999997,0
5433,329.2,34.185720399999994,61.92990039999998,3.8993942000000006,8.91583656,1.31135204,0
5434,277.64,24.946375199999988,201.100724,4.262596,6.123158920000001,1.3477863600000004,0
5435,173.52,24.925732800000002,82.34513280000002,4.092263920000001,5.970121200000001,1.2456959599999997,0
5436,163.16,32.24925879999999,141.966132,4.4718699200000005,9.303062240000001,1.3056010000000002,1
5437,122.72,27.557596399999998,67.3740696,4.765505839999999,7.763001280000001,1.3394335199999998,0
5438,50.4,25.810858800000002,160.2295792,5.3794162000000005,8.556491679999999,1.2922029600000002,0
5439,76.32,41.714943999999996,52.125001999999995,3.8409522800000007,11.403305559999996,1.2948586,1
5440,102.76,34.92100119999999,134.2367604,4.586809920000002,10.56503324,1.3363534400000001,0
5441,277.92,26.3942364,186.127396,4.32126864,6.73361364,1.3150150000000003,0
5442,257.92,24.571069599999998,333.380552,4.624948,6.2549281200000015,1.23323552,0
5443,303.2,30.285264400000003,141.821544,3.1746830400000006,6.59206048,1.3599152799999998,1
5444,152.16,33.12667439999999,294.55104400000005,3.9944621600000003,8.711815840000002,1.2767898400000002,0
5445,547.56,15.087163199999997,108.87314800000001,4.470347240000001,3.1082091199999997,1.33845512,0
5446,47.92,20.194114519999996,78.8913632,6.340636040000001,6.651266119999998,1.2804513999999998,0
5447,323.08,28.386949200000004,39.4284392,4.509795639999999,7.698089480000001,1.2873325999999998,0
5448,316.8,24.9703772,181.69515600000003,5.87558468,7.955774440000002,1.2768803599999996,0
5449,352.8,21.5444708,128.3835,4.1060916,4.79118072,1.3104889999999998,0
5450,164.96,39.0950808,232.96597199999997,3.6647691600000005,10.170995000000001,1.3673925999999996,1
5451,270.64,31.30599,312.26433600000007,5.982996880000001,11.984060119999997,1.3168072000000002,0
5452,604.4,28.478632799999993,164.184676,6.223737319999999,10.9820122,1.3218205199999997,1
5453,299.76,24.001632799999996,69.47892999999998,6.180554680000001,8.278993360000001,1.3037079599999997,0
5454,112.2,27.67827119999999,105.55899759999998,4.271733319999999,7.16569204,1.30702436,0
5455,109.72,21.162631600000005,281.25076399999995,6.04874284,6.89143748,1.27539632,0
5456,311.12,36.4103564,65.43287879999998,3.0807331600000003,8.31561252,1.2831216400000003,1
5457,34.52,31.772777040000005,342.13099600000004,3.1832913199999995,7.39611224,1.2288414800000005,0
5458,131.72,26.231632799999996,109.862544,3.2880747599999993,5.4444388,1.3373900399999998,0
5459,301.96,35.432855200000006,162.56267199999996,2.89134508,7.689143839999999,1.30323324,1
5460,337.12,28.235244399999996,75.2141556,4.606772320000001,7.795814880000002,1.3553150399999998,0
5461,219.44,31.829582800000008,191.06459999999998,4.82027716,10.28618384,1.2381932,0
5462,53.6,24.632645200000002,172.26048600000004,3.54936608,5.152939840000001,1.31431444,0
5463,358.52,38.3509248,96.81273239999999,3.03248456,8.80033804,1.3613349599999998,1
5464,148.88,30.6604552,318.2128283999999,3.2479830000000005,6.7675734,1.30631916,1
5465,290.2,34.3534696,299.655764,3.68215808,8.598211479999998,1.31574752,1
5466,239.48,35.37186999999999,337.361936,4.725198079999999,11.045969800000002,1.30242236,0
5467,84.4,28.0644588,331.84542799999997,3.57350152,6.319961479999998,1.21913464,0
5468,30.64,24.850733999999992,284.624016,6.499982400000001,9.497472879999998,1.2763152,0
5469,434.56,30.32268079999999,281.61397200000005,3.8300439599999994,7.440406760000001,1.3191677600000002,1
5470,41.92,29.022706399999997,300.4342,3.321960360000001,6.310654960000001,1.36654636,1
5471,204.84,32.793502,155.841532,4.70875944,9.962284239999997,1.3579143999999999,1
5472,229.28,21.302053199999992,298.64557199999996,4.92523092,5.66370424,1.33127288,0
5473,17.96,14.424501560000001,247.87678400000004,3.758600000000001,1.9844761614000004,1.3150985200000003,0
5474,37.0,18.159872,100.50398519999999,6.09997564,5.20908881816,1.2420019999999998,0
5475,231.68,30.265343599999998,66.45109536,4.481309519999999,8.375126560000002,1.2945336400000003,0
5476,349.6,39.7131404,292.9083,3.1144486000000007,9.351051439999999,1.31581388,1
5477,306.44,42.9725112,324.60336407999995,4.13924936,12.715022679999999,1.30837088,0
5478,373.24,30.6201592,71.37792119999999,4.305705479999999,8.10043364,1.28257036,1
5479,302.28,35.77857560000001,337.221756,4.792877720000002,11.269569520000003,1.34633084,0
5480,28.88,18.022543040000002,271.59470600000003,6.19709016,5.018157166840001,1.3026654,0
5481,143.64,18.08863216,113.165708,4.86827388,4.45963096,1.30556592,0
5482,119.92,27.646810799999997,32.143933600000004,4.2606880799999995,7.13264936,1.3659037599999997,0
5483,187.08,29.489654400000003,317.64794,4.5754660399999985,8.265207639999998,1.3618144000000003,0
5484,92.68,15.081289840000004,311.68806,3.67396928,2.7014686520000004,1.1061449199999998,0
5485,140.64,31.8584332,127.60868719999996,6.898243079999999,14.672413599999997,1.3536724799999995,0
5486,121.24,27.53462319999999,193.76628088,3.1406051199999996,5.6823190000000015,1.31331576,0
5487,681.36,25.1445328,308.3046,3.95756092,5.834434400000001,1.32329904,0
5488,684.76,18.095318000000002,288.993732,4.37237296,3.89646036,1.36206572,0
5489,271.64,33.81333839999999,83.30034839999999,4.69418148,10.497816559999999,1.2922704799999998,0
5490,130.48,37.258468799999996,273.442512,3.8639663599999996,9.943919559999998,1.3089080399999997,1
5491,324.6,34.5687772,287.0105679999999,3.6926089599999994,8.70477576,1.3018831599999998,1
5492,71.72,25.708842520000005,295.54817720000005,3.64295156,5.335758812,1.31256116,0
5493,208.96,21.666231599999996,287.084172,7.066162039999998,8.711493639999999,1.30959964,0
5494,117.28,33.3314944,112.22118400000001,3.1395754399999993,7.45850516,1.3613717600000002,1
5495,118.88,27.2058072,137.161472,5.739168039999998,9.33859352,1.2751674000000002,0
5496,34.28,17.756103160000002,82.8085576,5.79749428,1.58611925168,1.3556318800000002,0
5497,133.68,14.722095079999999,166.3575,4.24387964,2.35405039264,1.2867562799999999,0
5498,210.6,13.979153080000001,154.514996,3.54305452,2.323258248,1.3008875599999998,0
5499,731.16,30.29343599999999,169.948156,3.9654134000000005,7.617096400000001,1.3234578800000003,0
5500,523.04,22.295521599999997,106.32351416,5.766232,7.20232812,1.3690348799999998,0
5501,259.08,35.554138,96.21374003999999,4.06601264,9.888398320000002,1.2952168,1
5502,271.92,20.2840972,105.31334599999998,5.81066724,6.203550891999998,1.30770488,1
5503,183.44,20.216852239999998,295.30204599999996,4.415393,4.13430874028,1.30126952,0
5504,328.08,25.52743399999999,153.62361999999996,5.143155360000001,7.535383559999999,1.2987310399999998,0
5505,14.48,21.155665999999997,181.03808,4.335435039999999,4.090517256280001,1.13907208,0
5506,351.04,32.52947799999999,142.29496400000002,4.339385,9.063253000000001,1.2991606799999997,1
5507,150.96,31.257779599999985,80.70947040000001,5.26943372,10.339974359999996,1.36419584,1
5508,198.68,21.06685052,112.11575199999999,4.856387079999999,4.73805423736,1.32123384,0
5509,277.2,30.5549756,194.35792679999997,4.27620872,8.214697039999999,1.3175476799999999,0
5510,55.76,34.9061544,148.029992,4.281983759999999,9.855066440000002,1.2505763600000002,0
5511,295.6,23.714908920000013,152.318196,6.1769001600000015,5.45277342692,1.31273416,0
5512,136.36,22.7648504,92.0287668,5.967288600000001,7.5198776800000005,1.290607,0
5513,160.4,17.8358876,179.97793599999997,3.1621952000000006,2.958367764,1.2282249200000002,0
5514,111.36,35.0031664,46.59193160000001,3.95412776,9.295861000000002,1.2627781200000001,0
5515,175.68,31.913598399999998,232.64937999999995,4.78878452,9.648239960000002,1.35966744,1
5516,142.84,31.4435348,257.59633112000006,4.362705399999999,8.794649200000002,1.30253368,0
5517,156.32,30.1302072,320.97688400000004,4.86615776,9.318668160000001,1.28305448,0
5518,138.84,23.73834440000001,121.50621199999999,5.994801600000001,8.207633679999999,1.2794362400000001,0
5519,159.2,19.387058399999997,80.055016,5.527319880000001,5.469963960000001,1.28691376,0
5520,63.08,15.712998400000004,222.9637544,5.268080960000001,4.01606091656,1.2809398799999996,0
5521,245.0,36.52311279999999,143.771416,5.381221880000002,13.227792759999998,1.3038694000000004,1
5522,291.44,37.10314600000001,265.1697480000001,4.603638920000001,11.464850279999999,1.3040161999999997,1
5523,275.6,31.355591999999998,91.2222564,4.853297,9.628242960000001,1.29018808,0
5524,674.32,37.63197439999999,219.86309352,6.31564356,16.9845644,1.34274236,0
5525,67.92,24.830517599999997,306.849768,3.3484148400000002,5.073072479999999,1.2881030800000002,1
5526,23.16,28.7638542,144.1339856,4.54786776,8.071300143999997,1.3401868000000001,0
5527,20.56,31.282137199999987,260.927848,3.7189145999999993,7.54148208,1.3246170800000001,0
5528,65.68,35.2097244,84.84427160000001,3.6708230000000004,8.873342479999998,1.2882475599999998,0
5529,370.92,16.216163360000003,191.07644399999998,4.395528519999999,3.4360252000000004,1.3612328399999998,0
5530,21.12,20.5800748,340.501172,5.1190745600000005,5.16488332,1.3549679999999997,0
5531,377.48,37.064571599999994,57.029842,4.231174279999999,10.51270628,1.3026373999999998,1
5532,66.6,20.254764160000004,269.39275999999995,4.8380142799999994,4.38505039808,1.2792634,0
5533,746.64,59.7763516,128.068142,3.7499083599999996,18.196196399999998,1.31836116,0
5534,62.96,13.423383719999999,97.246784,3.8415086800000005,2.303536292,1.3381880400000004,0
5535,168.44,29.65245,147.894328,3.349502200000001,6.54213512,1.28404504,0
5536,72.32,33.834313599999994,297.90953999999994,3.74069004,8.510147480000002,1.2749285200000002,0
5537,200.56,47.52182199999999,28.609003599999998,2.868128759999999,11.335871880000003,1.33228824,1
5538,302.76,22.81009576,137.031552,5.055718400000001,6.2057925766,1.32942768,0
5539,109.68,24.782773199999998,274.673908,3.8087508,5.55348888,1.36687228,0
5540,92.28,29.829851199999997,237.66171600000004,3.4939705200000004,6.802373759999999,1.3165221599999999,0
5541,236.56,34.5758872,273.870852,3.3770268399999996,8.208551039999998,1.3119903199999998,1
5542,179.96,35.71756399999999,228.1947079999999,3.49771696,8.719976240000001,1.2763659600000004,0
5543,15.88,34.49715572,267.73061608000006,2.7258011200000003,6.989339296000001,1.2877204800000002,0
5544,305.56,32.91233159999999,49.91845367999999,3.4244953600000003,7.685959040000001,1.3651626400000003,1
5545,137.2,14.67093216,63.040203199999986,5.889821120000001,3.6100104000000006,1.3326684,0
5546,397.52,32.2783832,40.2550652,4.195973159999999,8.716471879999999,1.32887488,0
5547,328.24,20.185989839999994,192.03976600000004,6.245745720000001,5.15814254364,1.3230164400000002,0
5548,108.44,29.7859908,76.4761024,5.454534280000001,10.07143248,1.2864959999999999,0
5549,94.08,29.03182239999999,331.806576,3.834022,6.98274744,1.2771790800000002,0
5550,486.88,20.1778996,152.13149199999998,5.74031136,6.061704719999999,1.3215691200000002,0
5551,317.16,29.09359999999999,271.67178,4.281994279999999,7.70987156,1.33365216,0
5552,364.8,32.715378799999996,210.21547999999999,2.71678508,6.650745120000002,1.3060096800000003,1
5553,52.4,15.372601319999996,177.44445,5.669742919999999,3.215688052,1.30255884,0
5554,215.08,30.299909599999992,58.407524800000004,3.6925391199999997,7.2116207600000015,1.3359818799999996,0
5555,171.32,20.573325199999996,167.684148,4.750277279999999,5.147555720000001,1.3022002400000003,0
5556,211.84,14.457804559999998,136.25865199999998,4.150418320000001,2.76365206384,1.10446036,0
5557,147.92,26.754397160000003,226.77274360000004,5.009840599999999,7.531628253799998,1.29505764,0
5558,145.52,26.80932759999999,38.016343279999994,5.58161488,8.90943236,1.3588521199999999,0
5559,481.44,38.0894204,155.69885199999996,4.0727920399999995,10.72725344,1.3252902800000002,0
5560,296.8,35.364222000000005,181.28453435999995,4.681722719999999,10.892648999999997,1.3119319999999999,1
5561,43.84,26.2639116,132.635276,5.036347039999999,7.386066959999999,1.2761278399999998,0
5562,169.08,32.0987956,271.701644,4.489766359999999,9.330861,1.360637,1
5563,318.4,26.234975199999994,113.5403416,4.12479772,6.4203095999999995,1.2897578,0
5564,44.84,14.0259812,105.008242,6.05559812,4.492212680000001,1.27134544,0
5565,61.2,20.17140452,95.98814399999999,6.78095404,7.01519912828,1.3438738,0
5566,12.48,11.059926759999998,159.3354028,4.145474719999999,1.1015651039999999,1.2889208800000003,0
5567,47.24,33.799642399999996,79.33716840000001,5.427712919999999,11.78792524,1.2812888,0
5568,376.16,28.226063599999996,177.37068000000008,5.459587599999999,9.346434480000001,1.2931529999999998,0
5569,79.36,28.771160799999997,212.704108,3.43877472,6.433530399999999,1.3183346800000002,1
5570,118.92,16.113195199999996,95.02604520000001,6.600908519999999,5.44817064,1.2965389999999997,0
5571,102.0,9.607628799999997,91.47479599999998,7.63194928,2.1851356703600002,1.3061782800000001,0
5572,229.72,26.307037199999996,72.65879199999999,5.2110496400000015,7.991599959999999,1.2941820800000001,0
5573,160.2,35.3717564,19.61909312000001,5.915089760000001,13.938559959999997,1.3010386799999998,0
5574,331.0,26.373706799999994,180.18295600000005,4.90921852,7.548519760000001,1.3170541199999999,1
5575,235.6,26.765170800000007,54.714974560000016,4.145475040000001,6.64038956,1.2911605600000005,0
5576,421.64,20.427162,164.06898399999997,7.005203160000001,7.959004520000001,1.3131034400000001,0
5577,63.32,14.533873639999998,160.5252,6.2153857200000004,5.05098764,1.3459758800000001,0
5578,360.24,35.4530756,194.59846,3.723793959999999,8.95647672,1.291145,1
5579,120.32,27.878972800000007,211.60837199999995,4.30159096,7.18513476,1.2945166399999999,1
5580,70.28,20.308450119999996,108.36214399999999,3.713263080000001,4.875687763999999,1.3111901599999998,0
5581,76.88,27.652981999999998,243.03055600000005,3.2071384,5.772884879999999,1.2752547999999997,0
5582,78.52,26.588158000000004,62.16417799999999,5.645112799999998,8.822779079999998,1.3073603200000001,1
5583,205.64,34.3352924,349.36814,3.49194408,8.285593119999998,1.3371386,0
5584,98.12,26.225405599999995,297.63938,4.24011944,6.47814244,1.29569112,0
5585,289.4,29.64138999999999,99.52500239999999,4.749362039999999,8.69768156,1.33346504,0
5586,58.24,14.234262919999999,158.91652800000003,5.626343279999999,3.1691232882,1.30336292,0
5587,162.4,32.83573839999999,132.315316,3.642990040000001,8.048370360000002,1.2872371999999999,0
5588,34.04,33.065315999999996,35.863399199999996,3.5132737199999995,7.925515399999999,1.2600011199999999,0
5589,280.16,26.031471479999997,143.35609296,4.19610996,6.663165880000001,1.33171356,0
5590,262.12,28.498073200000004,208.352008,3.4795255199999997,6.347632039999999,1.3041766800000003,1
5591,368.32,32.05798720000001,103.64800560000002,4.8748429600000005,9.913629919999998,1.3623236,0
5592,149.36,19.73106692,181.60089760000002,3.2780225199999995,3.668063728000001,1.3051488400000002,0
5593,107.76,24.175359879999995,215.73044800000002,4.297721279999998,6.618975908000001,1.2991394,0
5594,35.48,33.04782039999999,292.36489135999994,4.0611422,8.77256844,1.2669958399999999,0
5595,232.36,35.10854640000001,220.70268399999998,4.275987400000001,9.97855884,1.2960901999999999,0
5596,202.08,29.025817599999996,216.136256,4.7007024799999995,8.49328844,1.2855595200000003,0
5597,48.92,33.667784,192.51664,4.1913626,9.30118768,1.2813852399999999,0
5598,249.96,37.889372,173.525928,2.709588,8.1245294,1.30028344,1
5599,441.0,23.94958172,164.45409600000002,4.77049552,5.824677383120001,1.3094260800000002,0
5600,445.84,34.82028719999998,344.22181200000006,4.443557319999999,10.2170758,1.33264568,0
5601,285.48,32.39422119999999,71.36462839999999,4.31646112,8.99403692,1.33195584,0
5602,175.6,19.129156679999998,301.9801879999999,3.9906867200000007,3.9867939999999993,1.3361444,0
5603,185.76,26.157900000000005,196.431564,3.8186717199999993,5.994355559999998,1.31876012,1
5604,464.48,15.7928368,143.67479799999998,4.2625872,3.3222778679999987,1.286425,0
5605,134.36,30.899517599999996,122.7105276,3.6274526000000002,7.143434000000001,1.22587228,0
5606,81.16,19.829770399999994,68.58835679999999,6.232854520000001,7.1980195600000005,1.3013777599999998,0
5607,125.08,30.180896919999995,149.038548,4.69564952,6.786972108359999,1.3334558400000003,1
5608,186.72,29.089369199999993,34.739136800000004,5.698719439999999,10.13347704,1.3643772800000002,0
5609,169.08,29.886833199999998,79.95677696000001,5.99351168,10.41598944,1.30519292,0
5610,50.44,20.4892,226.06260400000002,5.93836416,6.44300704,1.3490489599999997,0
5611,73.28,24.096662519999995,201.847332,5.576616239999998,7.603052991359999,1.25177928,0
5612,281.16,31.529081199999986,175.78364399999998,3.4942152000000006,7.318972520000001,1.32556688,0
5613,513.6,45.79679999999999,173.92828,3.37184108,11.94614148,1.3337606800000001,0
5614,45.76,25.778504400000003,60.2098536,4.15257028,6.26371148,1.1292135999999997,0
5615,238.36,19.694813999999997,116.83157799999998,5.9295878800000015,7.382059439999999,1.3205469200000002,0
5616,79.84,21.29252584,203.37958399999997,5.09986344,4.33090869656,1.29396828,0
5617,80.4,25.22064868,284.432916,5.00549812,7.46986952,1.3298929199999998,0
5618,200.36,34.647096,335.7935,3.6640351200000003,8.63156264,1.3323253200000003,1
5619,550.28,39.770730400000005,262.470116,3.3140261200000003,9.818283999999998,1.3161786,1
5620,172.4,20.20719999999999,71.872804,4.993328840000001,5.179819999999999,1.1077592,0
5621,65.6,31.596834400000002,155.605164,3.617745599999999,7.554806000000001,1.26705288,1
5622,196.96,32.44764759999999,167.03793999999994,4.09329908,8.61270556,1.29926636,1
5623,256.84,28.540943199999997,129.692928,6.30884128,11.4686272,1.29063176,0
5624,238.44,28.7817476,183.46423199999998,2.90169248,5.81276588,1.2927382799999998,1
5625,216.84,33.48469959999999,257.136952,3.5191993200000002,8.082571960000001,1.2797836399999998,1
5626,19.52,15.042757439999997,221.86699439999995,4.283188160000001,1.8386389864800003,1.1384975199999998,0
5627,197.8,26.384219200000004,86.59055560000003,3.54274872,5.762444919999999,1.3669318399999997,0
5628,52.28,29.114261999999993,201.42574607999998,3.9803535200000004,7.41763984,1.29495632,1
5629,431.4,41.34339080000001,93.01800680000001,3.53857536,10.767726479999999,1.3645320800000003,1
5630,112.76,29.830076,201.358412,4.582293960000001,8.21813092,1.1537030000000001,1
5631,62.08,27.7159712,244.738908,3.4020845600000005,6.227628640000001,1.15330828,0
5632,123.64,23.5018428,123.61081600000001,4.121402079999999,5.463804999999999,1.2597516400000002,0
5633,110.84,22.948927999999995,326.56605199999996,5.8793366,7.502110319999999,1.1769431199999998,0
5634,110.48,36.545606679999985,161.535012,3.2250803600000006,8.686855252720001,1.28435092,0
5635,578.8,28.2290236,287.89651008,4.65499392,7.8575178800000005,1.3247775600000002,0
5636,144.84,33.07600479999999,175.12001200000003,4.71130552,9.988676120000001,1.30994868,0
5637,296.96,27.615386000000008,93.3863212,5.693052360000001,9.664789359999999,1.3303069200000002,0
5638,302.72,39.5665812,177.33369111999997,3.569590400000001,10.142479360000001,1.3566286799999998,0
5639,245.2,38.629175200000006,262.689088,3.7034480399999996,10.185687080000003,1.28051264,0
5640,719.56,20.114625199999995,283.397696,4.544789559999999,4.74442604,1.35704864,0
5641,251.16,30.024755080000006,282.75414,3.779156280000001,6.5744276799999986,1.3039122,1
5642,148.44,23.697963880000007,290.22616,3.2641016799999996,4.846585031999998,1.3347943200000003,0
5643,159.68,29.1429512,292.66593200000005,3.4928225200000003,6.70325368,1.2573401199999998,1
5644,193.24,26.215997599999994,164.42649599999996,5.206453920000001,7.888730359999999,1.28206304,0
5645,55.44,28.7344292,112.20260560000001,4.70075932,8.120722839999999,1.2759687199999996,0
5646,46.48,37.458271599999996,253.45688799999996,3.6609857600000004,9.626465279999998,1.2918073200000004,1
5647,370.04,47.508442800000005,158.85873600000002,4.140114039999999,14.827940679999998,1.3649631199999999,0
5648,173.8,23.971151600000002,234.16150399999998,3.7146802399999994,4.292602648,1.3005174800000001,0
5649,38.0,34.82944932,249.49013599999998,4.70420008,9.684234808000001,1.35698484,0
5650,149.76,18.644229199999998,93.33015199999998,3.77078132,4.0614786800000005,1.2894757199999998,0
5651,493.32,34.24587279999999,310.5197679999999,5.64801252,12.63346348,1.34509292,0
5652,349.8,32.747741999999995,139.40983599999998,3.4691872800000003,7.682328559999998,1.2902645999999998,1
5653,243.44,16.779804159999998,224.19925,9.59769508,2.45478962256,1.2861063199999998,0
5654,355.44,36.1343316,261.6643639999999,6.402631119999999,15.772705199999997,1.36453732,0
5655,45.84,32.19172279999999,104.33517679999999,4.204356919999999,8.69515188,1.30749916,1
5656,173.84,28.6652384,42.43067367999999,4.501354879999999,7.780002119999999,1.33337852,0
5657,104.2,29.9164396,283.492528,3.7891215200000006,7.177154399999998,1.3164862400000001,0
5658,278.36,49.6785124,268.11506799999995,3.0554550000000007,12.40274352,1.2783282000000002,0
5659,187.16,29.283170799999994,280.891956,4.920258119999999,8.89531528,1.3627646000000002,1
5660,45.52,24.474714799999997,170.25256000000002,6.59621004,9.550298719999999,1.3050004,0
5661,195.36,37.11880719999999,44.495638799999995,3.3842852400000005,9.015664240000003,1.1355600799999999,0
5662,52.84,23.502180800000005,66.96830448,5.470148960000001,7.977079960000001,1.26868364,0
5663,279.6,23.1756792,171.959128,4.65632068,5.96578532,1.31915024,0
5664,314.96,44.0320256,56.838303599999996,4.1938773199999995,13.369994000000004,1.3035388799999998,0
5665,7.8,20.829732679999996,145.983092,5.271572959999999,4.13071247384,1.3025094,0
5666,288.56,28.95437439999999,197.00258000000002,3.5323059199999993,6.581721839999999,1.2809170399999998,0
5667,132.08,30.929423080000003,124.97348480000002,2.8359073600000007,6.349239668,1.3355024000000002,1
5668,207.64,33.38016439999999,286.14531200000005,3.5698251999999995,8.0612502,1.3608766399999999,0
5669,95.6,31.6182748,238.123388,4.299507719999999,8.65193008,1.34362668,1
5670,126.68,28.738751999999995,107.8235016,4.1286778,7.302006319999999,1.2410880400000002,0
5671,123.12,30.828497599999995,321.95661600000005,4.995555640000001,9.59303268,1.3132043999999998,0
5672,45.2,20.7086084,228.151684,9.406635920000001,0.16447800472000002,1.29710576,0
5673,30.24,40.7975592,349.8733600000001,4.1483039999999995,11.932220719999998,1.2972368400000003,0
5674,242.72,35.014883600000005,308.06048064,5.6289776,12.95091164,1.31258056,1
5675,398.84,24.860574,284.202356,4.446345839999999,6.27121004,1.2870361599999998,0
5676,43.84,14.34506324,153.3221488,6.488919159999999,3.5330806352399997,1.0969423999999999,0
5677,299.36,33.395190400000004,278.952544,4.2919442000000005,9.3016016,1.32382756,0
5678,541.08,32.11569759999999,155.252924,4.62579992,9.436993279999998,1.33261708,0
5679,378.08,21.301364,192.00055200000003,3.97437688,4.6718885199999995,1.28481736,0
5680,306.04,23.250869199999997,296.22846799999996,6.15983444,8.326790599999999,1.3411596799999999,0
5681,277.2,23.719290400000006,149.735388,3.63378896,5.0502028,1.3038604800000002,0
5682,329.16,34.00220799999999,87.54015439999999,3.79651076,8.625997320000002,1.35550348,1
5683,278.92,32.76673519999999,92.0780032,5.248715760000001,10.958742399999998,1.3646784800000002,1
5684,426.76,32.4342472,156.86589576,4.60184048,9.50980948,1.36366772,0
5685,289.72,37.73389839999999,274.54074399999996,4.1102118800000005,10.652829519999997,1.2817931200000001,0
5686,233.64,31.080405200000005,79.77922559999999,3.745947239999999,7.663705479999999,1.3321134799999998,1
5687,51.28,30.267479200000004,138.11257855999997,5.19631964,9.8374448,1.2936369200000002,0
5688,63.36,22.857389599999998,311.22301999999996,4.13876144,5.30287504,1.3440100000000001,0
5689,70.8,29.251458000000003,101.39747319999998,2.99763732,5.147619932000001,1.3197285600000002,0
5690,20.44,22.131328399999997,99.02786360000002,4.22074292,5.051357344,1.29754072,0
5691,129.36,22.1108308,59.956914,3.831290680000001,4.7503208,1.3599923199999997,0
5692,151.2,36.140069599999975,201.89862000000002,4.32924852,10.481979760000002,1.2759605200000002,0
5693,99.52,24.844741600000003,136.89363200000003,3.57274588,5.34046736,1.1865917600000002,0
5694,479.64,26.35855439999999,102.079172,4.292724839999999,6.6769262000000005,1.3313872,1
5695,111.76,18.329531199999998,300.067198,6.382010320000001,6.281547079999999,1.3299140400000002,0
5696,236.04,24.609150279999994,87.80914295999999,4.276188599999999,6.050084880000001,1.3281933999999997,0
5697,462.08,21.012877200000002,146.563,5.16751892,5.615753240000001,1.3227482000000002,0
5698,237.76,27.177535600000002,279.9651320000001,5.380317839999999,8.656760920000002,1.2791968000000002,0
5699,108.64,21.911307599999997,134.731012,4.152767239999999,5.033521240000001,1.27304452,0
5700,9.64,27.466640400000003,172.183824,5.69400744,9.092668119999999,1.23175404,0
5701,194.04,34.200680399999996,330.892264,4.206126440000001,9.490229560000003,1.3671272399999999,1
5702,315.24,25.3178924,311.63985199999996,4.68273676,6.9435534,1.31581208,0
5703,142.48,21.641920799999994,55.1594888,4.301777799999999,4.42537408,1.29650292,0
5704,463.76,33.828992799999995,55.887373600000004,4.750066720000001,10.4166144,1.3253982799999997,0
5705,216.08,19.223277599999992,36.6302988,3.4648984400000007,3.5505872800000002,1.1071380400000002,0
5706,165.56,47.250794000000006,158.54092,3.5356146000000006,13.098805999999998,1.2958914399999997,1
5707,128.68,29.339623199999995,198.534224,5.62911424,10.228927039999999,1.2773493999999999,0
5708,262.92,26.618726799999994,251.24431528000002,3.2488993200000005,5.55369544,1.3001875199999997,1
5709,163.64,39.306114399999984,341.66824,3.9698601200000003,10.8901334,1.3672689999999996,0
5710,445.76,39.063486399999995,284.234744,6.18481896,17.1784488,1.33521316,0
5711,416.2,41.420273200000004,280.250716,3.6011688000000004,11.330396200000003,1.30864244,1
5712,205.96,32.00074159999999,215.33372000000003,3.53832232,7.5281836,1.3023424399999997,1
5713,287.76,27.472507999999998,241.83825200000004,4.22215668,6.970169520000001,1.29613908,0
5714,115.08,16.973123079999997,105.81371359999997,4.551054239999999,3.68575973948,1.2981217999999999,0
5715,113.44,27.4103384,264.21607199999994,6.224974320000002,7.31157183888,1.31209788,0
5716,179.84,26.06532639999999,266.6374040000001,3.5919805200000003,5.83585576,1.27077936,0
5717,112.72,24.697628799999997,243.72587600000003,4.04490648,5.766104639999998,1.3587062400000003,0
5718,686.4,28.562165999999994,28.080153520000003,4.407030160000001,7.626850039999998,1.34677244,0
5719,106.4,28.142906800000002,303.07467599999995,4.080735120000001,7.070790199999999,1.3114326399999998,0
5720,572.12,29.853511999999995,108.28744160000004,5.239860600000001,9.63165856,1.34513204,0
5721,30.92,27.9157016,37.98863,3.6952488,6.01788412,1.3384648,0
5722,224.48,40.48442800000001,99.25496560000002,3.6652976800000006,10.50385,1.2931328400000002,0
5723,146.8,32.204817199999994,69.1924992,5.117109999999999,10.47833916,1.3547765200000002,1
5724,249.76,13.707837320000001,254.773644,4.5799226,2.54869992304,1.30387716,1
5725,88.44,31.480493199999998,64.20587359999999,4.545632640000001,9.05198388,1.27852608,1
5726,421.8,30.658797999999994,153.06135200000003,5.07745532,9.667360320000002,1.3088966,0
5727,280.88,29.69587839999999,203.02220400000004,4.05596548,7.51557768,1.2853534400000002,1
5728,81.6,26.4563344,322.6810520000001,3.5731276399999996,5.830813039999999,1.2338754399999998,0
5729,703.08,25.88717599999999,246.86445328000002,3.2813784800000003,5.37646248,1.3698843600000004,0
5730,129.36,27.918508799999994,74.87019288,5.32037512,8.905316800000001,1.3243613599999997,0
5731,15.8,34.262546,287.861664,3.1372527199999998,6.991087356,1.3218995599999999,0
5732,225.2,35.038909200000006,167.20976488,3.3441945200000003,8.300985080000002,1.30504188,1
5733,64.12,24.2227372,280.53602,6.215951879999999,8.343267560000001,1.27749892,0
5734,29.12,34.788193199999995,312.479664,3.5269667599999996,8.321612200000002,1.3103588,0
5735,219.6,42.030865600000006,151.182928,2.9131162,9.75173644,1.3001615600000003,0
5736,794.0,26.611672399999996,181.35718800000004,5.693351119999999,8.937539200000002,1.3370057200000003,0
5737,84.96,33.015418000000004,160.94811199999998,4.4240876799999995,9.39572664,1.2570699600000002,0
5738,546.4,46.8323056,200.47251600000004,5.719046959999999,19.650948399999997,1.3137789999999998,1
5739,254.12,38.2240344,172.20181759999997,5.049257999999999,13.507333639999997,1.3479110399999998,0
5740,305.56,34.2385904,95.37610519999997,3.4976800399999997,8.35423644,1.3033195999999998,1
5741,174.84,27.650865999999994,80.9827484,3.4789382399999997,6.135880159999999,1.3348132799999999,0
5742,213.44,30.056171199999998,289.49230000000006,3.4301131199999997,6.778159479999999,1.2699263600000001,0
5743,144.68,17.50043744,221.01841199999996,3.7436976399999997,3.9837532905200006,1.3013649600000001,0
5744,8.04,10.025518439999999,137.5374,6.618829079999999,1.54895270476,1.29981936,0
5745,245.32,35.0948176,126.11239200000001,3.028772,7.78499312,1.3105728,0
5746,84.92,28.2746152,115.5985808,3.33189796,6.1377792399999995,1.35344188,0
5747,257.56,27.7079104,88.5131956,3.69983312,6.40306228,1.335306,0
5748,212.44,33.3927248,38.5556644,4.7024452,10.05792748,1.36434976,0
5749,85.56,39.2701816,279.86442,4.25134832,11.606092239999999,1.2944349999999993,1
5750,271.92,21.154700799999997,310.63094800000005,3.4726844800000007,4.155736159999999,1.3457957999999997,0
5751,274.04,35.275744,277.141384,4.128681920000001,9.751466319999999,1.2985995600000002,0
5752,613.48,31.3491004,95.42641664000003,5.664378839999999,11.011017880000002,1.3534740000000003,0
5753,91.04,35.28775,261.447648,3.5221911199999996,8.762417280000001,1.3178383200000001,0
5754,49.48,21.6849876,222.58979599999998,4.10468404,4.82556092,1.2733702,0
5755,48.04,21.48780959999999,176.18189599999997,6.428974040000002,7.6170672,1.2732664399999998,0
5756,329.16,33.21115519999999,104.48162520000001,4.88620552,10.48628324,1.3283488399999999,0
5757,27.24,28.055282399999996,133.77483600000002,3.7436693200000004,6.5231382799999995,1.3065083600000003,0
5758,89.56,34.144341440000005,71.26075328,3.90744852,7.6258655305600005,1.2972601999999998,0
5759,241.96,30.24133399999999,288.8282520000001,5.502377039999999,10.30973976,1.2742492,0
5760,623.36,24.351723600000003,293.64123199999995,3.8514149999999994,5.704880079999999,1.3502722,0
5761,112.68,19.462804399999996,151.10662720000002,7.074680400000001,6.46126913512,1.3592203999999999,0
5762,185.6,25.97932520000001,155.101676,3.71504984,5.82201696,1.3232210800000002,0
5763,234.6,27.380841999999987,84.62574639999998,5.213572879999999,8.56114096,1.26694268,0
5764,403.84,44.48046359999999,302.1698119999999,4.486869479999999,14.4524824,1.36419896,0
5765,485.68,27.92737732,201.729424,2.742029319999999,5.40312604,1.33064472,1
5766,62.36,16.081052799999995,331.575,5.7895234,3.693036684719999,1.3650796399999998,0
5767,647.0,41.2151112,315.00612,4.320346239999999,12.608574600000003,1.34134468,0
5768,624.32,24.387406799999997,281.72341199999994,3.2557649200000003,4.9355435199999995,1.3499123599999998,0
5769,196.16,25.915575199999992,201.52030800000003,4.89143784,7.391198999999999,1.3384417199999998,1
5770,50.68,33.4749584,334.05103688,5.2354322,11.2922538,1.2604609199999997,1
5771,545.28,10.761667079999997,179.91301000000004,5.5340392000000005,2.26727355456,1.32666596,0
5772,122.2,17.352996039999997,131.5578076,4.116516519999999,3.5711515200000004,1.33187012,0
5773,158.24,24.2145364,88.88169479999999,4.689020520000001,6.427622639999999,1.26883688,0
5774,155.52,19.665820679999996,81.3559156,5.059508439999998,5.156535204000001,1.2950108,0
5775,667.6,36.671480800000005,237.2858,3.5260801200000005,9.097447599999999,1.3372549200000001,0
5776,553.96,25.698478800000004,219.37983319999995,4.27278012,6.4087796,1.3692349199999998,0
5777,114.56,19.2474216,195.2270628,6.276616880000001,4.089957396,1.3095278000000001,0
5778,125.28,37.05419079999999,348.76636800000006,5.33402684,13.236954679999998,1.2859614000000001,0
5779,307.68,41.471937600000004,99.09586872,4.363468879999999,12.6280164,1.3577519999999996,0
5780,161.16,20.697101200000002,78.10081400000001,4.8538862,5.2649234400000005,1.2864182,0
5781,206.96,34.3565324,177.74960904,4.93489344,10.96371424,1.3061235200000005,1
5782,66.72,20.740022679999996,133.3855392,4.174701,4.626444800000001,1.2873512,0
5783,130.64,25.372740399999998,229.02570000000003,6.818298680000001,10.330346719999998,1.2847821600000002,0
5784,611.56,43.2516064,52.19732040000001,4.852673159999998,14.790259679999998,1.3239529199999998,1
5785,30.52,17.216072519999997,61.71048120000001,3.59900968,3.2596447719999992,1.25784272,0
5786,259.68,25.3037968,172.70210399999996,6.259186839999997,9.299105039999999,1.3350174799999999,0
5787,125.56,15.52368672,162.194096,6.8895134800000015,5.248441720000001,1.29440092,0
5788,135.04,29.3291488,189.47433599999997,5.154580119999999,8.80682368,1.3084821199999999,0
5789,168.84,24.0964248,142.158672,6.286980240000002,8.61840656,1.3162455200000003,0
5790,104.68,25.801878800000004,328.53656007999996,4.98515008,7.356529399999999,1.33663148,0
5791,321.84,13.457243519999999,56.32124640000001,4.2979220399999996,2.50870597476,1.3515149200000003,0
5792,97.76,37.00524680000001,131.9373468,3.9669201599999995,10.14702664,1.2852961600000001,1
5793,74.24,34.1239008,43.38880639999999,3.6876196400000003,8.51709564,1.1687798,0
5794,184.36,28.8142992,316.20066,3.713385239999999,6.739495000000001,1.2997008400000005,1
5795,399.32,26.6530004,39.28295480000001,4.26471976,6.73064676,1.3015408400000001,0
5796,151.16,32.86445839999999,328.81668800000006,4.820560479999998,10.111124920000004,1.27858784,0
5797,30.44,23.5283788,50.111943999999994,4.603075319999999,6.0432917999999995,1.2921882399999998,0
5798,121.4,17.13414152,290.148836,8.203532280000001,5.18954525112,1.3541812,0
5799,194.64,27.8578468,155.35170840000004,3.3172605199999996,5.960886759999999,1.3156787200000002,0
5800,198.36,29.15379919999999,251.50175999999996,3.941178439999999,7.20990044,1.3627398800000001,1
5801,104.24,9.360314359999997,61.525204,8.28603744,1.6464441083199999,1.11583964,0
5802,345.24,35.71393732,298.08208799999994,2.8363891999999997,7.8776215600000015,1.3252978799999997,1
5803,410.96,30.966466399999995,123.39116912,5.052210560000001,9.730275720000002,1.3175963200000005,0
5804,184.32,13.54168404,77.745292,4.10381416,2.64671587676,1.3185852,0
5805,567.2,41.02678280000001,117.8959604,2.6149305999999997,8.926973199999999,1.3498705600000003,1
5806,213.88,20.3956112,162.111248,3.5402549999999993,4.0045574319999995,1.29386168,0
5807,108.88,13.80006684,175.74960000000002,4.8822809199999995,2.54450178408,1.3020956400000003,0
5808,455.0,39.4664896,168.646784,4.322186640000001,11.81623956,1.32908264,1
5809,69.4,27.358495200000007,67.21903199999997,5.66695156,9.251812319999997,1.2949686,0
5810,732.68,36.347571200000004,11.884688879999999,5.17981816,12.585372000000005,1.3431401199999997,0
5811,582.08,40.0288356,204.72919599999994,4.54831904,12.766313519999997,1.31617324,0
5812,400.92,29.736159599999993,161.567532,5.0038661200000005,9.153065239999998,1.31883112,0
5813,267.0,33.93705,136.5272592,5.15327092,12.856513991999998,1.3305290399999998,1
5814,219.32,27.758869999999998,307.692864,5.513899880000001,9.102620920000003,1.3133308800000003,0
5815,280.92,22.59612376,99.8343484,4.058141039999999,4.795054872,1.3207710400000001,0
5816,297.96,37.476086,346.202984,3.8923613200000005,10.128433919999999,1.30243864,0
5817,65.84,20.645697999999996,100.53508479999999,4.947231360000001,5.27725352,1.1196694,0
5818,99.44,22.622286000000003,160.88864239999998,3.793027479999999,4.85943992,1.3071990399999998,1
5819,113.12,31.865793999999998,210.27852799999994,4.42258392,8.950092840000002,1.27430156,0
5820,394.8,26.261307199999997,343.127608,4.319169200000001,6.64574752,1.3685321200000002,0
5821,350.6,30.389449199999994,191.94100000000006,4.4986228,8.637317160000002,1.3179560799999999,1
5822,28.12,24.890350799999997,107.4083536,5.78807244,7.19649582512,1.28244232,0
5823,43.92,18.87506548,103.30252159999998,5.789481039999999,4.378299767760001,1.30677604,0
5824,80.76,24.841378799999998,300.43702799999994,5.6220764800000005,8.056374239999998,1.27568428,0
5825,374.28,25.419202800000004,34.1107512,5.69731712,8.651898200000002,1.32699032,0
5826,35.88,11.759852519999997,155.86260199999998,7.57097952,1.9797645839600002,1.28265028,0
5827,374.68,36.960752,253.765624,4.426731,11.09098488,1.3436761600000002,1
5828,134.2,19.1200864,117.19909760000002,4.2317464000000005,2.2538056519999996,1.3001244,0
5829,340.48,23.469527599999996,89.73646719999999,3.6409846399999997,5.20262384,1.3070298399999998,0
5830,361.24,26.122294,65.78383000000001,3.5555868799999995,5.69407096,1.3316045600000002,0
5831,563.88,23.9649772,136.691424,3.510759200000001,5.00180396,1.3249188800000002,0
5832,50.2,19.0043404,67.00455520000003,3.8903080800000005,3.8519310799999995,1.26557148,0
5833,113.72,18.470554359999998,213.963756,6.563668560000001,5.545003444520001,1.3190307599999997,0
5834,113.92,26.9287184,63.83698,3.8049820800000003,6.365443279999999,1.3068926399999998,1
5835,497.96,33.89147320000001,179.32712400000003,4.571465680000001,10.087053800000001,1.3333621199999999,0
5836,349.56,21.45633428,167.613696,4.67824028,5.13035736,1.28592584,0
5837,331.0,30.273481200000003,183.67666799999998,3.43091108,6.8590955199999994,1.30639748,1
5838,307.36,22.052543999999994,176.64479199999997,5.723049360000001,6.577205640000001,1.2821412799999998,0
5839,261.12,30.707399999999996,297.5410720000001,3.984360040000001,7.787347480000001,1.31103456,1
5840,127.2,15.3544212,270.688644,4.68517124,3.2715839439999996,1.3032046400000001,0
5841,114.72,29.101595199999988,190.25554000000002,5.64541764,10.048279359999999,1.3321580800000004,0
5842,43.4,20.590773199999997,217.772272,6.042460719999999,6.7084984,1.2727665200000002,0
5843,410.8,32.904771200000006,267.053972,5.120017880000001,10.7607338,1.3112298400000002,0
5844,28.36,28.065832399999998,269.47708399999993,5.467088240000001,9.162836359999998,1.283078,0
5845,84.6,26.9991092,42.329345999999994,4.99329188,8.030254040000003,1.2646968,0
5846,303.92,16.29225836,242.73809199999997,6.85103212,4.08892252352,1.2875894000000003,0
5847,84.92,13.513381439999998,205.39800399999996,3.52167056,2.662319312,1.3538778800000002,0
5848,108.36,22.9782456,96.34694879999999,5.0665916399999995,6.47670148,1.3619753599999997,0
5849,253.16,26.224518399999997,176.44318919999998,5.590240280000001,8.8608438,1.3032541599999998,0
5850,211.24,29.684751200000008,305.634796,4.371470919999999,8.152806,1.2941768000000002,1
5851,133.44,36.09860292,114.96635919999997,3.69843808,8.54080376904,1.28955328,0
5852,181.84,28.702803199999984,351.2804319999999,5.0379828,8.75105228,1.2430490400000003,0
5853,107.72,17.366193759999998,175.04885679999998,8.912503919999999,7.336461845000001,1.33796012,0
5854,196.08,30.687717199999994,249.30011199999998,4.19797192,8.16590496,1.3626892800000001,1
5855,277.8,29.95837719999999,205.556644,4.38085112,8.17444984,1.3192262,0
5856,109.96,23.058277879999995,106.176408,3.97096756,5.105667680000001,1.14850052,0
5857,27.28,21.013041119999997,321.81103600000006,5.2795181200000005,6.255115228120001,1.1995343200000002,0
5858,187.04,33.079897999999986,98.30687280000001,4.25446684,9.107721839999998,1.2928118,0
5859,252.56,27.821082799999996,78.21722,4.80662564,5.5399097799999995,1.32241168,0
5860,384.56,39.2893884,171.214516,3.8786396,10.795126639999996,1.36231568,1
5861,131.04,38.95259239999999,201.63294399999998,3.60625812,10.09750124,1.3071559199999998,1
5862,422.32,37.003856799999994,55.46051519999999,3.3914900400000003,8.962166040000001,1.32718772,1
5863,81.84,25.324972400000007,156.807112,4.142821839999999,6.16460644,1.3127412400000003,0
5864,199.04,23.807592560000003,186.1158,4.7336763600000005,6.45055992596,1.3234325200000003,0
5865,74.4,18.18477668,109.20030199999998,3.8242471199999994,3.5129778399999987,1.23135616,0
5866,280.04,31.650506799999995,130.56043600000004,4.34707412,8.749262479999997,1.3055256,1
5867,70.92,28.724856400000004,239.43762800000002,3.56247004,6.507033839999998,1.35897076,1
5868,18.0,24.963607079999996,165.346808,5.02676588,6.56848202528,1.3039186400000002,0
5869,474.4,38.285308799999996,142.95807200000002,4.158836879999999,10.968668039999997,1.3321939600000001,0
5870,78.32,43.138574000000006,283.04718399999996,4.19349512,13.015666399999997,1.3093978,0
5871,182.48,32.1634952,232.339608,3.6010566800000006,7.701872079999999,1.3615583999999998,1
5872,23.52,35.5610964,163.750168,3.9564892400000002,9.56083532,1.26948644,1
5873,597.8,35.9677364,320.99009328,5.14093784,12.184349279999998,1.32191564,0
5874,368.96,31.268429999999988,140.06872079999997,6.189270759999999,12.32044052,1.3241526,1
5875,159.24,14.494270959999996,98.63459280000001,4.27353348,2.4090929319999996,1.28565504,0
5876,78.44,22.954986399999992,101.62879479999998,6.248320120000001,8.02526392,1.2904409199999998,0
5877,83.32,12.166836799999997,249.874804,5.56507468,2.58337448912,1.30557144,0
5878,140.92,21.17223652,178.83088167999995,3.4794492399999997,4.180023048000001,1.24552668,0
5879,632.44,36.39860600000001,180.971828,3.8672618799999996,9.551284879999999,1.36929776,0
5880,253.6,26.859386399999995,158.62328,4.431386520000001,6.96119868,1.367776,0
5881,74.88,21.962909199999995,167.42308400000002,3.4400234799999994,4.35739032,1.2978703600000001,0
5882,176.8,25.850878799999997,102.95108696000003,4.955909879999999,8.51901376,1.30275164,0
5883,317.84,24.817401599999997,318.77422800000005,3.7122422400000006,5.505456920000001,1.3065162400000003,1
5884,46.52,15.758439999999998,80.2626052,6.5091265599999995,5.21906895916,1.2478554799999995,0
5885,67.56,22.484710919999998,81.84325000000001,3.6765250399999996,4.288146048920001,1.3195100400000002,0
5886,234.52,33.16672148,247.66098119999995,3.9155005599999986,7.014531156,1.3104378799999998,0
5887,218.44,36.2690932,323.39808063999993,3.9780716800000007,9.81626272,1.2817977600000001,0
5888,138.68,22.099267199999996,139.97125599999998,3.621552919999999,5.127652,1.3061205200000001,0
5889,176.96,27.215560799999995,183.220652,3.365893560000001,5.859937639999998,1.3148503600000003,0
5890,441.48,16.7667892,162.459,4.101762200000001,3.3910543200000007,1.2878227999999998,0
5891,39.12,18.75616836,260.93627200000003,4.55526716,3.6744665399999996,1.2944631999999998,0
5892,325.76,39.30236440000001,103.27166720000001,4.359307800000001,11.8123052,1.3035942400000002,1
5893,132.32,45.3204608,213.07785599999997,4.436508960000001,14.410852759999997,1.2840421199999996,0
5894,200.84,31.0365888,90.48948119999999,5.95382672,11.4577972,1.3324820400000001,0
5895,122.04,30.806581999999995,314.56461999999993,3.4598063199999998,7.053258920000002,1.3457041199999997,0
5896,137.8,33.4936548,127.22484760000002,3.031469159999999,7.289178000000001,1.2937349599999999,1
5897,119.76,27.3335984,105.41029759999998,5.772452839999999,9.4675826,1.29393,0
5898,48.12,25.0889832,71.2496352,4.930722280000001,7.032918479999999,1.28806408,0
5899,115.6,27.346215599999997,240.64958504000006,6.1308540800000015,10.153918800000001,1.30270624,0
5900,66.12,13.24538668,86.85239320000002,5.2114174,3.04314994856,1.2867806799999997,0
5901,209.2,32.714832799999996,153.8947336,5.66435356,12.422850160000003,1.2915628799999999,0
5902,200.56,25.679437199999988,270.109188,5.34181724,7.928615719999999,1.30003668,0
5903,159.2,32.857483599999995,58.034141999999996,5.081295600000001,10.72780796,1.3371184,0
5904,808.24,22.741416,151.820916,4.51685176,5.62368608,1.33760164,0
5905,71.32,34.974816399999995,150.540252,3.7277802399999995,8.889136680000002,1.27971916,0
5906,370.24,31.4450736,172.75805600000004,3.74690492,7.745787079999998,1.28808544,1
5907,257.24,13.464534679999995,140.694588,4.9730684400000005,3.4142809720000002,1.3134538800000002,0
5908,38.72,19.643962799999994,213.15521599999997,3.7759809199999994,4.109759639999998,1.2748060399999999,0
5909,458.64,33.3822652,253.4665799999999,5.889688520000001,15.170256639999998,1.3206273199999996,0
5910,299.44,21.205224799999996,321.12137208,5.125414480000001,6.23427716,1.3020254799999997,0
5911,143.68,26.119135879999998,153.664722,6.422076400000001,9.49823492,1.2458426800000004,0
5912,95.28,27.441540399999997,153.98609199999999,5.26401548,8.595648839999997,1.29329096,0
5913,36.12,30.399180800000003,146.660476,5.06776036,9.61699712,1.2766005999999999,0
5914,525.0,31.665300000000002,37.751992079999994,5.595326600000002,11.638594119999999,1.34994492,0
5915,84.44,35.0094436,260.5730796,5.244198520000001,13.388426799999998,1.2776092000000003,0
5916,144.0,28.6592036,278.512312,5.593140760000001,10.582148239999999,1.3171003200000002,0
5917,472.24,35.34278479999999,309.69143999999994,4.39139032,10.268100719999998,1.3312689999999998,0
5918,265.88,34.935718800000004,139.112536,3.49166464,8.458068,1.2916226800000001,0
5919,155.48,13.55478228,161.34959999999998,5.077527840000001,2.8436649951999997,1.3115964,0
5920,155.4,28.170151600000004,222.415732,4.76200132,8.148322760000003,1.3593831200000002,1
5921,84.48,36.6827516,21.148745360000007,3.7179406,9.476102120000002,1.3549588,1
5922,81.08,29.983349599999993,26.3017488,4.95223464,9.122608880000001,1.25690848,0
5923,302.76,35.69897719999999,293.10038811999993,4.6595832,10.968646559999998,1.3270070799999996,1
5924,202.44,35.2245588,320.47044888,4.3161577200000005,10.110252119999998,1.3676099599999998,1
5925,254.0,28.534188800000003,260.76734,4.644297399999999,8.033164399999999,1.30804236,1
5926,71.8,18.418077599999993,171.236248,5.78085924,5.4815580000000015,1.3126089200000002,0
5927,139.2,28.82296559999999,150.93580928,3.80782276,6.920048760000001,1.3604455600000003,0
5928,299.88,39.0128844,247.372572,3.300349679999999,9.48580792,1.2919052800000004,1
5929,242.96,20.636734120000007,123.23077239999999,5.43237488,5.562763239999999,1.3317747200000003,0
5930,415.84,33.26988039999999,106.4957784,5.3823311999999985,12.02195124,1.3274987200000001,1
5931,300.16,29.488104799999984,196.76569600000002,4.1726981599999995,7.62976444,1.2862803999999997,0
5932,228.36,24.595748800000003,218.21722799999995,3.75727128,5.47435304,1.31407692,1
5933,286.44,28.626067599999992,247.09851199999997,6.33459336,11.3515414,1.3142268400000001,0
5934,70.84,29.795071200000006,205.526108,3.90339184,7.569315604,1.2513216399999998,0
5935,70.24,44.07471879999999,204.07351599999996,3.1734531599999998,9.245490640000003,1.3015292000000003,1
5936,214.72,34.8251084,47.8775404,4.76315776,10.948106880000003,1.13739136,0
5937,175.84,30.08685492,176.759656,4.1666878800000005,6.873747159999999,1.3043116000000001,1
5938,319.24,35.658016799999984,190.851312,2.9455210800000002,7.804915639999999,1.31737,1
5939,34.76,17.023392679999997,117.3961788,7.394459759999998,3.75472707792,1.34118876,0
5940,365.16,25.0898796,319.47613200000006,4.3258966800000005,6.244922960000001,1.30783152,0
5941,379.32,28.017135599999996,205.18132000000003,6.1241412,10.08359868,1.31252748,1
5942,190.08,39.630033600000004,100.59710559999999,3.356389440000001,9.801792240000001,1.26117916,0
5943,375.6,31.800631999999993,94.86802000000002,4.46041812,8.997806639999999,1.32776264,1
5944,369.24,26.635829999999995,25.48499864,3.5990594399999987,5.994770119999999,1.36921304,1
5945,213.68,24.787867239999997,176.8428828,4.08360652,5.829253122199999,1.31368188,0
5946,287.08,22.0566584,325.0817640000001,4.61514132,5.50594824,1.3009594400000004,0
5947,290.08,32.197994800000004,281.21680704000005,4.2851894,8.741126959999999,1.3266278,1
5948,55.68,29.378211999999984,239.37344352000002,3.712522560000002,6.934501559999998,1.25731168,0
5949,286.92,28.177183600000006,230.385276,4.1739458,7.3248151199999985,1.3095983199999999,1
5950,198.04,27.1735228,63.02919439999999,4.57907316,7.577756640000001,1.3117671999999998,0
5951,233.36,37.6810504,149.49848400000002,3.825055040000001,10.051264519999998,1.29419152,0
5952,415.32,19.875227599999995,66.12580039999999,5.01288848,5.035451360000001,1.2820895200000004,0
5953,262.68,20.826836000000007,151.14763599999995,5.365721759999998,5.8946136000000005,1.3670219999999997,0
5954,303.76,29.1890572,327.239524,4.833203,8.59963236,1.31383584,0
5955,675.0,28.758051599999998,133.16708,5.9384702,10.5349554,1.3179142,0
5956,324.2,22.004753760000003,152.170476,5.73221088,4.84891788,1.30195312,0
5957,103.76,30.9047068,231.204824,4.155935,8.155585720000001,1.3437026399999998,1
5958,415.64,20.867796,336.5543,4.90898788,5.4215955199999994,1.2928166799999996,0
5959,154.0,32.676295200000006,255.50494208,3.0303911999999995,7.099170920000001,1.3251488400000002,0
5960,148.28,39.280143200000005,193.957072,4.28434268,11.708157359999998,1.32939636,0
5961,396.16,24.946157199999995,119.997232,4.618273120000001,6.57630512,1.2941251599999999,0
5962,308.72,34.09586720000001,281.33214799999996,3.4462932,8.1276582,1.2921894400000002,0
5963,540.36,25.3231268,69.79245400000002,4.5831512,6.663918359999999,1.3284162000000002,0
5964,285.48,40.210376800000006,135.862944,4.487370280000001,12.44135892,1.29623328,1
5965,230.24,26.400370799999997,173.79828,3.6888440799999995,5.747451559999999,1.32804768,0
5966,405.0,24.655612,85.5831764,4.021663960000001,5.7247564,1.32844448,1
5967,294.28,34.8836136,75.17209439999999,3.9172496799999994,9.075523680000002,1.3306971200000002,1
5968,349.56,31.286990799999995,103.8709052,3.5911558,7.39924496,1.3344035599999997,0
5969,92.96,21.21543372,180.5000532,6.84329644,7.562500920000002,1.29765876,1
5970,154.8,39.25013440000001,314.4443376000001,3.1644436800000006,9.20254232,1.3049457599999998,0
5971,173.76,20.848110799999994,65.06898360000001,4.265676839999999,4.73548496,1.3243892799999997,0
5972,25.56,23.124535600000005,139.992444,4.778674719999999,6.6505876,1.28669908,0
5973,179.88,26.334881999999993,282.43712800000003,4.62047048,7.1243085200000005,1.34630696,0
5974,253.16,31.519894799999992,20.867890879999994,4.746155120000001,9.407859960000001,1.35272196,0
5975,171.08,25.4837496,269.56277496,3.8006696400000006,5.6020858,1.30184556,0
5976,334.92,19.067524799999997,241.542324,6.6519224,6.5497527600000005,1.3022539999999998,0
5977,72.04,23.728723599999995,233.50764288000002,5.185100399999999,6.666999760000002,1.3132814400000004,0
5978,144.0,29.06007947999999,152.569476,4.52353016,7.9911251199999995,1.3166371600000002,1
5979,191.2,38.795849600000004,97.94364440000001,4.201315640000001,11.35804932,1.3074294400000002,1
5980,293.52,34.48652400000001,43.1569492,4.41265908,9.979893520000003,1.3462534,1
5981,240.68,36.603257199999994,36.397494079999994,4.009142280000001,10.052518719999998,1.3310426000000002,1
5982,170.28,26.04877160000001,136.27215199999998,3.73050264,5.94816308,1.2936073200000002,0
5983,169.0,27.694408399999997,62.827965200000015,4.7855589599999995,7.879411800000001,1.3540028000000004,1
5984,138.56,26.483910800000004,210.58406799999997,4.344203960000001,6.7797778399999995,1.2999098,0
5985,178.92,15.07528096,220.68269600000002,5.263930999999999,3.2837766984,1.30943028,1
5986,181.48,37.99094959999999,265.93148532,6.161489440000001,6.389966187279999,1.2921909199999997,0
5987,24.56,18.5795924,178.93740000000003,5.0652167200000004,4.65179132,1.2815508799999997,0
5988,517.96,27.30178400000001,248.04727600000012,5.228687079999999,8.33316312,1.32313352,0
5989,286.64,21.731976240000005,190.4545828,4.46121292,4.33532920036,1.34745272,0
5990,592.08,23.098934400000005,136.31698799999998,5.832034200000001,7.590173879999998,1.34279512,0
5991,441.04,29.947430799999996,256.79752,4.720375479999999,8.68957416,1.31236188,0
5992,376.4,31.0169656,265.3935639999999,6.834621080000001,13.971196799999996,1.33529136,0
5993,49.84,29.90880039999999,277.76720800000004,4.360022799999999,8.161684239999998,1.2825248399999998,1
5994,265.52,32.335363599999994,106.55768000000002,5.646182000000001,11.331918680000001,1.3013819199999999,1
5995,262.28,21.595416000000004,291.1913392000001,3.3115499200000005,4.1972371200000005,1.28448856,0
5996,389.96,22.718723999999998,257.666128,4.61981228,5.96654032,1.30021176,0
5997,253.8,34.8951208,92.82361040000002,4.351408479999999,10.026509919999999,1.33726,0
5998,160.96,21.269757599999995,326.7492240000001,4.11105236,4.89025868,1.1189136399999997,0
5999,247.56,24.113476799999997,287.82808504,5.698491240000001,7.1885137199999996,1.2857063199999998,0
6000,577.12,28.6408272,133.4433144,4.528889639999999,7.866112200000001,1.3502226400000001,0
6001,288.16,19.467754799999998,267.866244,4.472530080000001,4.5199535200000005,1.3006532799999997,0
6002,535.64,31.741476799999987,256.0480079999999,4.311640760000001,8.661096519999997,1.3561053200000002,1
6003,145.84,21.136710400000002,186.12884400000002,5.384225879999999,5.16856616904,1.30285656,0
6004,203.0,44.3659744,281.20028800000006,3.8669442,12.49145928,1.3138348799999997,0
6005,573.16,41.293289999999985,206.02711599999998,4.23945288,12.382180000000005,1.3322099999999997,0
6006,126.8,32.8833428,215.13163599999996,4.55268608,9.56592988,1.27579968,0
6007,512.8,31.19614839999999,270.13724799999994,4.684611919999999,9.18902168,1.3559282400000001,0
6008,45.36,27.401546800000006,338.917232,5.830537199999998,8.995021159999999,1.15127932,0
6009,77.64,20.783519599999998,279.897172,4.184308479999999,4.75818472,1.2880136399999997,0
6010,45.4,31.674473599999995,328.1378400000001,3.59485628,7.585628519999999,1.1386175199999997,0
6011,315.24,38.07181640000001,177.04513599999999,4.8702856,12.565462800000002,1.3635874799999999,1
6012,181.24,16.469100279999992,186.79636,6.315116559999999,5.582968440000001,1.1102612800000002,0
6013,298.92,17.3507232,300.51300799999996,3.7703477199999997,3.2685144800000008,1.28754648,0
6014,111.0,30.238942799999997,177.305984,5.2102092,9.93013268,1.32483716,0
6015,208.48,27.3242872,146.966692,4.33378604,7.066895560000001,1.2755838400000001,0
6016,221.84,29.489746000000004,246.70291599999996,6.482427359999999,12.484249839999997,1.32489144,0
6017,55.84,37.47283199999999,338.4118880000001,4.23282804,10.820711399999999,1.3011038799999997,0
6018,150.68,30.809350799999997,135.051544,4.1855782800000005,8.14151268,1.3117496400000004,1
6019,225.24,30.241935599999987,45.10071919999999,3.8410542,7.450735160000001,1.3651216800000001,0
6020,162.4,25.659908799999997,144.109292,4.101478319999999,6.0479502400000005,1.27785776,0
6021,211.92,26.268612799999996,249.80791999999994,3.7556072800000004,5.915684599999999,1.3144772,1
6022,72.04,24.942908799999994,350.172668,4.68516032,6.637833239999999,1.1623042,0
6023,142.36,26.427657199999995,88.36152000000001,3.4217667200000004,6.087762199999999,1.3324993600000001,0
6024,78.88,25.638944000000002,131.171116,3.70564848,5.69623276,1.2555487600000002,0
6025,203.92,25.220182399999995,37.20524639999999,5.063742799999999,7.1894737200000005,1.3370654000000002,0
6026,261.92,36.82590319999999,298.66614,4.65775964,11.548925200000003,1.3238706000000002,0
6027,105.8,12.857455199999999,79.69259240000001,5.873190559999999,4.062468212000001,1.29705864,0
6028,183.96,17.776645359999996,107.48534839999998,3.8085225200000004,3.4816970240000003,1.19325276,0
6029,379.32,35.380754399999994,108.8860464,4.2966918000000005,10.06451524,1.3246093599999997,1
6030,92.24,17.11371164,86.9700004,5.238781079999999,3.72672864328,1.3552266399999997,0
6031,55.48,25.310661599999992,152.02487599999998,5.66379504,8.29056192,1.27861836,0
6032,44.0,17.095202519999997,215.52657600000003,5.774073199999999,3.7255903999999997,1.22813752,0
6033,168.4,34.809477599999994,129.19943680000003,3.40902412,8.426553472,1.29980256,0
6034,452.72,39.06002599999999,137.03304,3.634762320000001,10.16566708,1.3210733200000002,0
6035,12.84,28.411449199999993,216.18569584,3.9844525999999996,8.39214144,1.32009964,0
6036,173.32,28.070140400000003,134.583396,3.7570199199999994,6.59607384,1.3056129200000004,1
6037,154.64,18.511289480000002,258.698852,3.9631129200000004,3.6810903360000005,1.2944004,0
6038,275.92,33.2620396,312.25269199999997,3.7215639599999997,8.35390284,1.36789508,1
6039,76.8,35.17859479999999,194.9589359999999,5.572412760000001,12.87676136,1.2266974800000001,0
6040,318.0,34.9128488,117.1802256,4.919299720000001,11.510796160000002,1.3302568799999996,0
6041,127.96,27.331937200000002,339.34803999999997,4.3720472,7.18881172,1.27658784,0
6042,97.04,34.2492444,239.38975200000002,5.06400452,10.859627399999999,1.3513684000000001,1
6043,113.92,15.694212959999994,72.53630040000002,4.2480528799999995,3.183999864,1.3607887200000002,0
6044,176.92,37.069051599999995,308.99920399999996,5.243390119999999,12.939034679999999,1.31413612,1
6045,198.16,13.54934064,175.1996892,3.4416551999999996,2.1892414439999994,1.33474388,0
6046,17.48,29.96975479999999,287.20221200000003,4.621119,8.44485992,1.2326359599999999,0
6047,397.68,44.7391052,202.64000000000004,3.828378839999999,12.49865452,1.31336916,1
6048,82.04,28.392650399999997,274.11039200000005,4.889467840000001,8.067408240000002,1.298065,0
6049,34.88,17.55677056,256.01869808000004,5.898763719999998,4.382836663999999,1.3095836,0
6050,371.2,11.683909479999995,177.8748,3.9305494399999996,1.967759912,1.2988892,0
6051,275.64,34.547342,84.2989964,6.4616614000000006,16.10328628,1.28983328,0
6052,66.24,30.5155348,233.47298000000004,4.51640968,8.570239039999999,1.3573481599999997,1
6053,223.24,28.073200280000002,296.91749608000003,3.6115960399999993,6.487175844000001,1.2987695199999998,0
6054,40.8,22.96143,243.69171199999997,3.6190311200000007,4.84237112,1.1602831599999996,1
6055,551.8,29.6452376,97.91224824000001,3.56184788,6.81139852,1.3446890399999998,0
6056,133.36,28.73629,198.799136,5.345832160000001,9.07197552,1.19599264,0
6057,75.16,30.9706532,57.6359984,4.32170804,8.337548919999998,1.30860776,0
6058,295.96,27.343225599999997,110.18886160000002,5.63406152,9.184309280000003,1.3059897199999997,0
6059,681.2,26.967060000000007,252.95973199999997,4.254333839999999,6.924369680000002,1.33755636,0
6060,250.76,32.622036800000004,297.413376,4.01890132,8.550882320000001,1.30934536,0
6061,697.32,28.81620519999999,288.30459335999996,5.215734200000001,9.11202464,1.3433703200000002,0
6062,65.28,27.567948800000003,153.44357200000002,7.35466996,7.516773090080001,1.2878754799999999,0
6063,85.6,29.542641999999997,54.974163600000004,3.8690336000000003,7.255890480000001,1.34034824,1
6064,564.08,34.86351239999999,131.20276799999996,3.867579,9.04999116,1.3400233200000002,0
6065,461.76,20.1187652,176.440196,5.26387648,5.473566239999999,1.2860504,0
6066,238.8,23.484292,271.56933999999995,3.7381593599999996,5.07265212,1.10791112,0
6067,247.0,31.196141479999987,126.35990272,4.30315648,7.2621828000000015,1.3035472799999999,0
6068,449.84,29.6086556,299.8315079999999,4.95027824,9.2411846,1.3525249199999998,0
6069,59.56,16.59440828,222.306748,6.46596476,4.906992991799999,1.28793832,0
6070,110.28,16.901001879999995,197.96828800000003,5.20789192,4.457017839999999,1.2914463999999999,0
6071,170.08,34.99502600000001,223.825256,3.8471568400000002,9.193686159999999,1.283822,1
6072,53.68,19.9637552,123.79290479999997,6.991300039999999,5.69771781008,1.29188208,0
6073,527.44,32.87139279999999,174.671304,5.831655280000001,13.08922184,1.3341762799999999,0
6074,21.96,34.95936,337.37866799999995,4.2930328399999995,9.92165472,1.3015357999999997,0
6075,54.76,23.154774400000004,46.967396400000005,4.890592079999999,6.27020584,1.0980764400000005,0
6076,157.68,30.322248399999992,217.53494400000008,6.85683016,13.900014160000001,1.3368786,0
6077,34.64,37.69663639999999,209.72442399999989,3.932546040000001,10.32341476,1.28065,1
6078,15.16,25.78245107999999,213.83991479999995,2.83158336,4.27823868,1.11786048,0
6079,265.56,34.971109199999994,116.14941199999997,4.901102559999999,11.302423840000003,1.27618108,0
6080,17.44,14.277066839999998,123.87479399999998,6.956762519999999,4.50710001636,1.3652286400000002,0
6081,267.12,29.9647628,313.54866400000003,4.13189384,7.779680159999999,1.3412622400000003,0
6082,165.72,30.0503704,132.038736,4.26675136,8.006966720000001,1.29441516,0
6083,360.2,25.0199636,304.530712,4.7112019599999995,6.791508199999998,1.3156449200000002,0
6084,280.12,14.149429479999997,112.820406,4.78383536,2.6073048334399993,1.2881731600000002,0
6085,225.64,36.0299816,190.4155856,4.848239039999999,11.30104988,1.30531724,1
6086,298.56,22.010371199999998,152.41382000000002,4.92307812,5.776161599999998,1.2911304,0
6087,47.44,31.265766,171.627548,4.490734879999999,9.77791436,1.28082492,0
6088,194.16,26.1974736,74.76989319999998,3.571150319999999,5.754843439999999,1.1947448399999998,0
6089,590.56,23.670497199999996,285.700808,4.675323039999999,6.155487680000001,1.3508095600000005,0
6090,140.24,17.151649599999995,327.71564799999993,4.934444640000001,4.07461888,1.36378896,0
6091,151.76,25.441711999999992,242.950216,5.502194520000001,8.286017800000002,1.3598742399999997,1
6092,20.2,31.826187960000002,167.51975599999997,7.302362959999999,2.8592478095600002,1.3069266399999997,0
6093,316.88,36.7965328,184.06344,4.50496124,11.181364640000002,1.31010272,1
6094,180.48,35.26763919999999,21.364522800000003,4.16350512,9.95451352,1.3583504400000002,0
6095,47.0,31.262002399999997,92.36587720000001,4.872320080000001,9.527427240000002,1.28641308,0
6096,369.56,42.281416799999995,327.1427960000001,3.73432264,11.55940872,1.3144951599999999,0
6097,57.4,34.1183604,91.32555400000001,4.30572728,9.780653480000002,1.34427592,1
6098,636.0,23.051519600000006,313.870052,5.56885436,7.070307560000001,1.36325508,0
6099,101.16,22.748752399999997,145.16774800000002,4.925872,5.963440519999999,1.30615304,0
6100,266.84,42.02059799999999,103.28688280000001,6.1308502,18.3784424,1.3271254,1
6101,128.96,22.794683200000005,335.4349160000001,4.072979320000001,5.435184759999999,1.3516384399999999,0
6102,88.92,34.93978799999999,173.68498000000002,4.351769759999999,10.3278098,1.2833674000000004,0
6103,182.16,28.461812399999996,108.63691583999992,4.59509312,7.903752720000001,1.3421077600000002,0
6104,248.32,36.6677504,298.87844487999996,5.05011768,12.3579928,1.36812024,1
6105,342.72,30.532376,321.56910799999997,3.49830096,6.85303308,1.3169129199999998,0
6106,252.56,40.9856148,315.59139999999996,5.5586172399999985,15.830219600000003,1.3532802799999997,0
6107,34.44,19.522315199999998,67.9944032,4.83689276,4.823499759999999,1.3579911999999996,0
6108,482.76,20.8861192,253.53281600000005,3.48135312,4.2673466,1.3188842399999998,0
6109,187.2,15.718072120000002,260.5677079999999,5.22658936,3.7957239999999994,1.3080682000000001,0
6110,124.8,37.47193040000001,75.39082319999996,4.0213604,10.38142704,1.2944858,0
6111,606.72,26.085268800000005,144.6491928,3.3855216800000005,5.68560574,1.3146741599999998,0
6112,409.08,32.79071359999999,54.9758724,4.848704199999999,10.162407360000001,1.3277169999999998,0
6113,109.4,36.57825239999999,260.859164,3.4781707199999996,9.05540844,1.30008136,1
6114,183.44,38.146332,106.10830159999999,2.61469052,8.046388720000001,1.2666053199999998,0
6115,67.0,35.9012968,109.63791079999997,3.97584484,9.38194964,1.36583912,1
6116,193.2,30.0867752,157.09780400000002,2.9438538799999994,6.333659404,1.30047764,0
6117,244.72,26.717877599999998,44.746392480000004,6.882477,11.35647752,1.3054363999999998,0
6118,385.48,31.6530148,137.15992400000002,4.0053304800000005,8.127068039999997,1.3317326,1
6119,40.92,30.947777599999995,128.29025599999997,4.23082464,8.28211156,1.2441797599999995,0
6120,157.8,31.836795199999983,45.91963800000001,5.69624032,11.53226184,1.2630990800000002,0
6121,198.8,46.2898268,200.0227636,3.60506548,12.736455759999998,1.3310252399999996,1
6122,384.96,26.136481199999995,38.28234864,4.981179439999998,7.53380784,1.33079352,1
6123,320.92,31.033877599999993,96.42642960000003,4.731818360000001,9.157795320000002,1.2946896399999996,1
6124,381.8,39.37112,182.090924,3.5889631200000003,10.1482222,1.34206892,1
6125,185.4,31.432621599999997,86.84565719999999,4.745862239999999,10.55078088,1.28614704,0
6126,535.2,35.897407199999996,229.19534000000004,4.22519568,10.171084200000001,1.3361293600000002,0
6127,468.28,10.817064919999998,293.31301999999994,8.036995039999999,1.73922730344,1.3685959200000002,0
6128,158.28,35.1088844,151.14569200000003,4.6810352,9.754767480000002,1.3051433599999998,0
6129,470.92,21.635990799999995,298.46826599999997,4.3255091199999995,4.992850079999999,1.3149003200000002,0
6130,345.24,36.22752679999999,243.9405280000001,4.642570399999999,11.1919914,1.36322964,0
6131,88.12,23.14843216,163.2670328,4.076156039999999,4.272419471999999,1.35374736,0
6132,459.04,26.857606400000005,251.690968,5.742870560000001,9.82010732,1.3549020400000003,0
6133,213.68,35.68941159999999,229.65635200000008,4.492688399999999,10.6232062,1.29564616,0
6134,100.44,25.5897956,220.11870799999988,4.0190611999999994,6.056964280000001,1.2912996799999996,0
6135,216.32,28.04752,271.252692,3.4530944000000003,6.286925600000001,1.3203832799999997,1
6136,612.16,40.071062000000005,193.93478136000002,5.74686724,16.1061768,1.35016812,0
6137,542.16,29.639989599999986,159.56012984,5.632205280000001,10.2194002,1.3524536400000002,0
6138,380.52,28.575434399999992,85.621424,4.11856364,7.24089932,1.2883440400000001,0
6139,100.44,22.532354,71.2878712,3.7007528399999994,4.731427040000002,1.3325197599999998,0
6140,524.08,13.088617840000001,338.44020600000005,6.134132439999999,4.042364719999999,1.3691607600000004,0
6141,64.16,19.859211199999997,254.56904399999996,5.90472848,6.17186808,1.35518432,0
6142,140.12,32.9947872,77.5525692,3.4250882000000002,7.758652100000002,1.3525449200000004,1
6143,38.48,29.515430000000002,276.45954800000004,4.12728792,7.57211008,1.28249432,0
6144,422.8,27.618363999999993,223.60848000000001,3.17370948,5.71474292,1.3191971199999997,0
6145,156.6,33.98146359999999,251.61050399999996,4.496676080000001,9.86844136,1.3118590799999998,1
6146,40.92,26.294261599999984,270.3477879999999,4.74468764,7.23731072,1.2877086400000002,0
6147,238.64,26.0094432,197.68508128000002,5.903920599999999,8.066703100960002,1.3078985600000002,0
6148,95.0,29.21852919999999,293.819924,6.17003236,11.243672640000002,1.2030510799999998,0
6149,669.16,18.628576799999998,37.759796800000004,6.088314599999999,5.79493008,1.34874024,0
6150,366.84,32.42562480000001,320.90099599999996,4.373881760000001,9.14288932,1.3166791999999998,1
6151,225.76,29.4840608,109.2587928,3.833189199999999,7.21457696,1.36574488,1
6152,332.52,26.275441199999996,246.67252799999997,5.635457199999999,8.701171839999999,1.32257816,0
6153,261.12,22.701340799999993,155.251626,3.6063541999999997,4.763158479999999,1.3075494,0
6154,221.36,31.635656000000004,173.78524,3.6556885199999996,7.600525480000001,1.33637748,1
6155,173.72,22.55933199999999,271.760316,4.64304544,5.7501274,1.30617408,1
6156,109.52,24.135755599999996,68.55119096,4.93575928,6.69332144,1.3548710400000001,0
6157,120.44,27.9602468,163.495556,4.2527897999999995,7.189018840000001,1.3033014400000003,0
6158,245.76,37.6446392,297.574824,3.1920255600000003,8.992185679999999,1.2934944400000004,1
6159,42.92,22.243088799999992,295.9544199999999,5.56156792,6.72997804,1.1336873600000001,0
6160,40.52,29.75555039999999,101.3093404,3.6139539200000006,6.93493664,1.2282057600000003,0
6161,128.84,25.8959816,106.33489600000003,5.286597680000001,7.535419679999998,1.32440676,0
6162,324.44,30.270161600000005,123.88142160000001,2.9687562800000005,6.29301352,1.27960648,0
6163,62.52,20.092992400000004,226.99603280000002,5.070943440000001,5.259859840000001,1.3227943199999999,0
6164,263.72,41.761644,177.239784,5.438046519999999,16.023621199999997,1.29317696,0
6165,186.36,31.473924399999998,286.69400400000006,5.55476584,11.16879348,1.27894864,0
6166,266.24,39.222298000000016,86.6544624,4.48405376,11.996966200000005,1.3030215200000004,1
6167,152.08,29.642796399999998,322.70615999999995,4.4569160000000005,8.144179320000001,1.36688228,1
6168,145.04,28.803874,90.3443104,4.458583839999999,7.861000159999999,1.2530623600000002,0
6169,21.28,32.13135320000001,164.658508,2.9851758799999986,6.835565199999998,1.0924520800000002,0
6170,318.56,29.862094400000004,229.489444,3.90326452,7.367681079999999,1.3138943599999997,1
6171,273.28,28.052795200000002,74.40710487999998,4.436558479999999,7.464748920000001,1.3119018,1
6172,117.44,32.22635319999999,102.13471480000003,6.048110279999999,7.5284336330800015,1.3046793600000002,1
6173,509.56,37.202048,320.248052,2.9083834799999995,8.401658680000002,1.3206820000000001,1
6174,194.4,29.7242256,310.61425800000006,5.23541228,9.52495648,1.3320168000000001,0
6175,272.16,38.20056759999999,240.24007999999998,4.43723196,11.692741920000001,1.2805413200000002,0
6176,405.96,32.60886959999999,204.54765999999995,4.176370879999999,8.826941199999998,1.3119480800000003,0
6177,304.76,34.61782840000001,275.08862400000004,5.631108560000001,12.790988640000002,1.3628522,0
6178,108.24,30.263942400000005,218.56933599999996,4.6840236399999995,8.80751004,1.3580141600000004,0
6179,89.44,20.725937599999998,133.37595199999998,6.14809236,7.070948359999999,1.31399108,0
6180,237.76,43.1014596,146.43281600000003,4.0313044,12.393998759999997,1.29506576,1
6181,142.84,22.921296399999996,216.939936,6.393328840000001,7.911441880000001,1.2920688800000002,0
6182,290.52,40.4724032,211.291976,4.47632776,12.7026088,1.3639603999999996,1
6183,353.52,26.897238000000012,179.641092,5.50444432,9.9040968,1.3206745599999998,0
6184,288.72,40.5485944,228.6146488,3.47428152,9.552755231999999,1.33073248,0
6185,637.6,28.760240399999994,248.24498,6.532832279999997,11.759677359999996,1.3348942400000001,0
6186,205.84,33.15658639999999,238.3188120000001,4.93837572,10.49217492,1.2956605599999997,0
6187,247.48,23.156501999999996,260.14397592,5.98007104,7.211872799999998,1.28573092,0
6188,70.24,28.05916200000001,310.738824,3.84569548,6.67438312,1.3034449600000002,0
6189,181.32,18.059830159999997,138.8161452,7.062312840000001,6.452442360000003,1.295814,0
6190,260.32,24.79692508,168.80931199999998,4.05976176,5.763543680000001,1.2879240799999996,0
6191,72.88,20.384482400000003,90.8610496,4.83895472,5.063847,1.25987584,0
6192,230.8,23.9885208,168.16975200000002,5.3341116799999995,7.871150319999998,1.3281644,0
6193,551.4,32.0237352,92.5575868,3.7245766799999998,7.8257878000000005,1.3676826800000004,0
6194,59.2,21.889122959999995,96.14497999999999,5.0032649199999994,5.538798279999998,1.3195266,0
6195,279.28,22.948694799999995,191.58615600000005,4.87787428,6.09991008,1.23170516,0
6196,225.8,30.210736400000005,188.00060000000002,3.1818155999999997,6.514658960000002,1.2747791199999998,0
6197,95.56,22.6618928,275.07779600000003,4.75863064,5.88195584,1.2879296000000002,0
6198,405.08,28.61340479999999,166.68928799999995,4.44086252,7.707431800000002,1.3017800400000001,0
6199,217.48,37.8724656,160.60397999999998,4.39349272,11.161375519999996,1.29978456,1
6200,426.68,23.8055964,113.60953599999999,3.8075055999999994,5.21309928,1.3680415200000002,0
6201,149.76,25.234401999999996,36.6459532,3.77222876,5.695605679999999,1.10071024,0
6202,256.8,34.6158956,125.56991680000002,2.9251996400000007,7.478284199999999,1.29588516,0
6203,639.12,19.18983788,103.04538895999998,4.17407068,4.05474711516,1.3504898,0
6204,324.68,34.747921999999996,150.6367868,3.1764837999999997,8.07542156,1.2907614800000002,1
6205,90.84,27.734449200000004,263.94229199999995,4.29008508,7.156989599999999,1.3662529600000002,1
6206,278.76,14.697676040000001,97.523238,3.77484972,2.6324724840000004,1.2727904,0
6207,58.72,28.206146800000003,242.09934800000002,5.125326759999999,8.85367768,1.1887033600000003,0
6208,269.4,52.7698396,213.688532,4.354423720000001,17.656356000000002,1.3595126400000002,1
6209,154.4,27.924121199999995,73.40579520000001,4.12834912,7.006279359999999,1.3436682399999995,0
6210,112.12,24.8569152,89.87733480000001,4.07364004,5.85314276,1.28736916,0
6211,135.68,37.044948399999996,192.75931599999996,3.935046,10.001206959999998,1.3010426800000001,0
6212,515.68,17.843399199999997,228.313972,5.58096628,5.04884376,1.3218189599999999,0
6213,597.96,35.663540399999995,188.44409600000003,4.29426128,10.407422439999996,1.33254884,1
6214,153.28,27.329041599999996,122.207464,4.203023520000001,6.946449879999999,1.35204608,0
6215,23.52,12.336195120000003,251.49884360000004,5.175960719999999,2.05657337028,1.21703584,0
6216,531.0,36.106164799999995,162.00901599999995,3.6882392,9.198931720000001,1.32182728,0
6217,85.08,19.33117892,225.65753600000005,3.6265585200000006,3.4008324119999997,1.30362336,0
6218,86.0,24.34347279999999,258.83565999999996,4.898216919999999,6.62053128,1.31319728,0
6219,79.96,24.73895,175.041792,5.413161440000001,7.580084439999999,1.2917800000000002,0
6220,74.52,21.5533652,105.93406479999997,6.489810440000001,7.73553628,1.2932814000000001,0
6221,52.32,21.910385599999998,130.461914,4.21340008,5.05082996,1.3337545599999998,0
6222,176.64,29.943580399999995,46.60956960000001,4.18894072,7.91408108,1.2943060800000001,1
6223,11.88,24.074109999999997,247.54800168000006,3.61334732,4.00662652,1.28912044,0
6224,127.44,32.04371839999999,42.51571623999999,3.9055049599999996,8.1018422,1.3556066799999997,1
6225,83.8,24.588806400000003,250.60159999999996,5.17459112,7.210668080000001,1.3575758,0
6226,73.08,28.546467200000002,284.00690800000007,5.413545040000002,9.32238708,1.3040482,0
6227,183.64,35.762960400000004,122.60472456,4.14681576,9.97123848,1.3003842399999996,1
6228,254.96,41.6054388,84.398018,3.9474563200000006,11.7053856,1.3681910400000001,1
6229,126.96,30.5192488,146.52602000000002,5.2358305199999995,9.8525288,1.28512824,0
6230,296.88,27.296539199999994,178.89967199999998,4.997933360000001,8.089321680000001,1.3155990800000001,0
6231,264.08,29.2182244,214.47511600000004,5.6414640799999995,9.94886204,1.3107211600000002,0
6232,202.4,27.787906799999995,66.5094492,4.907309879999999,8.139366399999998,1.35070856,0
6233,284.92,35.735477599999996,245.25245600000002,3.253600440000001,8.358006759999999,1.2851435599999999,1
6234,80.2,34.413865599999994,132.5977448,3.148532439999999,7.9268362,1.3035203200000003,1
6235,146.08,24.625522399999994,278.922992,4.114860319999999,5.83785396,1.3360862,0
6236,549.96,32.8523496,29.16127479999999,4.983022720000001,11.271955439999997,1.3521218399999997,0
6237,292.72,35.515186,157.942072,5.136778880000001,10.958129040000001,1.3167336399999998,1
6238,303.36,33.1011676,67.74271399999999,4.944600599999999,10.390619200000001,1.36795996,0
6239,273.92,37.183417600000006,344.65775600000006,3.8062860400000007,9.85075956,1.3678001999999998,1
6240,48.48,22.943109999999997,40.92946199999999,4.742634279999999,5.995312,1.35174296,0
6241,61.52,35.02439079999999,246.67534400000005,3.7857509999999985,8.981593880000002,1.2761516,1
6242,168.32,24.024519599999998,114.87773920000001,6.798346400000001,9.47327972,1.2574225600000002,0
6243,421.28,22.612077999999997,120.55020799999997,6.107375080000001,7.70372628,1.3320347199999998,0
6244,203.6,31.049602,323.64056,5.181277959999999,10.028912919999998,1.2759342399999998,0
6245,176.84,14.218291759999998,149.311048,5.2101766,3.9499180400000005,1.31308376,0
6246,113.2,22.341975079999997,244.26274400000008,5.158104520000002,6.643196399999999,1.31099352,0
6247,293.16,29.934311600000004,235.828084,3.3879578000000006,6.70768852,1.3041986400000005,0
6248,55.76,23.186562799999997,300.113456,5.117641719999998,6.551263639999999,1.2904227199999996,0
6249,388.6,28.668769599999997,296.40684799999997,3.6887079599999986,6.66421472,1.3173556000000002,1
6250,37.76,24.081532799999994,104.66482400000002,5.088488239999998,6.967213760000001,1.15415532,0
6251,486.56,37.576356,321.6654526,3.882400079999999,10.08057932,1.3645844399999998,0
6252,178.56,26.178343199999993,132.8815988,9.77484268,3.5934272558000004,1.30666996,0
6253,222.24,41.5728472,156.73066160000002,3.34373476,10.248652480000002,1.2964364000000002,0
6254,31.92,25.9570168,227.36281199999993,4.3078173600000005,6.475706559999999,1.27562276,0
6255,96.32,31.42766119999999,346.117164,5.298008359999999,10.48405904,1.30388376,0
6256,677.84,36.47537439999999,301.272084,6.21795428,15.6474972,1.3428325200000004,0
6257,72.04,30.154190799999995,237.07710400000005,4.7735864,8.90250356,1.2404689999999998,0
6258,481.6,36.492613999999996,300.67909199999986,4.81181168,11.7401562,1.3562994800000001,0
6259,474.6,36.3840428,224.82928399999997,2.971287680000001,8.0964554,1.3117456399999998,1
6260,68.88,21.1966564,139.749596,3.97027396,4.519923832000001,1.3060432,0
6261,92.12,30.518950400000005,154.689128,3.7970388,7.437551000000001,1.3133514799999997,0
6262,236.92,48.350565999999986,103.68581128000001,3.2714286400000017,12.32306032,1.2890783200000002,1
6263,266.8,32.40368639999999,279.1875120000001,3.9083748,8.260373679999999,1.29592772,0
6264,480.28,28.642563600000003,321.62175599999995,4.953114920000001,8.675515800000001,1.3693166800000003,0
6265,580.16,33.695532799999995,68.25296159999999,4.16058008,9.17517632,1.32414812,0
6266,331.04,26.328672400000002,160.5142,3.8773342000000004,6.2100058,1.32779468,0
6267,93.56,19.339455079999997,106.443222,4.588601400000001,4.5959695876,1.0994953200000002,0
6268,382.24,26.0847132,145.243404,5.763712999999998,8.73826704,1.3397942399999996,0
6269,200.68,17.055069200000005,196.50313880000002,5.831793319999999,4.17796537812,1.24363964,0
6270,269.28,27.8366624,115.47673600000002,3.5896046800000003,6.30324196,1.26731632,0
6271,45.52,27.54249719999999,174.56384399999996,4.71131312,7.596587399999999,1.2754118,0
6272,503.16,32.8555484,231.36310000000006,5.943032079999999,12.747456039999998,1.328851,0
6273,279.52,43.09968719999999,167.46003999999996,4.0396456800000005,12.459010799999998,1.29362136,0
6274,198.92,27.8623852,305.862052,4.56122372,7.700051759999997,1.3130341199999997,0
6275,162.52,39.7303736,266.86068400000005,4.5626428400000005,12.469057920000003,1.2764196799999998,0
6276,464.08,18.028511079999998,237.96378,4.0659406,2.85852350788,1.31598936,0
6277,155.56,32.48115999999999,338.087092,5.27318236,10.801383040000001,1.3055348399999998,0
6278,212.84,33.01606239999999,48.499101599999996,3.44420148,7.7842384,1.2878949200000003,0
6279,280.68,30.665886,180.00959600000002,4.2024146,8.237220240000001,1.28805328,1
6280,52.64,21.548855999999997,82.96440480000001,4.89062688,5.625502280000001,1.2524753199999998,0
6281,468.68,21.004233600000003,306.55540399999995,4.75028384,4.9066734919999995,1.3689546000000001,0
6282,178.52,23.477548799999994,255.685908,3.8639575199999996,5.234496159999999,1.2844529199999999,1
6283,35.12,34.08626639999999,165.09750679999996,6.37242508,15.714963799999996,1.24904308,0
6284,552.64,11.493079479999999,132.7878,4.1177651200000005,2.26275280064,1.3666731599999997,0
6285,341.36,42.764177600000004,80.6849676,3.939130320000001,12.219022240000001,1.3687094000000002,0
6286,150.8,29.9180776,178.21908,5.217783880000001,9.58837696,1.35961304,1
6287,188.48,14.60091948,123.02834719999998,4.870390199999999,3.38752675152,1.3122505999999998,0
6288,152.4,20.7867232,182.91836,4.4978752,4.99320428,1.2367197200000002,0
6289,42.48,29.130277200000002,308.91738000000004,5.38834212,9.565682639999999,1.3371751600000001,0
6290,338.28,31.969557999999996,167.96682,3.6252878800000006,7.799745560000002,1.3058396799999996,1
6291,321.6,19.486442399999998,239.883004,3.880662679999999,3.98128644,1.31031492,0
6292,185.48,24.301855600000003,220.34947200000002,5.042077680000002,6.390788760319998,1.3037959600000002,0
6293,222.0,28.88887639999999,265.89385999999996,6.978917440000003,12.982293640000002,1.3103025199999998,1
6294,716.56,44.0780556,94.0991744,3.3252928799999997,11.255458679999997,1.3578525999999993,0
6295,345.76,20.0022568,175.818452,4.886935760000001,5.02114992,1.28150164,0
6296,65.48,29.9950004,219.74981599999995,4.477011559999999,8.310460200000001,1.35740372,1
6297,19.72,13.60469016,165.57330119999997,6.524798479999999,1.85758655504,1.3408423599999997,0
6298,14.04,16.51690016,259.986154,4.765148360000001,4.060086279119999,1.2390417999999996,0
6299,170.04,13.106664320000002,249.816452,7.8534096,1.4516222898799997,1.3377386399999998,0
6300,415.92,26.598611599999998,148.189652,3.59931648,5.917448480000002,1.3085735200000002,0
6301,165.36,31.364809199999996,147.339064,4.116716800000001,8.2167796,1.28330548,0
6302,100.68,31.85603160000001,302.830464,4.346747519999999,8.811497240000001,1.2934397999999998,1
6303,113.24,29.323593199999987,277.93522,6.576558399999999,12.2666818,1.2940463200000003,0
6304,360.6,33.76542959999999,264.660868,3.1940791199999983,7.58095336,1.2898993199999997,0
6305,191.2,22.319952559999994,257.25058800000005,4.969006040000001,6.34254768,1.2976144399999998,0
6306,204.6,45.2164364,64.84684856000001,3.44467596,11.650756280000001,1.33165448,1
6307,183.6,24.242498,303.6204359999999,4.236983520000001,5.8549544000000004,1.2479785200000002,0
6308,163.2,34.25019999999999,128.10380080000002,4.5434246400000005,10.17658172,1.3055586,1
6309,85.96,18.314504559999996,108.2875972,3.9735431599999993,3.622015,1.2996956,0
6310,186.84,18.656132799999998,248.676448,5.460272480000001,5.784735840000001,1.3201646399999998,0
6311,343.36,29.729066520000007,235.732444,2.67754168,5.8448424,1.2760916,0
6312,86.92,33.1601024,173.94468935999998,5.789538360000002,13.360641359999999,1.2556400799999998,0
6313,142.4,24.7532576,248.10429200000002,4.663275839999999,5.995960305600001,1.2921721199999998,1
6314,570.52,30.139438,63.8591788,5.324341639999999,9.717067759999999,1.3243714,0
6315,297.2,37.0928972,284.6006760000001,4.480764000000001,11.09460108,1.2920040799999999,1
6316,186.88,17.13133668,329.832304,5.54510312,4.47263728,1.1975530399999998,0
6317,257.04,24.237655600000004,80.91001799999998,4.502506320000001,5.553539520000002,1.30798632,1
6318,233.04,31.4850108,131.72755088,6.3701212400000005,13.000875559999999,1.3050827999999999,0
6319,223.88,28.708401199999994,182.040268,4.512191200000001,7.858354519999999,1.2866922399999998,0
6320,101.6,27.822356399999993,98.31977080000003,4.21727348,7.0998050400000015,1.28428548,0
6321,223.04,22.053288279999997,240.40393599999993,3.0352741999999995,4.144838604,1.30300392,0
6322,430.6,35.91088519999999,274.10345728000004,5.069584760000001,12.98458604,1.32538064,0
6323,361.8,16.311740800000006,194.430612,4.40274856,2.910956668,1.2921436000000002,0
6324,134.88,17.724448160000005,123.90619639999998,4.28832804,3.6025083599999994,1.2934694000000002,0
6325,173.52,31.806845999999993,127.72542943999998,5.1947082799999995,10.423679280000002,1.3670097599999997,0
6326,533.52,32.5208188,76.40589999999999,4.3819308800000005,9.239507640000001,1.3702369199999997,0
6327,97.8,24.46583147999999,207.023012,4.02820248,5.816180360000001,1.2541229599999995,0
6328,627.92,35.68638359999998,200.34969600000005,4.02265136,9.72436192,1.3315532,0
6329,621.6,24.521016,331.17710400000004,4.790464920000002,6.64276044,1.3236926,0
6330,439.0,25.9990012,188.57295599999995,3.11102644,5.17982532,1.2976672399999998,0
6331,144.52,13.57027036,239.68500400000002,3.60066164,2.326502504,1.3049992799999997,0
6332,278.2,22.331209999999995,186.47968088000002,3.74695832,4.8314388799999985,1.3077991200000003,1
6333,13.44,22.219768,183.501124,6.640684600000002,7.241503312960001,1.19059592,0
6334,102.68,14.605902839999997,231.67874799999998,4.26820084,2.5107437560000005,1.3086656000000003,0
6335,135.12,38.1289668,277.469844,4.39910916,11.40104092,1.3033992,1
6336,266.92,32.1319092,192.43191999999996,5.355543399999999,10.83702684,1.29913408,1
6337,274.68,49.17724519999999,217.78878399999994,3.12609404,12.29152852,1.2658623199999999,0
6338,188.08,34.4422396,326.14104000000003,4.83658612,10.858433159999999,1.3366508,0
6339,49.44,23.9842736,251.83948,5.924383840000001,8.92735264,1.3607191600000001,0
6340,215.08,21.35682016,243.61627199999995,4.232257400000001,4.949661764000001,1.36007544,0
6341,210.12,24.990554800000005,43.145748,5.07544376,7.415324760000001,1.33622532,0
6342,51.72,29.298723199999994,31.870497200000003,4.903032560000001,8.7765602,1.09701244,0
6343,392.44,27.8368588,50.2945788,5.722567000000001,9.94257508,1.34516844,0
6344,244.6,31.922374680000008,304.3343,3.0776992400000007,7.16474928,1.3309414000000002,1
6345,334.44,26.854866000000005,217.72840399999993,4.37779468,6.966105999999999,1.3175797999999999,1
6346,202.0,47.349177600000004,249.865652,3.7342823600000004,13.460077279999998,1.2846567599999998,0
6347,58.72,18.2023544,60.983847999999995,6.229100560000001,5.355057038039999,1.2732168799999997,0
6348,26.12,32.680968,283.33202199999994,3.9531035200000004,8.671997560000001,1.35598896,0
6349,264.32,30.9277764,31.450723760000002,3.65253084,7.22877616,1.30595712,0
6350,355.84,25.291143199999997,129.16658999999999,4.93557396,7.786663559999998,1.32736876,0
6351,67.04,21.152602399999996,43.39801080000001,3.8069204400000003,4.435833680000001,1.2281654,0
6352,269.24,30.908201599999988,194.89468000000005,3.84682544,7.6492859200000005,1.30118368,1
6353,114.92,26.325088400000006,305.324452,5.035976559999999,7.626305439999999,1.35700288,1
6354,246.52,27.324484399999992,186.202124,5.3809542000000015,7.7070514,1.28581152,1
6355,293.88,13.30477672,142.581588,6.2977345200000014,2.5217484894399997,1.2907038,0
6356,294.96,36.8406308,58.53670760000002,4.1077374,10.320353200000001,1.35560204,1
6357,23.24,25.692198280000007,191.072984,3.3562017600000003,5.35243876,1.14680676,0
6358,147.64,26.985362399999996,82.44272679999999,6.17526912,10.215343080000002,1.35882976,0
6359,91.92,22.242910000000002,224.09520799999996,4.826600999999999,5.792593880000001,1.2848406399999999,0
6360,268.68,33.712013999999996,151.59096000000002,3.8069233599999994,8.57342652,1.2981449600000001,0
6361,77.64,16.528107200000004,153.492592,6.344548319999999,5.107054080000001,1.2909591599999997,0
6362,127.36,33.19508239999999,282.0056120000001,4.12554204,8.957113720000002,1.24671312,0
6363,202.12,25.660073200000003,143.642608,3.6899974399999995,5.69371928,1.3331598,1
6364,65.64,16.3483216,151.81978800000002,4.608974720000001,3.628042636000001,1.2875677599999997,0
6365,288.56,29.4935048,277.93680256000005,4.18551628,7.716177,1.2896995999999998,1
6366,100.16,33.6052724,46.49247288000001,3.51922096,7.995887280000001,1.29663376,0
6367,148.32,26.68819479999999,271.67734328,6.653003760000001,10.899867440000001,1.3660105200000001,0
6368,443.52,33.232683599999994,309.205184,5.473721359999998,11.82940932,1.3661034800000003,0
6369,108.56,24.8884604,328.127348,5.09176932,7.1436315200000005,1.27421692,0
6370,253.12,32.9245216,40.163938800000004,4.234282599999999,9.05749104,1.2664517599999998,0
6371,286.2,27.8752188,158.41559999999998,3.1527890000000003,5.84255432,1.3046931999999998,1
6372,262.16,25.223334120000004,124.7346068,4.5997994,6.40092136,1.3031376399999999,1
6373,167.28,24.53617788,161.10984799999997,3.4682785199999997,5.184796640000001,1.1820042,0
6374,342.0,35.6815168,327.80831608,4.11139496,9.89334988,1.3682296800000002,0
6375,147.6,28.34517359999999,287.39366000000007,5.9539894,10.26592848,1.2806118400000002,0
6376,13.24,28.442148120000006,114.10208999999998,4.73512964,5.8002287246399975,1.22003124,0
6377,39.2,27.07323720000001,239.414848,3.726503280000001,6.2581117200000005,1.3237689599999998,1
6378,184.72,26.5004164,119.82536800000001,4.78203476,7.515086240000001,1.35224864,0
6379,237.72,38.2672112,55.292426000000006,3.3261174000000007,9.29306116,1.3078196399999995,1
6380,49.52,19.594057999999993,105.38013360000001,6.0147723200000005,6.132012056000001,1.3397398399999998,0
6381,49.44,30.075305200000003,43.052066800000006,3.6584096799999997,7.07538324,1.2948255599999996,1
6382,266.84,27.84724228000001,92.31722840000002,4.492968640000001,7.488861440000003,1.3312629999999999,1
6383,168.04,30.59036544,212.2752787999999,4.69212784,7.26880885636,1.29212148,1
6384,67.56,27.0147024,36.38677968,5.368162,8.61212964,1.1308147999999998,0
6385,230.8,28.927170680000003,226.27469159999993,4.7483988,11.114382364,1.284997,0
6386,132.16,23.227782520000005,77.58683839999999,4.60120288,5.927476760000001,1.34034068,0
6387,264.2,33.10010360000001,39.577320400000005,4.34927924,9.3980274,1.22444232,0
6388,85.4,24.94049159999999,279.32678,4.4458731999999985,6.361671240000001,1.35930924,0
6389,243.76,34.26408240000001,228.12855359999998,5.3159721200000005,11.887307520000002,1.30385072,1
6390,227.12,25.173020399999995,237.42376399999998,4.347095520000001,6.391165679999999,1.3144665600000003,1
6391,183.4,19.74064988,178.47754399999997,7.108879359999999,6.680231520000001,1.3215333200000001,0
6392,501.92,28.332440000000005,67.22836360000001,5.850322240000001,10.189627479999999,1.3489665199999998,0
6393,31.88,25.526012800000007,198.431132,4.65901164,6.762171239999999,1.2876426800000003,0
6394,143.04,21.640146799999993,337.220934,5.8412866,6.78764568,1.10899196,0
6395,100.0,29.088329200000004,245.04478984000005,3.2384650000000006,6.340553160000001,1.2756969599999999,0
6396,265.68,13.518597479999993,293.63822799999997,4.9561528,2.9200894400000004,1.32742356,0
6397,97.04,29.017538400000003,64.58253776000001,4.10413288,7.35547652,1.22638328,0
6398,94.72,34.43518399999999,250.422372,6.118213640000001,14.067468000000003,1.2944799999999999,0
6399,71.6,16.43776616,296.54760400000004,6.21131176,5.040142364,1.34469016,0
6400,20.0,14.982244040000003,253.60394799999992,6.043299480000001,3.6967184799999995,1.29480256,0
6401,150.6,17.305473759999995,283.660632,4.576955559999999,3.397554816,1.2939217599999997,0
6402,48.12,26.643119999999996,71.20259159999999,3.72426048,6.017601600000002,1.28228848,0
6403,223.92,21.1456864,149.07284400000003,4.489911040000001,5.048269039999999,1.2780186399999998,0
6404,95.64,25.404180399999994,139.738588,4.05482936,6.089521279999999,1.35801364,1
6405,246.76,19.02164628,196.43624799999998,6.028799039999999,4.964320502400001,1.3146338800000001,0
6406,187.24,15.74788176,257.511808,5.177452959999999,3.02981500708,1.33541228,0
6407,721.92,22.3520828,176.08038,4.8288110799999995,5.79143388,1.3556469999999998,0
6408,155.6,14.91443196,195.313352,4.0111285599999995,2.7985822520000005,1.3316922400000002,0
6409,226.08,40.607924800000006,186.905436,3.2535923600000003,9.90313048,1.30874732,0
6410,139.2,31.8862372,171.74047599999997,4.918589639999999,9.8749264,1.27725548,0
6411,398.84,32.3402996,115.1676604,3.649602880000001,7.85525884,1.3272462800000002,0
6412,387.04,34.5429424,214.83980000000003,3.59014136,7.809804799999999,1.3153137199999998,1
6413,176.4,26.500103080000002,124.015512,3.373757360000001,5.769532688000002,1.3196655999999998,1
6414,72.12,15.8391564,87.402308,5.02468468,3.6297324,1.2886485999999997,0
6415,518.2,36.51694799999999,54.714911999999984,3.853343799999999,9.673692639999997,1.3285222,0
6416,476.16,35.09913639999999,327.04880399999996,4.169823640000001,9.78727136,1.3190123599999999,1
6417,241.28,26.303824400000003,147.53091199999997,4.24581108,6.41304256,1.3230696,0
6418,186.0,28.673098,67.8562672,4.803994319999999,8.555306439999999,1.30753568,0
6419,49.88,32.4721316,157.08083680000004,5.304501639999999,11.108886719999997,1.2747395599999995,0
6420,399.56,26.064555599999995,195.43195599999996,3.8215300400000007,6.142038799999999,1.2834786799999998,0
6421,200.2,32.3924524,250.235764,4.025175999999999,8.596335600000002,1.3317903999999998,0
6422,134.6,9.89071772,114.05040000000001,4.303087680000001,2.026474576,1.2871723600000005,0
6423,326.24,24.148579999999995,94.45345280000001,4.52675272,6.114723440000001,1.28312192,0
6424,86.28,25.542009600000007,176.906636,5.4665757600000005,8.794087199999998,1.27722284,0
6425,319.4,39.207160800000004,179.13924,4.28839,11.715374919999999,1.3056507199999996,0
6426,263.2,35.96811239999999,255.82008399999992,3.97529692,9.72716256,1.30934128,1
6427,135.2,34.42023800000001,178.04877600000003,4.37561744,9.88746244,1.2781689199999997,0
6428,302.52,22.7467124,122.002948,3.7864574799999993,4.912067159999999,1.27680296,0
6429,12.12,16.5068852,173.69520599999998,4.6259434,1.8858641528799998,1.3245923599999998,0
6430,205.8,32.15521639999999,119.29656639999999,3.5925573600000007,7.682128600000002,1.34188648,0
6431,89.12,11.980206159999998,256.0992,6.232193719999998,2.7571420399999997,1.3419952800000001,0
6432,605.48,41.74838600000001,178.78232799999998,4.16491024,12.378591199999999,1.3328178800000001,0
6433,114.72,26.68275319999999,158.34583199999994,5.73251816,9.106494719999999,1.2477285599999997,0
6434,349.88,30.26814999999999,36.16537040000001,3.44287668,6.827556480000002,1.29090148,1
6435,79.68,38.534179599999995,96.02809439999999,4.0630772,10.75429916,1.2946618799999998,1
6436,208.4,30.455163199999998,127.90617680000001,3.5383994000000003,7.15127992,1.3321524399999998,1
6437,39.24,29.111155599999996,81.15106536,5.3611052400000005,9.847226000000001,1.24265948,0
6438,149.6,39.07162400000001,262.951012,5.037865759999999,13.446796,1.29577068,0
6439,285.76,36.008508799999994,296.66431200000005,4.157150039999999,10.0629346,1.32359052,0
6440,289.64,42.90878,141.97542800000002,4.07569088,12.629173999999999,1.29633056,1
6441,314.72,34.623974800000006,177.77364,3.1622197600000015,7.933159360000001,1.3057493199999999,1
6442,164.36,22.9971596,314.789992,3.3853032,4.64088076,1.2062585600000002,0
6443,556.64,14.491667759999999,295.93739600000004,5.1300298,3.1587365969199994,1.32353028,0
6444,79.04,27.7716764,271.96358,5.28519048,8.46387164,1.15200312,0
6445,264.44,16.892790919999996,262.597924,5.90495936,5.05445235556,1.3207979999999997,0
6446,660.72,31.0280504,237.41705200000004,4.29356816,8.82126976,1.32300176,0
6447,98.36,23.849503600000002,278.737548,4.62105844,6.207153599999999,1.3231183999999998,0
6448,415.64,26.366176,298.737716,3.678512599999999,5.855700760000002,1.3191026800000003,1
6449,52.64,13.940095720000002,211.7028,4.49542332,3.1028002889599997,1.30472088,0
6450,39.76,36.06599159999998,341.766504,4.256289799999999,10.26543676,1.2970479600000002,0
6451,43.76,20.673480000000005,284.858884,4.755505239999999,5.1089381199999995,1.2869414000000001,0
6452,238.44,23.541855199999997,331.94854799999996,3.8567073200000004,5.220142840000001,1.2329069999999998,0
6453,405.4,35.149503599999996,269.75129600000014,5.8472370399999996,13.696178880000001,1.33083864,0
6454,75.76,18.010416399999997,108.078438,6.835989879999999,6.5290326400000005,1.2358115200000002,0
6455,125.92,28.540188400000005,86.66024327999999,5.14176936,9.116215199999997,1.3519322400000002,0
6456,191.96,18.612328799999997,290.9047719999999,5.396422560000001,5.038536879999999,1.360379,0
6457,60.16,24.069775999999997,308.1116999999999,5.04624076,6.808551000000001,1.2754592400000002,0
6458,122.92,24.177395999999998,74.77311040000001,3.79960624,5.398914199999999,1.33932508,0
6459,27.8,20.259588959999995,312.65864799999997,4.459440520000001,4.770512119999999,1.27862644,0
6460,288.84,36.01195159999999,293.3733959999999,3.7552022400000005,9.311583,1.3097632000000001,1
6461,381.12,36.302667199999995,234.47635599999995,3.0220814799999998,8.14898416,1.3165259999999999,1
6462,329.16,18.929337600000004,293.9413596,6.594239079999999,6.543605760000002,1.32059772,0
6463,76.2,30.72234399999999,201.770432,3.1669997999999993,6.641961439999999,1.32219752,1
6464,141.6,37.69881588,219.36570799999993,3.2722036799999996,9.274740804,1.3059562000000002,1
6465,485.0,35.79029959999999,191.77148408000002,5.22331224,12.703573280000002,1.3705274000000003,0
6466,127.64,35.2596736,311.67073600000003,4.678793840000001,10.85699052,1.29391404,0
6467,53.28,23.107568399999995,264.03557599999993,5.0057788400000005,6.352120399999999,1.2830370000000002,0
6468,200.0,32.579773200000005,270.7921854400001,4.957516760000001,10.169258840000001,1.3669753599999999,1
6469,48.12,20.535946399999993,293.074796,6.39676328,7.83890944,1.2450048000000002,0
6470,71.12,28.70972440000001,227.74891600000004,5.140022720000001,8.92000888,1.2931343600000003,0
6471,33.92,19.5676552,97.82174599999999,5.9191332800000005,5.848840640000001,1.2909988799999998,0
6472,258.6,28.8853728,331.75897199999997,3.42474844,6.26964204,1.2900679199999998,0
6473,160.52,31.756665999999992,282.821212,3.47933844,7.37635492,1.3442289600000001,0
6474,69.16,26.0313172,123.1174228,5.287031160000001,8.16103324,1.3076153599999998,0
6475,35.52,19.74594176,152.23095999999998,5.793967360000003,5.208592839999999,1.2992746000000002,0
6476,480.32,31.039598399999996,169.939048,5.696666680000001,12.261701119999998,1.33297016,0
6477,62.12,22.790054,98.7937676,5.71226228,6.679298040000001,1.2586464000000004,0
6478,521.84,20.940403200000002,280.6823992,3.3945516000000002,4.03065224,1.3440250000000002,0
6479,291.04,35.0708748,40.3670348,5.183261959999999,12.164478799999998,1.3451081200000001,0
6480,134.48,27.65584199999999,134.987604,4.806988479999999,7.923105479999999,1.3523341199999999,0
6481,210.88,26.483028799999996,269.8063519999999,4.99745516,7.76530908,1.31277564,0
6482,104.56,17.9369716,294.982812,5.697398880000001,5.050164960000001,1.2552938799999998,0
6483,18.6,29.096323200000008,124.64767320000003,5.19356084,9.356045107999998,1.34430828,0
6484,21.76,24.40420148,233.01257496,3.518836,4.10147153444,1.27744808,0
6485,452.48,20.126561999999993,48.4211668,4.139512119999999,4.3947223200000005,1.31241676,0
6486,214.04,46.798578400000004,101.30505087999998,2.9933990399999995,11.118955040000001,1.2837204400000002,1
6487,68.2,33.396591599999994,119.41581503999998,3.2513401999999996,7.537068600000001,1.35449296,1
6488,119.88,31.167813999999993,256.9804039999999,3.6024702000000004,7.3771685599999985,1.23917904,0
6489,254.44,31.013256800000004,233.45255568000002,4.36264524,8.51203532,1.30678024,0
6490,227.56,24.07572279999999,185.86808399999998,3.1969662800000003,5.020467480000001,1.2975154400000002,0
6491,293.96,31.0322856,99.34859840000001,3.62390076,7.293991920000001,1.3138883199999998,0
6492,176.12,37.01343919999999,208.81419199999996,4.057335559999999,10.21584804,1.27925576,1
6493,419.12,34.862586799999995,336.977984,5.42693676,12.666005680000001,1.327901,0
6494,222.0,23.358719080000004,206.868152,3.6078429599999993,4.56192004,1.3214651999999998,0
6495,179.28,29.44016080000001,307.289704,4.58020756,8.28044408,1.3387959599999997,0
6496,56.44,22.27850652,270.82336,4.75630748,5.46991370504,1.2878703999999999,0
6497,422.92,30.219939599999993,105.9497456,4.298308120000001,8.12023184,1.3317459999999999,1
6498,404.64,22.43582507999999,107.12334904,6.020210080000001,7.63188096,1.3300165999999998,0
6499,527.48,42.51163080000001,279.71835200000004,3.28389688,10.636669,1.31114176,0
6500,196.92,58.558361999999995,331.75661999999994,2.8516123999999996,14.820610000000002,1.29027404,0
6501,563.92,21.157107999999994,170.453148,3.6006593600000003,4.11224844,1.33395296,0
6502,206.16,39.11692959999999,227.433452,3.9930182000000003,10.9123256,1.3398282000000001,0
6503,121.72,32.84586879999999,134.93512,4.166328640000001,8.907021799999997,1.2346446000000002,0
6504,109.64,10.90666948,124.65239600000001,6.512156319999999,3.7146563665600008,1.33536896,0
6505,365.88,32.402027999999994,120.323068,5.26903684,10.8754934,1.33395904,0
6506,35.04,14.904637600000001,296.12583199999995,5.32655352,3.2024751600000005,1.27579628,0
6507,133.08,36.31767120000001,298.4240279999999,4.44775204,10.757311400000003,1.30771104,0
6508,161.92,32.705001599999996,124.86111600000004,3.9829603999999987,8.523280880000002,1.293305,0
6509,377.12,37.78308639999999,93.3964192,4.41327168,11.401582359999997,1.3025847599999998,1
6510,176.52,43.1650416,262.61483200000004,3.87109328,12.23620112,1.2845116399999998,0
6511,53.44,19.287702799999998,330.705434,4.98944164,4.854886960000001,1.3217215999999998,0
6512,455.28,35.22230679999999,299.85389200000003,4.189255479999999,9.809231559999999,1.3109106,0
6513,480.04,34.51411560000001,264.85952799999995,4.180224399999999,9.537798799999997,1.3197464399999999,0
6514,98.8,38.096823199999996,56.84724407999999,3.9277953999999995,10.398046279999999,1.2537646,0
6515,5.04,12.25723564,175.6223988,9.112126479999999,1.72739264404,1.3530067199999996,0
6516,332.68,17.359453079999998,147.73678,5.35391068,4.10294832,1.30104852,0
6517,497.88,17.641851080000002,64.4365604,4.52181168,4.001044039999999,1.36917932,0
6518,154.96,24.98371319999999,36.64221616000002,3.9936995999999994,5.719670440000001,1.34940112,0
6519,182.24,19.53287,63.36540720000001,3.7488690799999995,3.903567599999999,1.33348372,0
6520,276.76,32.674464799999996,140.82954399999997,3.7625912,8.21196532,1.30287272,1
6521,73.52,28.87164320000001,134.10914,5.73886572,10.05859096,1.3256262400000003,1
6522,294.68,26.15702028,106.3061308,3.72473744,6.0209844399999985,1.26532844,0
6523,202.72,25.82720639999999,140.70219600000001,5.01359696,7.571322720000001,1.10831332,0
6524,366.28,22.153607600000004,188.00897600000005,5.932439079999999,7.05873964,1.2843828800000003,0
6525,128.6,39.19668279999999,105.25801360000003,3.60194072,10.0130874,1.26296404,0
6526,377.36,29.603284799999997,269.7023079999999,3.1956110399999993,6.33598572,1.2829407599999998,0
6527,306.92,24.3403892,212.646752,4.3897661999999995,6.05670748,1.30480412,1
6528,128.64,19.855191599999998,246.37994000000003,4.855284,4.94923152,1.2875424800000002,0
6529,268.48,26.8287956,125.84004040000002,3.1554888,5.634549968,1.2841498000000002,1
6530,172.92,13.404170160000001,72.371992,4.23937896,2.13965087704,1.2984218399999998,0
6531,264.2,17.362543199999994,62.74561360000001,4.36739548,3.7349967599999996,1.327346,0
6532,196.16,33.63389,61.011550799999995,3.34626008,7.805966000000001,1.3136874000000003,0
6533,213.04,13.84136428,131.11499600000002,5.9964797999999995,2.7701002840399997,1.32305096,0
6534,141.88,30.932063599999992,87.3055856,4.976399119999999,9.59735904,1.3347609599999999,1
6535,175.8,20.163320560000003,245.58020040000002,3.8394845999999996,4.332574559999999,1.3637996000000001,0
6536,167.28,29.5851456,304.17207600000006,3.3318647599999998,6.566928559999999,1.36071936,0
6537,100.24,17.109216399999994,133.652396,6.047243480000001,5.0346352,1.28374524,0
6538,92.12,34.32639319999999,288.262128,4.156724719999999,9.46377888,1.32395044,1
6539,38.96,35.20011559999999,116.8903128,4.24205064,9.898951599999998,1.1369187599999997,1
6540,342.44,34.451507199999995,204.05628399999995,4.20178716,9.539106559999999,1.3203670000000003,0
6541,125.6,30.4839712,330.909236,4.922102799999999,9.220989959999999,1.2955094,1
6542,210.24,29.194762800000007,224.67479600000007,4.19268148,7.63580188,1.3449484,1
6543,392.48,37.132257200000005,291.292308,3.8891738,9.88293276,1.3303414800000002,1
6544,52.76,14.844304959999997,241.456358,6.089175319999998,3.377957912720001,1.1147949599999998,0
6545,141.6,14.24064384,69.06854640000002,5.128989240000001,2.753029692000001,1.2887551200000003,0
6546,98.12,25.327383199999996,38.547320000000006,5.12695664,7.510728360000001,1.1822305599999998,0
6547,153.84,27.642758,131.57789360000004,4.02409268,6.774139839999999,1.3356831200000001,0
6548,193.64,23.168368520000005,300.8925920000001,3.7464058799999997,5.127093932039998,1.3351584,1
6549,528.6,46.082244400000015,291.31916000000007,2.89353452,10.954367559999998,1.3657097999999999,0
6550,158.24,36.5049036,256.01052400000003,4.05116416,10.14328188,1.3142170000000002,1
6551,225.56,30.550441599999996,333.4474319999999,4.684253319999999,8.921894599999998,1.3297390000000002,0
6552,153.72,33.4169468,181.654476,4.121285879999999,9.0941186,1.3532171199999998,0
6553,99.36,28.20169519999999,250.11353599999998,5.296613,8.958538599999999,1.3663101599999998,1
6554,67.44,26.434737999999992,244.27144799999994,4.13913436,6.546821879999998,1.1221146000000004,0
6555,111.04,31.379709199999994,336.47926,4.820135639999998,9.514895399999999,1.2854248000000001,0
6556,150.24,18.2133572,267.97529199999997,5.87596348,5.3185552,1.3112057199999998,0
6557,264.08,40.716285199999994,313.82311288,3.9445859999999997,11.410677559999996,1.3079065600000002,1
6558,177.64,23.84163279999999,59.89776399999999,4.03054396,5.628994840000002,1.29951244,0
6559,260.2,33.943388399999996,65.9990424,4.00710948,9.000773839999999,1.3085956800000003,1
6560,511.12,30.455535199999986,279.1834680000001,5.494306880000002,10.423573639999999,1.3186966,0
6561,83.04,24.648778000000004,217.01055200000008,4.333312439999999,6.260096959999999,1.3122918,0
6562,129.2,25.312254,89.08055839999999,4.0783344,6.024063600000001,1.100445,0
6563,66.88,15.188271599999998,151.9182204,7.458922640000001,5.552661719999999,1.35627164,0
6564,98.0,28.14621548000001,257.26723408000004,3.80056068,6.254915284,1.30263316,0
6565,30.04,27.6919148,279.270524,3.1291524400000004,5.743983888000002,1.2788776400000001,1
6566,189.4,41.3830788,200.405736,3.9450233999999993,10.844507680000001,1.2995219599999999,1
6567,75.96,36.2787076,323.00236967999996,4.70263292,11.378765000000001,1.3396328799999997,0
6568,64.52,24.149797999999997,85.69837520000003,3.92755596,5.46497788,1.09669544,0
6569,472.4,29.264561199999992,316.8445372,5.622813279999999,10.07451416,1.3227662,0
6570,263.2,19.270550799999995,103.428312,6.09703384,6.038553520000001,1.3393177199999997,0
6571,283.96,36.886697999999996,227.52896800000002,3.96764496,10.143226720000001,1.2929590799999997,0
6572,261.8,18.880547079999996,117.9188552,5.2051896,5.34618192,1.3283748800000001,0
6573,280.28,18.7276676,333.54136,3.7288534,3.6346680799999995,1.26935892,0
6574,201.84,30.340477079999996,282.12574959999995,4.179374799999999,8.160929639999999,1.3677062800000002,0
6575,213.64,35.1999236,317.152108,3.21867144,8.089119479999999,1.3627151599999998,0
6576,465.2,21.176326399999997,281.14829599999996,6.385397159999999,7.446009400000001,1.3185712000000003,0
6577,297.08,24.17718988,252.72222479999996,4.772257959999999,6.23693868,1.3305466000000001,0
6578,52.36,18.150201879999994,103.10310560000002,4.01755512,3.429134393680002,1.3390050000000002,1
6579,260.32,25.7294312,295.2044239999999,4.8429657599999985,7.22040384,1.2428881600000004,0
6580,32.88,36.66495319999999,126.781856,3.61907192,9.15771788,1.3308644,0
6581,136.84,24.808136,100.99577239999999,5.31315324,7.625222959999999,1.30690088,0
6582,166.84,33.38763719999999,293.435016,3.5471834799999997,7.95181884,1.29915948,0
6583,432.64,47.90715720000001,183.84495600000002,3.3153056800000003,12.495158000000002,1.3655775599999995,0
6584,68.28,25.3836704,181.677846,8.633364239999999,3.5354343116800004,1.33737708,0
6585,324.84,19.707809200000007,167.04976399999998,3.7178427199999997,3.93084692,1.28836296,0
6586,232.12,22.262300279999998,109.64719399999998,3.1819311600000004,4.267170844,1.1482285199999998,0
6587,86.4,43.5975308,275.6328680000001,4.04015608,12.7720332,1.294835,0
6588,475.8,29.290766799999997,44.1855088,4.31134136,7.775048360000002,1.3263605600000004,0
6589,289.56,28.140437199999994,177.33184800000004,4.22374396,7.19210252,1.3319838400000001,1
6590,317.88,38.287969600000004,273.742448,4.363247480000001,11.363037839999997,1.3654374000000002,1
6591,32.12,48.734856799999996,305.266692,3.3930230400000005,12.945789119999997,1.3051746799999997,0
6592,65.4,25.919768399999995,223.11797119999994,5.89401676,8.9264934,1.36295216,0
6593,39.68,21.653326799999995,171.531892,5.128458080000001,5.881380720000001,1.3288265200000005,0
6594,574.76,41.5781772,291.72746,4.02801268,11.910100840000002,1.3187292799999997,1
6595,844.2,34.8232176,149.21384248,5.22163696,11.9063128,1.3205023999999996,0
6596,564.84,40.91406799999999,114.29185360000002,3.4299636799999997,10.393549479999999,1.3692011199999998,0
6597,50.24,25.843860680000002,295.459136,4.422910559999999,6.676808000000002,1.2634724,0
6598,571.72,33.04206039999999,58.1541508,4.14064684,9.02123132,1.3697268799999998,0
6599,240.8,25.681382,103.8900348,3.7047821599999993,5.910959399999999,1.2819106400000004,1
6600,60.36,26.166411599999996,29.221079200000005,3.9457237199999993,6.101903719999998,1.3548544,1
6601,55.36,25.34572560000001,88.94198759999999,3.970461919999999,5.91685688,1.3286424,0
6602,88.08,11.8264518,231.264596,4.4810110000000005,3.4937185639999995,1.29859132,0
6603,735.68,42.8421492,112.89789160000001,3.7128566800000002,11.816366120000003,1.3218782400000004,0
6604,195.4,24.740336399999997,186.06848399999998,4.544644559999999,6.3927642800000015,1.29726284,0
6605,109.56,18.640388239999997,161.60114080000002,5.759582839999999,4.002141481880001,1.29211012,0
6606,37.76,26.4156772,196.680692,4.18990408,6.720804,1.29496148,1
6607,36.88,40.707681199999996,65.61880839999999,4.80546536,13.123127600000002,1.14492364,1
6608,164.6,33.14814119999998,104.54956400000003,4.62382236,9.867123,1.3059737599999999,0
6609,178.4,21.366709079999996,119.670956,5.27273424,6.10595592,1.3537384799999999,0
6610,69.88,27.8192608,227.36632,4.7940210400000005,7.882195359999998,1.3505709599999998,0
6611,47.36,25.837093600000003,114.83767000000002,4.624489679999999,6.92390132,1.28251044,0
6612,268.36,35.80456920000001,129.99565399999997,5.04301272,12.765475960000002,1.3290872400000004,0
6613,300.0,24.127908399999995,222.51103999999998,5.60338412,8.57456796,1.3326158799999999,0
6614,51.88,26.17399292,244.47373664000006,10.6483242,0.00155769328,1.29606632,0
6615,52.8,23.3909728,107.372676,3.356967000000001,4.70626704,1.2462044400000003,0
6616,16.32,24.23982519999999,235.0180136,5.07108576,6.9591362000000005,1.29885504,0
6617,313.24,35.391794,146.21275599999998,4.471391000000001,10.48199872,1.3148196400000003,1
6618,222.2,31.735619999999997,328.023944,4.1734556,8.47513568,1.27594016,0
6619,53.08,27.188654800000005,199.330164,5.5751128,9.0234034,1.282928,0
6620,248.4,34.85235199999999,76.39598280000001,3.540746880000001,8.488069480000002,1.3115196800000002,1
6621,322.4,27.66391012,85.040538,4.974613999999999,7.981579239999998,1.3254786800000002,1
6622,356.92,32.4026344,279.04843199999993,4.32056836,9.649794040000002,1.33019096,0
6623,101.36,22.079650119999986,157.82999600000002,5.0763599600000004,6.127882080000001,1.3501814,1
6624,110.96,23.4684152,196.266252,6.193060760000001,8.271871000000003,1.2879385599999997,0
6625,252.0,28.403351599999997,197.84998,3.63274404,6.578774559999999,1.3394845200000003,1
6626,221.16,34.5706112,186.92077999999998,4.13407864,9.453700799999998,1.3605921600000002,1
6627,104.48,30.1748572,290.25182808,3.6078027200000005,7.12482172,1.3393285600000002,1
6628,152.92,22.5107296,68.7730908,5.08279348,6.20792704,1.3068293199999996,0
6629,155.48,34.207246,215.20817599999995,3.90949456,8.927171799999998,1.29373856,0
6630,159.64,25.3977928,111.35534520000002,5.6038794,8.7972526,1.3185855599999998,0
6631,300.32,11.733441319999999,77.4,3.6511771599999996,2.28804963916,1.2659651600000001,0
6632,329.08,30.669332279999995,275.68218840000003,5.59948108,10.59355036,1.3269586000000002,0
6633,224.56,38.8755568,275.00969999999995,3.6342467600000004,10.138898600000003,1.2833245600000003,0
6634,309.44,37.43912320000001,266.75464800000003,4.349300640000001,11.0628998,1.3158868000000001,1
6635,251.88,32.02090148,258.767384,3.6388716399999996,6.79543781264,1.32289968,0
6636,130.32,33.73015159999999,311.92028719999996,4.9242748800000005,10.821067160000002,1.3593150399999998,0
6637,518.2,27.89378760000001,316.304916,4.731778600000001,7.864015279999998,1.31990892,1
6638,21.6,25.10881668,229.32143200000002,4.4418608000000015,4.388291183600001,1.29898228,0
6639,124.68,31.786421999999995,320.31134,4.952779319999999,9.8771854,1.3590893199999998,1
6640,335.08,30.795697600000004,153.60510399999998,4.3921715599999995,8.539987040000002,1.3635180000000002,0
6641,89.76,27.348726799999998,104.42710959999998,4.46318436,7.110071159999999,1.2517646000000002,0
6642,353.68,20.447518799999997,124.30904999999998,5.65739548,6.057201440000001,1.32643188,0
6643,175.52,20.969072679999996,196.08907200000002,3.72754812,4.28954876704,1.30092432,0
6644,64.08,19.89544332,112.0995376,5.092413560000001,5.33479488,1.33948468,0
6645,396.72,39.68701999999999,77.38379960000002,3.6708864400000003,10.3759056,1.3648252400000005,1
6646,443.12,34.2853228,117.5821772,4.1467552,9.391170640000002,1.3234401999999996,1
6647,218.8,38.1006388,278.47761999999994,3.18731516,9.004378199999998,1.2846959599999999,1
6648,334.08,18.126128559999998,60.91712279999999,3.9260936,3.6658685240000013,1.3073532799999998,0
6649,101.44,23.611209199999998,103.50344400000002,5.323272720000001,7.82789624,1.3418049600000002,0
6650,32.76,24.747086000000003,252.89102,3.3051771999999993,6.018012715999999,1.1981350400000002,0
6651,130.84,29.171027999999996,123.03965600000001,5.318622,9.40201704,1.1598210800000002,0
6652,89.24,44.9668924,210.05753348,4.3318605759999995,14.074694919999999,1.2907002399999998,1
6653,189.08,28.937202800000005,206.75822399999998,5.137898799999999,9.283754879999998,1.3443456800000002,0
6654,45.68,17.1352564,174.74924800000005,4.867343040000001,3.98073272,1.29465352,0
6655,284.92,31.028212,247.33373999999992,3.4070627200000003,7.129147359999999,1.2974790800000002,0
6656,296.84,21.861811999999997,343.9193240000001,5.7329948800000015,7.6700463933200025,1.28645228,0
6657,166.72,11.267228959999997,90.000006,6.399750159999999,2.9414039501600002,1.3050263199999999,0
6658,156.28,31.53836119999999,321.522104,3.525457120000001,7.299175599999999,1.3521405999999998,1
6659,56.16,24.8178544,165.04821200000004,5.018649919999999,6.670329559999999,1.3190214,0
6660,373.96,35.53156348,249.931724,3.02328832,8.086797964,1.2776846000000002,1
6661,168.68,45.375812399999994,159.98301600000002,3.6079707600000006,12.594538399999994,1.2959303199999999,1
6662,513.28,29.9863276,301.2854719999999,4.76305072,8.873386639999998,1.34744168,0
6663,530.24,34.4995376,122.13793360000001,3.35324808,8.15762904,1.32365904,1
6664,118.16,29.315633999999992,284.3385680000001,5.391047960000001,9.66396472,1.36668548,0
6665,12.64,18.5893624,253.82515200000006,5.3218739600000005,4.541827034080001,1.27923768,0
6666,17.56,29.5528264,211.455092,4.307556159999999,7.807028439999999,1.28490896,1
6667,271.0,27.501481200000004,149.473788,4.26333732,7.089936240000002,1.3185981199999999,0
6668,124.2,35.5182704,216.81928336,5.507386400000001,12.666293040000001,1.3628052400000001,0
6669,286.6,25.8644108,299.43473199999994,5.337246759999999,8.66263968,1.32469984,0
6670,16.92,19.486506759999994,226.5838552,5.948131399999998,1.8795988609199992,1.13306836,0
6671,297.2,31.8168396,279.68992,3.1845067599999997,6.93920908,1.3322492399999997,0
6672,138.68,24.24509252,139.0001096,3.6212223199999998,5.3989599560000014,1.3352387599999997,1
6673,227.32,11.921206920000001,305.389784,4.70229104,1.9647089202800003,1.31286312,0
6674,370.4,38.7158044,169.224512,4.1122402,11.106892359999996,1.3419823199999998,1
6675,225.6,20.21723372,147.007936,3.8623028799999997,4.073925764,1.32381052,0
6676,290.76,27.555676400000007,330.450412,5.145175399999999,8.90685816,1.31490464,0
6677,120.08,22.074836520000005,322.48200399999996,3.78369256,5.069707373680001,1.2705611600000002,1
6678,472.88,22.3139944,181.72020799999999,3.3808883200000004,4.312108063999999,1.3146731600000001,0
6679,219.6,26.971027199999998,134.106468,4.06908224,6.662889720000001,1.2799183199999997,1
6680,75.6,31.98178879999999,43.4557884,5.160219919999999,10.512326480000002,1.2822298,1
6681,236.84,23.88706548,159.36768600000002,5.058788680000002,7.23664644,1.32286312,1
6682,228.24,28.49972240000001,204.62411600000007,4.76975752,8.48583668,1.3031670800000001,1
6683,99.8,34.8949168,251.19001568,4.44491496,10.237077399999999,1.2380080000000004,0
6684,509.08,28.637864800000006,129.837468,3.4287124000000007,6.518785599999998,1.32121884,1
6685,259.68,16.820296,195.6677476,4.4513129199999995,4.177774356,1.33149052,0
6686,24.52,32.1069532,141.646392,3.8435257200000006,7.90930356,1.27451824,0
6687,202.72,25.626612400000003,43.525204,4.327810039999999,6.4542298800000015,1.30601068,0
6688,86.0,26.404887199999994,38.4983068,4.005487920000001,6.3349846,1.0989626399999997,0
6689,124.2,26.210385999999993,180.863624,4.57195236,6.97510696,1.29365576,0
6690,318.8,29.914001199999984,209.17148800000004,5.291385399999999,9.737942440000001,1.29350312,0
6691,359.76,23.0951736,95.066236,6.732713240000001,9.31765936,1.3317172800000003,0
6692,346.44,42.450943200000005,299.59865999999994,3.06990424,10.11896532,1.3339611200000001,1
6693,149.4,35.816576680000004,272.7111956,3.83536828,9.0108296,1.2948390400000003,0
6694,695.28,39.857121199999995,138.99029599999997,3.0684737599999994,9.335026240000001,1.33392692,0
6695,95.28,25.506417600000006,303.842068,4.135900359999999,6.118469799999999,1.2787619200000002,0
6696,211.4,23.609672400000004,171.753092,4.14433008,5.40811328,1.3276234400000002,1
6697,609.16,32.9985948,312.487348,3.5125802,7.850147079999999,1.3693328800000004,0
6698,214.44,25.6905116,57.26815959999999,3.71376256,5.550917839999999,1.3632786800000003,0
6699,18.24,28.763157199999995,197.206056,2.81423516,5.861306719999999,1.3054540000000001,0
6700,541.12,31.9833864,237.43518,3.7485550000000005,7.9073280399999994,1.33638472,0
6701,128.56,14.612634680000001,230.33114400000005,6.339069719999999,3.2942189065600003,1.11938704,0
6702,670.16,27.96515359999999,157.13093199999994,4.39219784,7.383133400000002,1.3631898,0
6703,18.16,14.449955520000001,216.913352,6.371126239999999,5.111635164000001,1.2805785600000001,0
6704,299.96,27.0307836,293.16829559999996,3.229506320000001,5.56299784,1.3154773599999998,0
6705,67.56,25.907801200000005,123.88627543999999,5.532392959999999,8.320880319999999,1.338402,0
6706,133.8,34.968816,223.102,3.5308181599999995,8.555795600000001,1.3582996799999996,1
6707,24.4,24.13984668,166.19494440000003,5.541206120000002,6.923077324000001,1.3383669599999999,0
6708,517.84,44.107127999999996,179.79653211999997,3.4132661999999994,11.431043240000001,1.3232234400000003,0
6709,78.92,31.70182359999999,104.994204,4.115800119999999,8.353260279999999,1.2748960000000003,1
6710,110.6,20.466174799999994,126.00196399999997,4.8190546,4.507368639999999,1.2759927599999998,0
6711,68.4,14.437923799999998,256.694572,5.6441766,1.8194706947200003,1.29679596,0
6712,190.56,19.701292399999996,170.50741200000002,3.77639824,3.92865136,1.36052664,0
6713,418.92,42.2755964,187.56960400000003,4.354743439999999,13.5469988,1.34142572,0
6714,245.28,34.49843919999999,206.32557599999996,3.956501040000001,9.20889636,1.30392844,1
6715,120.28,18.355486399999997,258.94468800000004,3.7688708,3.1685878400000003,1.33016492,0
6716,479.72,26.303735319999998,112.59194880000001,4.9816305199999995,7.74263564,1.32807828,1
6717,55.32,27.712999999999994,94.98877200000003,5.099209320000001,8.41440888,1.2767995200000002,1
6718,29.12,34.680483880000004,231.58698399999997,3.1829350000000005,6.621748187360001,1.3106478,0
6719,209.12,20.952395199999998,162.20484800000003,4.89685636,4.541067774679999,1.32233772,0
6720,823.28,39.9495576,156.71779999999998,3.76632536,10.74979112,1.31985732,1
6721,203.48,21.81195388,121.586674,5.525675399999999,6.497549440000001,1.27064468,0
6722,82.64,19.300986400000003,114.126246,5.2007590399999994,5.6766400375599995,1.31054596,1
6723,277.48,23.904565199999993,122.65925279999998,4.426281479999999,5.9633364,1.3310058800000002,0
6724,206.32,17.3773432,84.02999840000001,5.523649560000001,3.228658022319999,1.3583635200000002,0
6725,440.28,27.614862400000003,63.62207120000001,3.838878639999999,6.5151102000000005,1.3227532800000004,0
6726,24.28,21.54737720000001,75.35025639999999,4.23323596,4.723294559999999,1.35236428,0
6727,524.6,34.552879999999995,189.51931600000003,3.923097920000001,9.15803784,1.3208497200000002,1
6728,103.32,35.292387999999995,342.44656799999996,5.43249564,12.591125319999998,1.2872213200000002,1
6729,98.76,26.487590800000003,187.37044000000006,5.26709544,8.16946352,1.29831928,0
6730,816.2,25.874049999999993,61.39360359999998,3.9147858,6.00664332,1.3406260399999999,0
6731,108.2,27.603655199999995,123.38213016,4.3595738,7.218585920000001,1.18787932,0
6732,204.04,19.677026,276.58320399999997,4.582602239999999,4.8603755600000005,1.3110507200000001,0
6733,188.0,21.610871079999995,162.462032,6.45314128,7.0121766,1.28286744,0
6734,49.96,22.872767199999995,181.85575999999998,5.047578840000001,6.391771959999999,1.3185953999999998,0
6735,416.96,30.6843792,348.738668,4.52834056,8.62100352,1.35265672,0
6736,69.28,17.19366504,80.8909452,5.857260479999999,4.97630078328,1.2634571599999997,0
6737,87.32,30.127846799999997,252.8158992,5.963587080000001,11.686721519999997,1.2904314,0
6738,181.44,37.593630399999995,248.8944199999999,4.886814,12.64501164,1.2941836800000002,1
6739,105.12,32.8170048,273.08952400000004,4.19042096,8.903774400000001,1.2837346000000003,0
6740,203.64,28.5996352,147.321336,4.58623436,7.942011760000001,1.2594576000000002,0
6741,78.0,37.0541868,119.51571560000001,3.1543724400000004,8.52317852,1.25067132,0
6742,253.56,31.272885599999995,248.25254399999994,5.881524959999999,11.6054478,1.3036485599999998,0
6743,242.04,30.816735599999998,78.84672640000002,3.5271554800000002,7.1458216,1.2808907999999999,1
6744,296.52,37.12676,279.95610400000004,4.77274524,11.796804880000002,1.2920175999999999,1
6745,130.8,22.333039479999997,89.9454644,5.388500799999998,6.434306464,1.1379734799999996,0
6746,259.92,46.045683999999994,308.28659200000004,3.38012372,11.9828402,1.29344912,1
6747,300.88,17.789715880000003,298.60488799999996,4.01708788,3.600881676000002,1.2893813600000001,0
6748,381.6,25.697553359999997,289.72783008000005,4.4745582,6.63760521,1.3541146399999997,0
6749,396.6,36.5020748,331.90814400000005,4.9191962,11.834137480000003,1.309342,1
6750,293.64,18.978972,205.20855999999995,4.12788032,4.2581247200000005,1.29032068,0
6751,228.44,21.6130564,127.04446,5.166450599999999,5.75946084,1.29185052,0
6752,114.36,31.698101199999993,199.32757999999995,5.80016028,11.627886120000003,1.2517724,0
6753,296.88,32.486023200000005,178.680884,4.67612324,9.742497280000002,1.31390556,1
6754,75.56,26.257268399999994,321.6033559999999,6.2276495999999995,9.439300999999999,1.32846172,0
6755,186.0,24.666766399999993,267.514892,4.007532520000001,5.61450504,1.3503709200000003,0
6756,69.08,23.10701120000001,157.496876,4.470137640000001,5.6745512,1.28370192,0
6757,669.52,47.46388159999999,92.076122,3.2765948800000007,12.263465959999996,1.32298212,0
6758,159.4,30.322928400000002,91.002644,3.86722052,7.4832081200000005,1.33779576,1
6759,342.88,25.254835600000007,318.51202200000006,4.6909426000000005,7.0689046,1.3316383600000001,1
6760,88.12,25.417770399999995,115.79663999999997,4.8424573199999985,7.07979744,1.09702968,0
6761,117.08,17.26336188,93.6,5.624474479999999,6.414769680000001,1.3243791999999999,0
6762,77.24,25.658201199999997,193.74789200000004,4.342998799999999,6.46912956,1.1219623200000002,0
6763,280.84,38.555629999999994,155.37695999999997,4.741124600000001,12.463189240000004,1.3064061599999999,1
6764,369.72,33.7277928,179.66924399999996,5.501793199999998,12.027980920000003,1.31375804,0
6765,94.92,20.540858800000002,202.08300799999995,5.47226896,5.75630288,1.27371892,0
6766,73.48,23.9972132,289.93701999999996,4.714160719999999,6.355278159999999,1.33563044,1
6767,119.64,39.53295,265.352404,6.051956079999999,5.829103168159999,1.3185968000000003,0
6768,89.44,20.306798399999995,129.8139668,3.5239891600000006,4.21570764,1.2431501600000001,0
6769,342.64,17.447825199999997,175.22834799999998,6.414762240000001,5.715549000000001,1.2841182,0
6770,190.04,34.168651999999994,318.75260896,5.5400100000000005,12.511633,1.2779557599999996,0
6771,26.12,12.288614799999998,261.276444,6.53321388,3.2421803363599997,1.26121996,0
6772,62.0,41.78294719999999,132.719544,4.081937399999998,12.250337960000001,1.2566162400000003,0
6773,469.4,28.000597600000003,325.36082000000005,5.17645676,7.688472930119999,1.3192001600000003,0
6774,229.44,28.700367600000003,273.63276079999997,3.2085548399999997,6.124405719999998,1.29348172,1
6775,197.28,13.834574279999996,294.010208,5.002666519999999,2.74501645952,1.3571180800000002,0
6776,122.52,29.181720799999997,264.51753599999995,4.4833916,8.021659399999999,1.28135052,0
6777,39.04,18.6320964,42.51134199999999,4.89931232,4.529112319999999,1.3380777200000002,0
6778,259.68,36.945001600000005,84.22343919999999,3.4522506799999997,9.08189024,1.2930302400000002,1
6779,573.84,39.57053040000001,188.03781664,3.7299311600000005,10.55872516,1.3209391200000002,0
6780,90.12,24.738471599999997,203.07136640000002,5.995808800000001,6.42301134432,1.34050944,0
6781,149.68,26.31381719999999,318.41569840000005,5.955042079999998,9.261839600000002,1.33029944,0
6782,104.72,16.6637276,210.8591004,6.42954488,5.193390665959999,1.2522982000000003,0
6783,148.16,18.909161199999993,134.94362,4.88955372,4.644709080000001,1.23528444,0
6784,176.72,30.54610159999999,313.9302019999999,3.570519800000001,7.12804056,1.35206504,1
6785,58.2,15.43444308,57.90314119999999,4.66590104,3.31738136,1.2686896,0
6786,202.0,28.1177372,314.5478668,4.227235199999999,7.201116600000001,1.2935188800000004,1
6787,367.68,23.193156400000003,117.722236,3.689036359999999,4.92037044,1.3409625999999997,0
6788,24.72,21.235648399999995,183.2836808,4.71167892,3.94595396668,1.2529913600000002,0
6789,288.92,31.1138164,220.77417999999997,4.03948996,7.948502359999999,1.3046594000000002,1
6790,65.0,23.027977599999996,192.82814399999998,4.58531768,5.896101484000001,1.23496368,0
6791,90.72,13.719575960000002,83.94959399999999,5.5240605600000015,3.309387921,1.2989471200000002,0
6792,164.88,37.7440384,122.649994,4.675821759999999,11.424947079999999,1.2927373999999998,0
6793,55.28,21.435904799999992,232.92555600000003,6.081849919999999,6.26000176,1.3047258,0
6794,236.8,20.700131719999998,133.25282800000002,5.459284800000001,6.0224229648,1.2238000400000002,0
6795,131.2,20.526178679999997,229.957196,5.272400480000001,5.18671866292,1.3027139600000004,0
6796,399.92,23.461316800000006,263.67347599999994,3.8663962400000003,5.369839880000001,1.3226089199999997,0
6797,167.6,26.9417384,149.53538400000002,3.5830458399999996,6.017690959999999,1.3524117600000003,0
6798,286.32,28.312665880000004,279.89106288,3.8732701599999997,6.72304248,1.3219327200000002,0
6799,239.36,20.59838984,222.6575592,3.3119014799999995,4.0585233578799995,1.30138328,1
6800,625.36,38.954566,77.9640268,3.0873501599999997,9.067652079999997,1.36137048,0
6801,265.64,28.008510799999996,152.16802399999997,6.035536320000001,10.896160760000003,1.312352,0
6802,118.64,37.2629876,89.26473376000001,4.213716519999999,10.54648896,1.30876484,1
6803,168.0,32.84270439999999,245.06586639999998,4.867654839999999,10.17266924,1.257255,0
6804,61.28,19.984978400000003,278.050488,6.377109519999998,6.63389972,1.2860317600000002,0
6805,21.16,19.06355372,186.07324,4.289660959999999,4.07056508,1.2916761599999997,0
6806,341.72,23.812210399999998,219.53309999999993,3.758235879999999,5.18498624,1.3147650800000001,0
6807,137.68,31.061431200000005,315.3938800000001,5.97016864,11.63919732,1.3595236800000001,0
6808,248.12,17.240502159999995,176.70005600000002,4.164325799999999,3.652807128000001,1.3176318,0
6809,175.0,37.48034679999999,23.239124880000006,3.72415316,9.778633919999999,1.35872272,0
6810,144.2,18.895860399999997,297.03626560000004,4.89912536,4.610492839999999,1.3350928399999997,0
6811,7.84,12.167655879999998,110.86259480000002,7.60491412,3.0939934940799994,1.25465252,0
6812,377.64,39.9583164,242.51703599999996,4.9512208,14.1610156,1.3113748,0
6813,281.84,25.820273599999993,257.55709599999994,4.39567428,6.46952364,1.28893164,0
6814,260.76,23.7295412,123.62725439999998,5.55680828,7.30900336,1.30334364,0
6815,122.56,38.3814776,123.72817203999998,3.7915477600000003,10.139156159999997,1.3303863999999996,1
6816,308.92,24.170101999999996,329.192684,3.627705240000001,5.396434079999999,1.28974068,0
6817,426.76,46.209771599999996,153.4351,3.3842388400000005,12.048527319999998,1.3123164399999998,1
6818,239.88,52.99993159999999,322.53346,3.36315968,14.378808520000002,1.35702088,0
6819,196.68,25.907141999999993,133.6016448,4.950666000000001,7.41754412,1.3522749600000004,0
6820,26.08,22.565900399999997,119.27575920000002,3.9235086800000003,4.9752516,1.33653076,0
6821,827.64,18.56459708,84.04154039999999,5.82969168,5.15275532,1.33988788,0
6822,128.4,29.4058588,311.5545,3.2878082799999997,6.39242928,1.2772590400000001,0
6823,708.96,30.536768,144.35982184000002,3.8494779999999995,7.52277912,1.3430294799999998,0
6824,130.48,30.432429999999997,103.31775720000002,4.558734599999999,8.52576664,1.3375443200000003,0
6825,56.4,20.820338920000005,239.743628,5.3742852800000005,5.441057643679999,1.2980074400000001,0
6826,218.8,31.24259999999999,292.42708400000004,3.34923616,6.951799559999999,1.26077416,0
6827,60.08,42.1871948,275.03034,3.7691225200000003,10.596084359999997,1.3127338,0
6828,13.8,27.16182628,131.48920480000004,5.73138896,8.311687679999999,1.21036736,1
6829,287.92,29.84108440000001,182.46199999999996,3.6759824799999996,7.081765759999999,1.2900438399999998,1
6830,407.68,35.166159199999996,127.16534800000001,4.2980684799999995,10.02797992,1.3203998000000001,1
6831,27.0,29.759895199999995,274.399072,4.964608639999999,9.0225862,1.2645546799999998,0
6832,267.32,26.456617600000005,136.84875999999997,4.12155128,6.482979479999999,1.32973468,0
6833,152.04,11.989360159999997,147.6,3.95843404,1.9184899159999997,1.10799408,0
6834,575.24,14.080331199999998,214.485004,4.770822079999999,3.0918533440000004,1.3690608800000001,0
6835,29.12,30.16171707999999,22.409186079999994,4.4768821999999995,7.233741280000001,1.2315801999999998,0
6836,163.8,21.507305600000006,73.49191280000001,4.60742204,5.29041544,1.27565996,0
6837,78.44,33.21378479999999,228.84919968000003,5.26944432,11.58071068,1.28804696,0
6838,177.28,38.2529512,250.901668,3.83994488,10.294298719999999,1.2969134,1
6839,385.28,36.135456399999995,305.58367560000005,3.06262192,8.155797919999998,1.3120707999999999,1
6840,483.68,37.101079999999996,140.219604,3.652390879999999,9.513388280000001,1.3204944400000003,0
6841,58.32,29.053739199999995,298.41739200000006,4.707587520000001,8.294980920000002,1.32614344,0
6842,341.56,28.190957599999997,305.98126,4.232587560000001,7.26379092,1.2999667999999998,0
6843,517.56,38.7825712,195.456532,3.71133828,10.20598564,1.33007612,0
6844,10.16,19.9600976,244.4954076,6.815490159999999,3.92611601352,1.1442926000000002,0
6845,387.4,17.842958799999998,183.25470399999998,6.9556470799999985,6.464496279999999,1.3083893999999998,0
6846,270.4,24.9993404,96.00214919999999,5.707136279999999,8.163468680000001,1.3106274,0
6847,223.8,47.20039999999999,142.27817016,6.026290920000001,21.016375200000002,1.33471588,0
6848,236.64,26.0424872,120.90587200000002,3.75228012,5.990672599999999,1.36493784,1
6849,172.32,21.403074,141.35159599999994,4.123538519999999,4.784247000000001,1.32077892,0
6850,21.48,33.100578000000006,172.10638,4.619460200000001,10.35740104,1.2674276399999997,1
6851,96.36,26.499363479999996,195.78505288000005,3.1559596399999994,5.364520551999999,1.32429188,0
6852,94.36,20.0881888,292.479528,4.83608312,5.3607527600000004,1.26510844,0
6853,263.32,27.360629600000006,193.562944,4.66539384,7.64536332,1.31510168,1
6854,234.4,29.3692016,320.00571199999996,4.28023944,7.796012720000001,1.3334634799999998,0
6855,202.8,29.160673600000006,322.02129599999995,5.75821472,10.3518424,1.3204236,0
6856,312.88,24.523093999999997,272.305572,4.228289800000001,5.93600404,1.2892652,0
6857,39.68,16.482171999999995,248.97959600000002,4.290997839999999,3.414246,1.2883612799999997,0
6858,128.56,21.460945200000005,252.52292,6.434325080000001,7.865675239999999,1.11110524,0
6859,19.84,19.8591716,189.66385600000004,3.0541698799999994,3.407886924,1.2899485599999998,0
6860,41.6,31.43596919999999,195.47342400000005,4.28394108,8.568252440000002,1.2597540799999998,1
6861,278.8,22.909937600000003,46.75321320000001,3.9551645599999996,5.06977544,1.3666448,0
6862,47.84,28.319180279999998,108.86839888,2.70837372,5.196440628,1.33200832,0
6863,420.04,30.84594452,61.76543816000001,3.8007315999999993,7.1067646,1.3296700799999999,1
6864,440.44,38.85236,147.27390799999998,3.48202064,9.785019879999998,1.3242147199999998,1
6865,509.24,35.660139199999996,111.13241400000001,4.899573279999999,11.524497639999998,1.35024712,0
6866,148.76,18.3300344,109.42249519999997,5.3602706000000016,4.53827750884,1.27873772,0
6867,90.8,24.658966000000007,188.28567800000002,4.601765680000001,6.339147640000001,1.3400932,0
6868,203.0,30.909414000000005,104.8137104,5.54135256,10.6128542,1.3046539199999998,1
6869,300.04,23.689472799999997,196.842652,5.12409228,6.759147639999998,1.3237230799999997,0
6870,225.28,35.374903599999996,237.46064400000003,4.64644596,10.927400920000002,1.31941644,0
6871,208.24,29.151436000000007,311.975508,3.9537163599999996,7.19391432,1.2946192399999998,1
6872,37.92,31.738538000000002,314.40991599999995,3.8386265600000007,7.92416292,1.2943642799999997,0
6873,211.56,25.6289212,321.52486000000005,4.59127756,6.807689760000001,1.2950470800000002,0
6874,473.4,13.133643919999995,217.79999999999995,4.85225624,2.5868414355999994,1.36920192,0
6875,33.4,16.39049604,160.460264,5.071728159999999,3.597673776,1.3395776000000001,0
6876,242.68,32.125744,56.05796528000002,4.8595732400000005,9.702372639999998,1.3287644399999998,1
6877,300.2,16.604378800000003,230.38845999999998,5.872641320000001,4.88658676,1.3007709600000001,0
6878,63.76,25.639726,308.1605052,3.2791255200000005,5.2580972,1.24304784,0
6879,214.28,37.4062956,223.16470799999996,3.8969624,10.071348120000001,1.3396322400000003,0
6880,378.48,36.39979600000001,133.23490200000003,6.01032692,14.231734920000003,1.33834076,0
6881,154.84,23.663739999999994,69.2795208,6.877331120000001,9.797247879999997,1.1944792,0
6882,38.64,22.495458400000004,253.38975599999995,5.76910116,7.07753692,1.11618288,0
6883,225.6,28.347344399999994,158.100168,4.3691632799999995,7.49234136,1.29677356,0
6884,271.88,19.295468399999997,155.39010000000002,4.2437605199999995,4.24898732,1.2707873600000001,0
6885,286.72,27.824367600000002,84.286468,3.2884689599999994,5.974979880000001,1.30767432,1
6886,162.16,23.336303200000003,91.7185036,5.9812610799999995,7.838065400000001,1.33471532,0
6887,226.48,37.44319480000001,216.739002,3.5616349599999997,9.507218959999998,1.3151785599999997,1
6888,130.44,51.88796640000001,116.184224,3.4997953600000007,14.35612276,1.29391416,1
6889,323.4,34.805348,226.27602,3.8440554399999995,8.792758199999998,1.3069462,1
6890,66.24,31.0226424,143.7755912,3.67920804,7.4162907199999974,1.2983082000000001,0
6891,222.32,14.811059479999997,134.01779200000001,3.67214788,2.74811636,1.32496428,0
6892,126.92,40.55220919999999,312.49808800000005,3.1915717999999997,9.81150784,1.29093052,1
6893,179.76,24.468104799999995,160.875036,5.20470556,7.222089,1.31544848,0
6894,213.24,33.2122084,261.89482799999996,3.2249385999999998,7.608663999999999,1.3005070000000003,1
6895,75.4,28.6843072,236.45675999999992,4.43546264,7.925489599999999,1.34561432,0
6896,359.16,36.48546479999999,316.65258064000005,5.737995439999999,13.858721319999999,1.3131910000000002,0
6897,107.68,25.638381199999994,104.26921360000004,4.32078636,6.4379752,1.0986393599999997,0
6898,36.04,24.235301999999994,288.60499599999997,5.1447318,7.010551119999999,1.2579192000000001,0
6899,539.88,38.93418479999999,297.43520399999994,4.983691199999999,13.259686440000001,1.3139632799999998,0
6900,179.2,18.436414159999998,276.658644,4.555280639999999,3.3454313881600006,1.33249472,0
6901,12.52,32.3804968,203.47148800000002,4.457678360000001,9.25461352,1.1977798800000001,1
6902,337.28,46.413999200000006,250.63965199999998,5.279206600000001,17.6627396,1.3648127600000002,0
6903,246.68,30.679499199999995,232.90825599999997,4.642087400000001,8.89224212,1.3470951999999996,0
6904,140.8,29.354087999999987,294.9565560000001,3.758290039999999,6.981444280000002,1.28833036,0
6905,263.36,36.1916028,84.367994,4.87514988,11.6802724,1.33731216,0
6906,100.28,28.239228400000002,299.79245999999995,5.215961719999999,8.25650784,1.3571596400000001,1
6907,169.4,24.527852399999997,68.89907800000002,3.8743630799999993,5.65129616,1.28231948,0
6908,332.4,35.32677760000001,285.997768,3.6035328399999997,8.87088136,1.3122959999999997,1
6909,27.68,20.7616692,280.990484,5.80371308,6.438932120000001,1.3291923599999997,0
6910,162.16,25.2554596,88.3778972,4.4508006,6.42761608,1.34702264,0
6911,418.68,22.482888,321.22738000000004,3.8286344799999994,4.8230444,1.3295730399999999,0
6912,51.36,30.538810400000003,238.61407199999994,3.811904200000001,7.478829800000001,1.2779522,0
6913,279.4,20.055719200000002,298.62901199999993,5.112432399999999,5.2101950000000015,1.33524576,1
6914,173.32,18.239107479999998,305.19877599999995,4.3421688,4.59731308,1.19028324,0
6915,379.32,25.4755816,123.52485680000004,3.4069846800000003,5.31718372,1.32626428,0
6916,69.68,31.5506916,72.99750847999998,5.189082799999999,9.944634277039999,1.2935632399999997,0
6917,124.0,30.190466399999995,208.29583600000007,3.6822530800000006,7.19555724,1.2945772400000002,1
6918,106.32,26.472931199999998,115.91056368000004,4.350749,6.793489879999998,1.3382756,0
6919,306.96,40.6237004,80.3279128,4.038836079999999,11.592222279999998,1.3681048000000002,0
6920,441.68,28.589730000000003,229.35688399999992,4.126977919999999,7.2670074,1.32894272,0
6921,193.12,26.79250519999999,86.64726480000002,4.28912636,6.975039840000001,1.2629025999999997,0
6922,479.4,30.263751999999997,185.21977600000002,3.641750039999999,7.1484636,1.3184796399999998,1
6923,47.88,31.945605600000007,228.39334000000002,4.8024469199999995,9.433806119999998,1.3570735599999997,1
6924,450.76,30.143265599999992,216.44872847999991,4.45994532,8.37291204,1.3539547600000004,0
6925,109.36,27.5242468,325.212308,4.03541804,6.76579032,1.3434701599999999,0
6926,127.32,23.5580976,125.67769127999998,4.902056839999999,6.412790639999998,1.10218976,0
6927,167.56,31.689482800000004,116.03978880000001,5.560870599999999,11.1818676,1.3529504000000003,0
6928,359.36,27.3171788,62.63441184000001,3.7979722400000004,6.425662599999999,1.28318696,0
6929,91.2,15.730786159999996,137.52884600000004,5.268113520000002,3.7822128800000003,1.3000697600000002,0
6930,44.56,7.827789039999996,162.7374,5.572999520000001,1.42081415752,1.24425052,0
6931,514.6,36.8408252,54.28444959999999,4.0655541600000005,10.21089112,1.32854784,0
6932,207.12,35.3129444,312.842004,3.50022316,8.636405000000002,1.3674695600000002,1
6933,177.0,29.939363999999998,238.37887199999997,4.9401221600000005,9.099088000000002,1.3602508799999997,1
6934,29.92,20.356729559999998,217.040416,5.465792520000001,5.095983283639998,1.124656,0
6935,398.76,19.086880679999993,194.00704400000004,3.85837312,3.9162351480000006,1.31747412,0
6936,129.64,20.228346159999997,93.2219616,5.530123199999999,6.3674252000000005,1.30487732,1
6937,29.72,20.358872919999996,177.77798320000002,5.20872648,3.78517656812,1.2813198399999999,0
6938,312.0,33.335517599999996,118.98446799999999,4.33179904,9.380980479999998,1.2805296800000001,1
6939,132.64,17.178260280000003,167.57297200000002,5.645748320000001,4.36007525416,1.31493152,0
6940,278.72,29.425597200000006,165.224928,6.0011118,11.119033279999998,1.28102128,1
6941,148.8,24.175045600000004,307.68898399999995,6.1100699999999994,8.44743652,1.1682223999999999,0
6942,180.8,17.8124676,275.18087199999997,4.705453680000001,4.30078776,1.2528913600000002,0
6943,259.72,34.57361759999999,252.82122799999996,5.2968017199999995,12.350904559999998,1.2995833199999995,1
6944,217.88,24.219848399999986,122.13296400000002,4.24525984,5.83874908,1.3170183199999999,0
6945,33.92,27.501126800000005,342.552576,6.17807008,10.44342124,1.3661353600000001,0
6946,263.56,29.01158,276.72260400000005,3.5902498000000005,6.7689852,1.3042896,1
6947,87.04,9.230542039999996,105.46260000000001,6.224442799999999,1.2816542125600001,1.3072868800000002,0
6948,537.68,38.198262400000004,263.833872,4.51429572,11.754177599999998,1.33749008,1
6949,312.92,20.387804279999997,148.46019599999997,5.8336039600000005,6.35275804,1.3034945600000003,1
6950,83.52,22.536516399999996,142.215968,4.135214919999999,5.766446267999999,1.2336429999999998,0
6951,276.92,26.218514399999993,107.32521840000003,4.010516679999999,6.3206538,1.2832102399999998,0
6952,133.44,33.36722079999999,161.32339600000003,4.16528344,9.08046536,1.3110938399999998,0
6953,65.8,21.58536456,131.067428,5.024548480000001,5.139268263999998,1.3396918000000002,0
6954,317.36,16.794685720000004,260.9397000000001,3.8292203999999996,3.256292648,1.3080944399999999,0
6955,222.72,31.199580400000006,317.92770399999995,3.8446786400000006,7.778829840000002,1.3652621199999997,0
6956,219.24,32.7800424,279.94954399999995,4.136008639999999,8.95587268,1.3090973999999997,1
6957,544.6,42.63008799999999,95.38189120000001,4.270041920000001,13.00358644,1.32611892,1
6958,140.6,41.8778964,266.06219200000004,4.502999480000001,13.302570120000002,1.31114988,1
6959,49.44,18.56941424,281.875752,4.2328392,3.5190483793199996,1.3532481200000004,0
6960,321.28,49.809140400000004,239.40476,3.33880448,13.1366856,1.36440548,0
6961,272.8,21.830145999999996,263.44741999999997,5.97677448,7.1023704,1.29691,0
6962,401.88,35.293210800000004,167.71937199999996,3.2812107200000002,8.314011319999999,1.2777158399999997,0
6963,166.4,28.859458399999994,105.2605736,4.00014712,7.2614339600000015,1.3385459999999998,1
6964,282.08,37.356627599999996,55.0874076,5.1898662,12.98995968,1.33756664,0
6965,206.36,32.3233952,273.48812000000004,5.44501604,11.116153960000002,1.33481612,0
6966,158.76,27.61523559999999,255.88755999999995,3.7400912400000004,6.358298800000001,1.2428734,0
6967,254.44,28.473316399999995,271.8924600000001,5.7635072,9.96525304,1.28548224,0
6968,448.28,16.959342119999995,97.26885799999998,4.102579520000001,3.73795408,1.28736876,0
6969,336.72,15.926216279999998,67.9657432,6.43488628,3.7544594006400005,1.2852772799999996,0
6970,567.88,29.74272639999999,68.8957148,4.124783079999999,7.673272639999999,1.3268373199999999,0
6971,418.04,26.514238399999996,153.2355328,5.9022305600000005,9.905951600000003,1.3229207199999997,0
6972,232.24,36.76589679999999,235.92506800000004,5.127357839999999,12.627336400000004,1.29637724,0
6973,209.2,34.1357364,39.19307799999999,3.7592600400000005,8.640544879999998,1.3642638399999998,1
6974,111.28,24.1896724,120.5485028,5.73736024,7.744329560000001,1.2906876400000002,0
6975,35.0,21.9928832,154.3865948,7.031210639999999,2.55218288332,1.3425325600000002,0
6976,66.48,41.89948040000001,86.45940839999999,3.36693632,8.039145799999998,1.3004016399999998,1
6977,197.32,19.185628,220.52794800000004,6.867995920000001,7.604186160480001,1.3160635599999997,0
6978,404.92,33.771218399999995,165.448136,3.07570472,7.388354400000001,1.31466132,0
6979,117.92,39.976032000000004,131.02025160000002,3.7312031599999993,10.70407932,1.2643449600000003,1
6980,52.68,16.391772399999994,173.359496,4.733618839999999,3.6082044400000006,1.3003909999999999,0
6981,159.52,29.320563200000006,116.68204159999999,4.03754404,7.389768399999998,1.2966289600000003,1
6982,120.12,26.730076800000003,130.60479999999998,5.7876769999999995,5.14479525692,1.3114020400000002,0
6983,137.24,16.429203599999994,124.44480800000001,4.8566119599999995,3.7728053999999998,1.2859046,0
6984,71.48,32.4093908,218.19806039999995,3.8054037600000004,4.73743305992,1.3188107999999996,0
6985,182.64,31.185473199999997,26.499277279999998,5.08497856,10.092457719999997,1.35831256,0
6986,341.56,28.309368400000004,56.8467708,3.6288748800000006,6.033621480000001,1.2843733999999998,1
6987,222.44,15.28060308,273.36375599999997,4.183911680000001,2.710971887999999,1.3188872799999998,0
6988,52.4,25.8522728,189.97616984000004,5.11615468,7.72065116,1.13086728,0
6989,195.12,44.380747199999995,294.54574,3.554916639999999,11.7671912,1.3165381200000001,0
6990,76.84,24.759334400000004,259.48903599999994,4.848565560000001,6.976060559999999,1.2391080799999996,0
6991,631.64,35.9041324,192.03418999999997,6.329892640000001,15.491669199999999,1.34823452,0
6992,350.6,38.680800000000005,200.80484400000006,2.87194948,8.75946636,1.30821656,0
6993,52.32,34.28971560000001,263.12140000000005,4.025486279999999,9.179369039999997,1.2927673199999998,1
6994,312.96,23.4380372,262.62407199999996,3.44385168,4.75929816,1.32099904,0
6995,430.12,30.5961812,153.317472,3.451482720000001,6.963797240000002,1.33192408,1
6996,98.08,20.4718828,131.517612,4.678462759999999,4.71656768,1.30348772,0
6997,289.72,32.3880744,187.43965600000004,5.864836559999999,12.169014279999999,1.31621656,1
6998,163.28,15.39309288,280.151568,4.51380792,3.0313347651600004,1.2732075999999999,0
6999,464.64,38.092340799999995,122.81978560000003,4.356509559999999,11.316866439999998,1.3647904,1
7000,204.72,24.420266399999992,207.3989632000001,3.91284956,5.54365312,1.3208824000000003,0
7001,154.48,24.492504399999998,118.47095599999999,4.034144039999999,5.47611912,1.31629996,1
7002,473.76,30.893510399999997,74.3964088,4.31061104,8.391983999999997,1.3266694800000003,1
7003,351.8,25.619654399999998,315.28980800000005,4.143495,6.40403168,1.2854257599999999,1
7004,315.24,22.538790799999997,283.7907856,3.8516681999999993,4.870515680000001,1.3190862,0
7005,237.72,32.04930479999999,344.20133199999987,4.8490288800000005,9.84339528,1.3300838799999999,0
7006,83.96,36.01866399999999,234.30814400000003,4.404280320000001,10.55386404,1.29754072,0
7007,118.68,22.583400399999995,96.17955200000002,3.8866544,4.9222860399999995,1.10018808,0
7008,502.2,8.932741999999996,113.4,6.82778748,1.32121430812,1.3241929200000002,0
7009,406.48,26.34772039999999,179.86177600000002,5.0881943199999995,7.811554999999999,1.31335052,0
7010,223.4,18.1067956,84.4909472,4.88703192,4.366265999999999,1.28062128,0
7011,166.36,31.226821200000003,156.509464,4.41766316,9.051318720000001,1.3063087999999998,1
7012,176.8,29.4352964,101.55166320000001,6.104023999999999,11.219223639999997,1.36598804,0
7013,386.68,25.0285576,146.45837208,3.4086396000000008,5.27339924,1.2898262000000003,0
7014,53.32,20.275812400000007,336.34365999999994,4.31486004,4.620845359999999,1.2751998,0
7015,356.0,28.969756399999998,146.90086800000003,4.11625848,7.390980240000001,1.3088567599999998,0
7016,176.44,19.9612528,204.93815599999994,3.3862446400000006,4.048147799999999,1.2709428400000002,0
7017,234.08,31.2426204,217.87592799999996,3.862936879999999,7.860279360000001,1.2996649200000006,1
7018,319.64,22.420685999999993,221.115544,3.5579254,4.547064119999999,1.2882038400000002,0
7019,124.92,28.7799484,189.651868,4.92662404,8.69493728,1.32538676,0
7020,98.28,22.448545480000003,179.26902039999996,3.61805992,4.673728924000001,1.1036525199999998,0
7021,110.28,20.003949199999994,116.528436,5.5756380000000005,5.791672600000001,1.3367911600000004,0
7022,114.44,43.745855199999994,111.94459200000001,4.4829108,14.031000800000001,1.3352753999999998,0
7023,160.2,32.41213759999999,197.80440000000002,5.01765764,10.314259360000001,1.30604364,0
7024,28.52,49.3728548,307.581784,3.1615475200000005,12.54398656,1.3058326800000004,0
7025,102.96,16.651414279999997,104.14560800000001,6.776910279999999,5.31897952,1.2837667199999998,0
7026,258.48,33.642205600000004,231.48792800000007,3.3190087999999993,7.79880972,1.3122990399999999,1
7027,53.28,17.233837999999995,159.747604,5.07527596,3.5047365440000005,1.3047128,0
7028,44.0,17.948378799999993,158.686348,5.81800036,5.334997524000001,1.3405445999999999,0
7029,523.12,36.720123599999994,96.1537712,4.283572680000001,10.800947520000001,1.322551,1
7030,21.32,21.564190799999995,306.52320800000007,4.13429532,4.59588336,1.33427364,0
7031,230.64,33.046191599999986,141.15775600000003,4.071504239999999,8.72304716,1.3316888800000002,1
7032,56.2,24.834808800000005,36.7437388,4.8859564,6.9075638800000005,1.3564684400000002,0
7033,269.0,15.703184720000001,234.74893400000005,3.4524003999999984,2.7402702679999997,1.10726596,0
7034,183.24,19.424721639999998,118.26610920000002,4.62769444,4.58904016448,1.26969836,0
7035,61.32,15.279676399999998,118.87844000000001,6.8574100399999995,2.8932327082800002,1.28354876,0
7036,16.48,29.180698119999988,187.3296236,5.1026506,5.783520653639999,1.12836224,0
7037,521.56,40.57782639999998,166.59321200000002,3.6776752,10.865363239999997,1.31676228,1
7038,166.4,31.6883204,118.71630399999998,4.184926160000001,8.4684446,1.30496652,1
7039,192.36,34.9054552,309.173896,4.20896856,9.881798759999999,1.35590312,1
7040,634.56,36.344226,45.37563928,3.52738368,9.03051616,1.3694828800000003,0
7041,19.68,20.827619199999994,271.535108,4.17984488,4.593693639999999,1.3477396800000003,0
7042,94.36,17.4171324,119.940016,4.508958519999999,3.64987708,1.26903684,0
7043,395.32,20.8487308,204.70080399999998,7.148542480000001,8.412094880000001,1.3177577999999999,0
7044,104.56,23.6149236,194.48032,4.31449224,5.70647756,1.1062108000000002,0
7045,412.08,25.633180399999993,118.20879199999999,6.758842079999998,10.688486280000001,1.3322233200000002,0
7046,98.24,27.0191472,70.57914799999999,5.0986053600000005,7.825427639999999,1.27747856,0
7047,194.32,24.104000799999998,102.44407199999999,7.078027519999999,10.26737076,1.2924924800000002,0
7048,349.6,42.0715152,286.5238640000001,2.47878392,8.9227216,1.3061249999999998,1
7049,16.16,29.251445320000002,232.17988151999998,5.594158839999999,6.228128342679998,1.2504906399999998,0
7050,134.04,19.6596812,266.2929159999999,4.083121719999999,4.192961399999999,1.2563133599999998,0
7051,11.92,17.37858588,204.45953599999996,6.416937079999998,5.490734520000001,1.2856413599999998,0
7052,200.44,18.393761079999994,322.15978800000005,5.47173844,4.33945557816,1.36212244,0
7053,430.88,47.916492,92.12767600000001,4.560352599999999,16.434234000000004,1.3529324,0
7054,140.0,22.443902400000002,219.56309200000004,4.033283,4.88979972,1.2992075200000004,0
7055,420.28,15.668853200000003,281.360416,4.18281612,3.0475702400000007,1.3623681599999997,0
7056,324.52,23.7059392,146.32941200000002,5.213201719999998,6.901139519999999,1.3030571599999998,0
7057,155.64,34.324011599999984,340.01586800000007,3.5344137999999994,8.38926768,1.3346864800000002,1
7058,238.48,27.621888,147.33264,6.18303532,10.351547399999998,1.31741764,1
7059,340.84,30.970390799999997,166.35796000000002,3.40951204,7.2517456000000005,1.2985305600000001,1
7060,75.32,22.305486799999997,344.54398000000003,4.49472176,5.225178960000001,1.1689081199999998,0
7061,569.04,38.56293320000001,98.36807440000001,4.44470712,11.75461148,1.3574124400000003,0
7062,52.96,25.64056919999999,349.32264799999996,4.57325856,6.76020284,1.1786422,0
7063,56.24,28.428819999999995,109.29560440000002,4.082327080000001,7.115422520000002,1.25894,1
7064,141.12,18.7684608,77.6508444,4.62761472,4.3744857999999995,1.3068366800000002,0
7065,189.16,23.255832679999997,294.49621200000007,4.524163360000001,6.32061064,1.24660744,0
7066,340.6,33.84330399999999,154.72815200000005,4.05282252,9.047021640000002,1.3111116799999996,0
7067,683.96,35.35916639999999,104.21774400000002,3.5748975599999993,8.707281440000001,1.3241428799999997,0
7068,159.44,26.3099112,109.92918479999999,3.0760584800000004,5.270251840000001,1.3322076399999998,1
7069,72.52,25.971091599999994,279.987128,4.24694056,6.445240000000002,1.34734576,0
7070,231.28,12.486701639999996,114.63854799999999,4.999084,3.1863605362799996,1.3387549199999997,0
7071,172.48,33.7045076,79.20603639999999,3.8252891599999996,8.55553072,1.3342658000000003,1
7072,196.4,24.359635200000003,94.5306568,4.9419942400000005,6.583501764760001,1.3665665599999999,0
7073,167.96,22.429159719999998,220.44765959999998,4.615865159999999,5.572453452000001,1.29322808,0
7074,103.76,23.022244119999996,287.85930399999995,3.29994064,4.596043436000001,1.1044424800000003,0
7075,282.64,34.280860399999995,162.87810000000002,3.527208360000001,8.32087728,1.2804333200000002,1
7076,40.68,33.9431336,144.496024,4.5246530400000005,9.996357440000002,1.2280856,0
7077,149.8,33.54771279999999,326.8649640000001,4.4855534,9.748679280000001,1.3668152800000004,0
7078,104.2,23.894153599999996,274.507788,4.686186879999999,6.251580240000002,1.2793861599999996,0
7079,184.2,30.254742,242.157532,3.73271644,7.727509560000002,1.3197784799999996,0
7080,94.88,29.5295068,50.282383040000006,4.89544016,8.82668624,1.2856506,0
7081,226.36,23.6756672,74.55810680000002,5.6897120800000005,7.544553559999998,1.30428268,0
7082,67.6,28.396382,68.17874479999999,4.06685428,6.4913086799999995,1.30764092,1
7083,63.48,26.702906399999996,190.93365200000005,4.182152800000001,6.6553068,1.2645866,0
7084,440.8,35.24621839999999,145.60846800000002,4.16150828,9.8390336,1.31457244,0
7085,204.48,33.987939199999985,194.97954000000001,5.931212840000001,13.2612524,1.30881132,1
7086,36.2,22.796854680000006,196.62466399999997,4.1538214,5.576792560000001,1.3364429199999999,0
7087,311.32,20.87543599999999,51.83671640000001,3.6551516,4.19550652,1.2878918000000001,0
7088,516.2,31.924920400000005,309.39798799999994,3.3343036400000003,7.374533160000001,1.35870788,0
7089,155.92,18.221400799999998,189.84449999999998,5.685577639999999,5.1337152800000005,1.31625024,0
7090,103.84,31.80283428,184.58811600000004,2.95002788,5.7350790833200005,1.3527749199999999,1
7091,63.28,32.4244552,326.27228799999995,4.39091908,9.12267364,1.1164071199999999,0
7092,290.0,43.30541519999999,333.4498640000001,4.017911160000001,12.44599908,1.3081203199999998,0
7093,24.64,19.597506399999997,81.04019999999997,5.409391039999999,5.50707752,1.2841043200000002,0
7094,27.48,13.349142680000002,87.9618,4.62015352,2.4990747420000003,1.2907072800000001,0
7095,125.64,30.4458904,148.86411199999998,3.98712932,7.695338919999998,1.3313118,0
7096,360.76,25.856382799999995,243.45512800000003,5.00712216,7.516477919999999,1.3336031200000003,0
7097,602.48,18.452265759999996,140.03851199999997,4.638704960000001,4.502210124,1.36701128,0
7098,565.84,10.538734599999998,155.775606,4.599413879999999,1.7787970313600001,1.3236956,0
7099,370.68,22.225752519999993,73.74864647999999,7.0507202399999995,9.041311096920001,1.3292745199999998,0
7100,94.56,14.403646959999994,154.8,4.36729536,2.2443823526000006,1.29757952,0
7101,309.24,29.81736400000001,312.257636,4.207475639999999,7.813567919999998,1.3162976,0
7102,78.76,35.4812652,335.093128,3.21312232,8.122251479999997,1.3370287200000004,1
7103,102.52,24.207473199999995,31.173863200000014,4.68329716,6.3681298,1.29171888,0
7104,484.04,29.37458759999999,162.34270143999996,4.983319639999998,8.9350598,1.32537704,0
7105,532.36,38.296979599999986,199.41597200000007,5.42276732,14.057982800000001,1.33028704,1
7106,739.16,42.5330544,306.610032,3.6835594000000005,11.405233,1.341291,0
7107,16.2,22.481403480000004,220.26067999999995,4.6473961599999996,4.449662973160001,1.29767112,0
7108,342.2,43.13343720000002,156.254004,4.33457056,13.226816760000002,1.30977744,1
7109,422.32,26.58671588,152.322892,3.74206348,6.071238800000001,1.3308155199999998,1
7110,88.4,25.245670519999997,134.9511132,5.71251256,7.701619359999999,1.2963201599999998,0
7111,583.52,38.655420400000004,74.7343448,4.75976356,12.532198400000002,1.3239279199999998,0
7112,97.8,27.20614612,222.2533448,7.952591199999998,2.71294160468,1.26377212,0
7113,68.52,10.338361919999997,209.21220000000002,5.304908719999999,1.8052653634000004,1.29768496,0
7114,210.84,15.804881719999996,185.183852,5.024804360000001,3.67797184248,1.3254848000000001,0
7115,92.44,36.08275359999999,77.4354596,4.63777304,11.076851520000002,1.34387164,0
7116,94.56,24.272543480000003,235.98780400000004,3.6942172799999993,5.27307704,1.29885436,0
7117,261.12,19.526875200000003,198.07766647999998,9.2675616,2.1329742881200002,1.3029804800000002,0
7118,68.28,26.411957599999997,133.89332000000002,3.8526563599999997,6.38161836,1.27738092,0
7119,648.44,37.261622399999986,154.06859199999997,3.5700490400000002,9.424893079999999,1.324919,0
7120,197.08,29.339012799999992,94.73191360000003,3.8335570799999994,7.102297919999997,1.27893004,0
7121,83.96,28.459638800000008,199.77945200000002,3.8655966800000003,6.87906224,1.3035972799999995,0
7122,141.48,22.903360399999993,216.07080399999992,4.68346432,5.912169839999999,1.3135320799999999,0
7123,95.2,13.854167239999997,291.315,3.997776479999999,2.517659888,1.2738534400000006,0
7124,416.36,17.02472796,235.339044,4.83389012,4.18854998428,1.3260560799999999,0
7125,186.8,23.941738399999995,130.82787599999997,4.012511760000001,5.5763582399999985,1.334743,0
7126,294.32,22.4998036,213.54149207999998,5.580245800000001,6.909641400000001,1.36789568,0
7127,80.12,24.50475292,189.443778,2.82630852,4.5277330000000005,1.3338676,0
7128,27.84,25.514565320000006,137.2497256,4.43770768,3.4501756588000005,1.0966626400000001,0
7129,20.84,27.78035640000001,62.719061599999996,4.0043928,6.661845760000001,1.2672500399999997,0
7130,38.88,27.84733439999999,23.461042479999996,4.594143719999999,7.6345034400000005,1.3610587199999997,0
7131,23.48,24.079071199999998,199.24002000000002,6.713223560000001,9.49243128,1.28504088,0
7132,185.16,35.73963239999999,258.67550800000004,3.139413759999999,7.962091280000001,1.261565,0
7133,179.16,32.727588,179.42843599999998,4.8656942800000005,10.19058424,1.3599556,1
7134,120.44,23.753102799999997,239.39669040000004,3.2989697199999997,4.69626484,1.2773240399999997,0
7135,188.8,21.864524919999994,118.64006080000001,4.4779236000000004,5.27550011232,1.3030595599999995,1
7136,50.52,29.009303199999994,82.5467384,4.845000640000001,8.263546080000003,1.09873624,0
7137,86.84,16.87397976,198.20954400000002,4.11370384,4.071149600000001,1.23265844,0
7138,61.84,14.301016679999998,47.735408800000016,7.0631594799999995,5.33493328,1.3377832799999998,0
7139,32.92,17.032170559999994,233.39725599999997,6.68813032,5.9359853320000004,1.3245032399999999,0
7140,262.2,29.955266400000006,293.949724,3.1944527199999997,6.502638240000001,1.3517094399999998,1
7141,178.52,25.036139999999996,241.61436360000005,6.125794280000001,8.327986999999998,1.3520403999999997,0
7142,297.4,33.910617599999995,41.90266664,3.33502876,7.926880280000001,1.3070162799999998,0
7143,132.92,28.9816896,231.29492000000002,4.954945399999999,8.734890080000001,1.2942088,0
7144,64.76,25.268969999999996,219.44115599999998,3.9132132800000003,5.789101520000002,1.3546943200000003,0
7145,92.92,39.06839039999999,289.02117999999996,5.887107319999999,16.265800040000002,1.34000168,0
7146,632.76,45.338182799999984,37.632735600000004,3.0501375599999987,11.09020496,1.3701524800000002,0
7147,525.12,37.5317344,115.2846768,4.525350240000001,11.798638599999997,1.3588966399999998,0
7148,181.6,21.578727599999997,299.99788400000006,7.044788600000001,8.512672039999998,1.2898694,0
7149,411.2,25.54934399999999,94.66862080000001,3.56480848,5.577453280000001,1.32523928,1
7150,360.24,26.7934444,136.22714480000002,3.8928604799999986,6.336525840000002,1.3308922800000003,1
7151,617.08,31.812131199999985,79.25943439999998,5.736646960000002,11.632003360000004,1.32606184,0
7152,156.04,33.0236844,293.54787200000004,5.9737506,12.883591760000002,1.11054192,0
7153,259.04,31.496760800000008,198.04283200000006,4.66217832,9.19042448,1.36140932,1
7154,158.84,15.288654399999999,124.246804,6.79113812,3.8573077953599992,1.3179256799999999,0
7155,74.72,26.41873999999999,103.09136240000002,4.50235152,6.97963704,1.32879956,0
7156,81.56,18.5489456,252.10049600000002,5.51614004,5.40890412,1.24295408,0
7157,251.28,28.380816799999998,154.17518607999997,3.71189456,6.65601496,1.3678048800000002,0
7158,172.12,37.83277496,105.57426960000001,4.21738892,10.105338613719999,1.3011726,0
7159,34.64,29.797935999999996,151.42798000000002,4.887238960000001,9.225400760000001,1.2856307199999997,0
7160,26.56,22.706406920000003,221.327968,3.20075136,4.425327960000001,1.2914512800000002,1
7161,268.76,43.052734799999996,318.744076,4.8805572800000006,14.8463296,1.3551879199999999,0
7162,20.56,37.379479599999996,173.341308,4.597908759999999,11.5935906,1.1844294800000001,1
7163,298.28,13.513016679999998,193.05239799999998,3.42039424,2.036148328,1.2904182,0
7164,469.84,31.782167200000004,82.53909400000002,5.2036677199999986,10.92584344,1.32554048,0
7165,208.6,13.56263536,91.79999600000001,3.86160508,2.361922196,1.292526,0
7166,189.36,35.032052799999995,198.601584,4.526449599999999,10.477382599999999,1.2571733999999997,1
7167,101.0,34.377875599999996,245.745956,3.52841788,8.33915996,1.3105876799999998,0
7168,286.72,24.571764400000003,109.22285000000002,3.8784306399999995,5.534066000000001,1.2902410399999997,0
7169,37.28,19.147085999999998,327.60958000000005,5.1609408,5.0455836399999985,1.1674382800000003,0
7170,176.32,35.91127839999999,239.06027600000002,5.110696440000001,12.146349520000001,1.2491719599999997,1
7171,106.8,41.496176000000006,319.88333536,3.7977075599999996,11.483644120000001,1.29434868,0
7172,242.0,32.65619668,248.87654800000004,4.040440960000001,9.005818279999998,1.30243828,0
7173,119.44,28.761443599999993,351.732408,4.13706032,7.32179024,1.2281250799999999,0
7174,124.28,25.474215200000003,70.87586519999999,4.11235136,6.11420772,1.2528146000000002,0
7175,479.48,37.625159599999996,185.341844,3.289359,9.014720319999999,1.3125772799999995,1
7176,42.72,29.611130519999996,58.657801039999995,3.2156088399999994,6.3821772800000005,1.28121608,0
7177,55.76,23.714103599999998,268.84541599999994,3.7948866,5.174188679999999,1.3130646799999997,0
7178,114.52,35.096240800000004,229.850364,4.499629880000001,10.42313152,1.29485008,1
7179,227.16,30.960198000000005,80.09172407999999,5.19539232,10.076697919999999,1.28056992,0
7180,126.2,30.456157199999996,312.13908,6.655812199999999,12.532382440000001,1.2335771600000003,0
7181,746.88,23.241963599999995,249.905498,4.723892199999999,6.07706344,1.3420608400000003,0
7182,427.12,26.827535599999997,268.43613200000004,3.6717706399999996,6.03046372,1.3302019999999999,0
7183,171.88,24.469659599999996,152.66183600000005,6.2791564399999995,8.3412112,1.3080748799999997,0
7184,313.28,31.1978828,230.80695999999998,4.31519976,8.452410800000001,1.32317412,0
7185,213.44,28.624565999999987,271.65116,6.1755992000000015,10.915537440000001,1.28500024,0
7186,322.76,33.47567799999999,217.1919952,6.790090319999999,15.536367080000002,1.3688683200000002,0
7187,273.68,19.40281736,79.7913388,5.60885836,5.597841578599998,1.3342593200000001,0
7188,458.92,27.786906160000004,133.94983480000002,3.8506366,6.16904900764,1.3156769599999998,1
7189,54.64,14.730056399999999,130.179588,4.42389888,3.1957570865599996,1.3375331200000002,0
7190,190.48,36.233654,80.74023559999999,3.3005904000000004,8.464002200000003,1.29975372,0
7191,299.48,27.391912799999997,28.26980208000001,4.9943656,8.103416320000001,1.33123364,0
7192,71.64,21.6170596,181.45768000000004,5.010280159999999,5.790854399999998,1.28768588,0
7193,586.84,33.992232400000006,56.268993999999985,4.9946024,10.925522999999998,1.3262895999999997,0
7194,41.84,27.0411564,312.60319599999997,5.31890716,8.428668680000001,1.2753404799999999,0
7195,132.52,24.799981999999996,45.112595600000006,5.295266200000001,7.51424704,1.3385124400000001,0
7196,89.76,27.14020119999999,255.58517599999993,5.207113599999999,8.33533028,1.23061736,0
7197,72.52,23.847883879999994,106.93370279999999,3.54882388,5.078368864000001,1.33507352,0
7198,529.32,33.75347519999999,249.041032,3.4273900799999995,7.96209,1.3542085200000002,0
7199,199.4,22.123280400000002,165.91859680000005,4.809685839999999,5.72344536,1.36624068,0
7200,608.52,35.13307999999999,74.47511599999999,4.39189472,10.288167119999999,1.3173642799999998,0
7201,24.0,26.425988800000006,123.97687080000001,3.5764233199999995,5.810385604,1.3082927599999998,0
7202,438.48,28.566846799999997,155.63958895999997,3.064808880000001,5.84072916,1.2964474400000001,0
7203,185.32,24.9678716,93.65925000000001,4.599846960000001,6.5316484,1.21918364,0
7204,214.0,27.116338399999997,106.84716480000002,5.618101719999999,9.061572759999999,1.27805328,0
7205,162.52,22.051906520000003,131.47978672000002,5.349875559999999,5.4109443572,1.3330156000000002,0
7206,40.12,23.36623388,54.929896799999995,5.282045040000001,6.838822200000001,1.3440351600000002,0
7207,108.0,26.90254839999999,214.73296399999998,4.419388119999999,7.033843080000001,1.3224792800000003,0
7208,291.2,26.558766000000002,39.7761336,3.5428391999999995,5.8497872,1.3076130000000001,1
7209,448.12,24.762935600000002,314.5353792000001,3.9868624800000005,5.745447039999999,1.31811732,1
7210,59.2,20.020619999999997,59.3512432,3.5337276000000006,3.8812148800000013,1.2668981999999998,0
7211,9.32,12.666079879999998,172.06260000000003,4.837218479999999,1.47520711504,1.27501552,0
7212,167.96,41.31833159999999,233.15006000000002,5.62239608,16.3705192,1.28447856,0
7213,254.64,29.2418896,123.81864840000001,5.90506752,10.98798176,1.3016754000000004,0
7214,69.84,31.30486719999999,194.11264400000005,3.19986712,6.84548844,1.3268040399999999,0
7215,246.0,27.0485092,150.631092,3.8108767599999993,6.439832280000001,1.3671894800000002,1
7216,177.12,34.6973844,172.92388000000003,4.92201128,11.14195492,1.2992228800000003,1
7217,226.4,30.1641224,113.07805636,2.9733389199999998,6.2489408399999995,1.3637767600000001,0
7218,109.28,35.887695199999996,208.82380400000002,3.8428320400000002,9.260464679999998,1.3015039199999998,0
7219,233.32,27.634837200000007,185.463184,4.38252624,7.443552239999998,1.3182033999999998,0
7220,292.36,35.71794920000001,268.902132,4.58924232,10.863452359999998,1.27937984,0
7221,114.88,17.120797999999997,158.282396,3.8157346399999996,3.31086776,1.3154906,0
7222,100.32,30.8487232,217.05109199999998,3.7955358000000006,7.3474770399999985,1.29585372,0
7223,55.24,28.309085599999992,255.910124,4.9874369199999995,8.49976004,1.27573804,0
7224,218.2,27.5322628,37.75344360000001,5.287915599999999,8.626156519999999,1.3039223999999998,0
7225,167.08,34.8038284,178.14585599999998,3.19685808,7.950553759999999,1.3163038799999998,1
7226,27.8,47.076544399999996,323.422424,3.5928733199999994,12.6650132,1.365895,0
7227,293.36,32.763720400000004,111.63013959999998,3.5889470799999996,7.899421279999999,1.2831393199999999,0
7228,414.36,28.721382399999996,344.580388,4.17393888,7.571850160000001,1.3443272800000003,0
7229,253.56,32.2044832,92.7586084,4.974136840000001,10.16757748,1.3038762,1
7230,93.28,19.213590399999998,268.52222,6.0670256400000016,5.884591480000001,1.3339736400000002,0
7231,141.16,21.45300028,128.024704,3.9048786800000004,4.63815852,1.24533632,0
7232,383.48,33.69694,231.83556800000002,2.882712,7.165699400000001,1.2774538399999997,0
7233,127.16,26.623739999999998,252.17764799999998,5.04128992,7.874136559999999,1.33018192,0
7234,178.0,31.028266799999997,122.51179199999999,3.8298338000000003,7.633616119999999,1.3054578400000003,1
7235,190.08,28.024491199999993,62.69969728000001,5.104491240000001,8.45157036,1.2939878000000002,0
7236,197.72,29.198867999999997,163.68285151999999,4.169932080000001,7.4801020000000005,1.28592072,1
7237,390.76,32.89217679999999,191.298436,5.1231265200000005,10.749288320000003,1.3629265999999998,0
7238,87.32,39.222515999999985,329.0617160000001,4.06836252,11.172077560000002,1.3356537600000002,1
7239,25.04,36.09629559999999,204.05525656000006,3.4918290399999994,8.729571720000001,1.2544100799999998,0
7240,366.36,42.11141920000001,276.541208,3.5033282400000005,10.994855160000004,1.3116411599999998,1
7241,30.72,38.238936800000005,84.81859079999998,4.00257684,10.459476600000002,1.1445256000000001,1
7242,160.04,30.9728368,120.03735280000001,3.292254799999999,6.87527284,1.26126908,0
7243,72.12,9.788400079999997,130.662604,4.674209080000001,0.9110857592000001,1.2894109200000003,0
7244,210.36,28.54301879999999,248.97099199999994,5.479828200000001,9.43961276,1.3364828,0
7245,476.6,36.841909199999996,224.57436,3.0896105599999997,8.4430192,1.3117626800000002,1
7246,66.44,35.44623879999999,282.03862399999997,4.74828208,11.207505559999998,1.2765701600000001,0
7247,50.2,20.355631759999994,108.9128896,5.846572,5.9560907464,1.32168296,0
7248,77.36,25.086698799999994,283.38501199999996,5.281383160000001,7.5451236,1.13813256,0
7249,343.92,31.157480399999994,177.08475999999996,4.29676156,8.71382412,1.31782692,1
7250,68.16,33.4166536,213.521808,3.9632303199999996,7.884588924,1.2512572,0
7251,366.36,35.69879359999999,138.46086000000003,3.85357304,9.392381320000004,1.3421445600000002,1
7252,110.08,28.518069999999998,312.40230399999996,4.25882344,7.41051152,1.2998403999999997,0
7253,283.72,31.378445599999992,116.345776,4.908328799999998,9.681858159999999,1.27505768,0
7254,191.84,30.804223079999996,248.94243999999995,4.698883439999999,9.628175284,1.3188442800000002,1
7255,73.2,26.103709600000002,133.71654400000003,4.1773022399999995,6.417244040000002,1.0982471199999997,0
7256,90.4,31.035056799999996,87.59329080000002,4.09486884,8.060416479999999,1.2349419199999998,0
7257,424.28,19.7023748,161.64316,5.25738796,5.383239679999999,1.3189814399999997,0
7258,292.04,35.05205560000001,34.37080719999999,3.30580812,8.33407872,1.30577544,1
7259,226.4,16.993320959999995,199.4481,3.6941173599999995,2.3534007920000004,1.2867666399999995,0
7260,72.84,22.807201999999993,145.61679600000002,4.907428320000001,6.05900764,1.3448853199999997,0
7261,124.44,27.721178400000003,221.94462399999998,4.468536279999999,7.39081968,1.3388434800000002,0
7262,210.6,32.245926,201.66983199999996,5.442686640000001,11.07452256,1.2760474,1
7263,235.4,26.947529600000003,278.605508,2.88093368,5.272128519999999,1.36039684,0
7264,172.48,14.503231600000003,251.24054800000005,4.097602920000001,2.7219696,1.334867,0
7265,36.04,11.067739799999996,246.798004,6.180817479999999,1.5638403086400001,1.2227458800000002,0
7266,142.96,24.723352799999997,73.3541968,4.19506752,6.027562440000001,1.2820833600000001,0
7267,57.4,30.796869600000004,131.395256,4.767400839999999,9.143385599999998,1.17896704,0
7268,150.8,43.6608184,141.5307076,2.98437932,10.41135912,1.2745728,0
7269,93.52,22.619502,220.36409600000002,4.25864488,5.32170796,1.26807724,0
7270,177.44,35.1743836,39.409301199999994,3.3594239600000004,8.337651919999999,1.3516092,1
7271,135.44,22.875401999999998,132.1092516,4.0158132,5.14476264,1.2904345199999998,0
7272,207.8,32.786649600000004,258.27302799999995,3.95020268,8.4560388,1.2797614800000001,1
7273,147.16,16.531763480000006,93.16769679999999,4.152213,3.747902604,1.2520832800000001,0
7274,701.36,27.140756400000004,75.68952768000001,3.84029364,6.459091160000001,1.34656512,0
7275,190.12,20.681936400000005,293.96341599999994,4.83513968,5.920168079999999,1.3270673200000003,0
7276,380.84,28.822666799999997,112.85002000000003,3.3835714,6.33993524,1.3416134399999995,0
7277,178.96,28.034992,236.30232399999997,3.0869272000000008,5.868565040000001,1.3475244800000001,0
7278,175.72,20.354697079999998,123.29267719999999,4.957034199999999,5.952025520000001,1.33217928,0
7279,59.2,24.4520992,191.50063736,5.955517080000001,8.276643799999999,1.23304988,0
7280,331.44,31.8844524,267.477292,3.9263951599999998,7.836045199999998,1.3218138400000001,1
7281,34.8,12.879418640000004,317.125202,8.10870624,4.6015820000000005,1.25231124,0
7282,164.72,39.6362328,291.528492,5.00555904,13.368776080000002,1.3019900800000002,0
7283,17.08,11.531955240000002,200.664596,4.827006240000001,2.53926324176,1.2748302,0
7284,250.16,19.813877599999998,48.187805999999995,4.54923108,4.639568280000001,1.2912314,0
7285,162.84,34.63140039999999,342.1718240000001,6.192548959999999,14.322601919999997,1.3029840000000001,0
7286,284.88,38.206581199999995,259.08383200000003,2.7115333600000002,8.17725584,1.30398584,0
7287,383.4,29.66722119999999,73.37490600000002,3.8030755200000006,7.129058480000001,1.3317843999999996,0
7288,36.64,21.431810399999996,151.35993127999996,3.3495851999999995,4.09878856,1.10946292,0
7289,231.68,30.987532800000004,267.05193999999995,4.68258752,9.427639839999998,1.3676584399999998,0
7290,266.32,27.669784800000002,221.77405200000004,3.49121808,6.2958062,1.31334204,0
7291,54.08,41.40992559999999,219.23778400000003,4.720938639999999,13.6511384,1.12266268,0
7292,61.32,19.075013719999998,100.70404079999999,5.5545122,5.4247848,1.3194965200000002,0
7293,142.04,23.682104799999998,185.02305600000008,3.1000926800000004,4.488618039999999,1.35001852,1
7294,288.2,28.130421199999997,84.21513239999999,3.6740315199999998,6.478198520000001,1.3048763600000002,1
7295,53.92,37.52861599999999,322.041548,5.21699676,13.125205840000001,1.3109233599999999,0
7296,89.2,18.24941776,127.848756,5.863633600000001,4.642270925479999,1.1004626,0
7297,178.44,13.23737164,235.886984,5.674484,2.966791587679999,1.2930056800000003,0
7298,240.8,27.620218119999993,58.2561884,5.929389320000001,9.89658232,1.29359716,0
7299,404.56,34.631324400000004,173.76864799999996,4.3722420799999995,9.57006868,1.3168374799999998,1
7300,475.8,42.12620119999999,123.22516000000002,4.1627042,12.510663999999997,1.3105013600000002,0
7301,18.68,34.55985439999999,54.84377920000001,4.66113056,10.4451172,1.27986524,1
7302,19.32,13.62087404,88.93739599999999,6.73725696,4.2524598115600005,1.2428076,0
7303,225.88,39.8352024,290.98744400000004,4.8955836,13.49416736,1.2832572,0
7304,381.4,32.105892399999995,226.38220400000003,3.2196449199999995,7.16008728,1.3206899200000002,0
7305,161.2,25.3392612,51.28665319999999,4.543618479999999,6.601694000000001,1.2394580800000001,0
7306,223.56,34.2665712,205.210464,3.8625178,9.034647080000001,1.34600336,1
7307,156.92,32.248603599999996,82.61608256,3.8917435999999994,8.17789028,1.29760744,1
7308,70.2,29.4469152,154.11982800000004,5.390936479999999,7.766601776479997,1.2503066,0
7309,24.96,28.262127199999995,113.71400480000003,4.21729052,7.249866799999999,1.3519154,1
7310,102.56,26.888050679999996,274.73333599999995,5.067940839999999,7.90419556,1.36168828,1
7311,129.68,30.4979012,225.76513599999998,3.7950559999999998,7.45283184,1.28156272,0
7312,488.16,23.397553599999995,51.5657644,4.02833412,5.35050708,1.36923032,0
7313,82.64,23.797844519999995,301.2187516,5.06184716,6.356281891999999,1.18608024,0
7314,81.04,28.4257748,201.86830800000004,3.6626106400000005,6.544146239999999,1.10747496,0
7315,141.84,17.94400172,140.89369040000003,6.1163902,4.44045472148,1.2757511999999998,0
7316,271.4,25.867034800000003,112.7055332,3.035980200000001,5.125643,1.3039280400000002,1
7317,189.84,28.14552759999999,290.755896,4.09555312,7.096459559999999,1.30987388,1
7318,468.12,23.3643992,231.55259600000005,5.94151792,7.870086359999999,1.32016056,0
7319,163.92,30.08265999999999,103.32681160000001,4.721748880000001,8.77916792,1.3057493999999996,0
7320,472.92,29.00220759999999,95.23594000000001,3.1307250800000004,5.873986679999999,1.31232124,0
7321,34.08,30.18350160000001,214.65399600000003,4.05567276,7.803432319999997,1.1615847999999998,0
7322,241.96,27.7669056,317.74726639999994,6.678459439999999,11.69581484,1.27737048,0
7323,110.84,25.986136119999998,302.1260479999999,4.991241400000001,6.9428434800000005,1.2997405999999998,0
7324,297.0,41.521273199999996,185.37552,5.232428000000001,15.2321712,1.3080018000000002,1
7325,304.2,31.989432799999996,87.32942359999998,4.221399880000001,8.7297544,1.3675838000000002,1
7326,69.72,27.85816239999999,162.17090159999992,5.625067839999999,9.4656374,1.3647636,0
7327,184.88,31.9114472,178.19679744,4.322495960000001,8.756985559999999,1.3663748,0
7328,90.24,22.46994452,197.416496,5.768951159999999,7.018393680000002,1.2552925999999998,0
7329,75.92,28.958949199999996,57.403922640000026,3.433515560000001,6.541207760000001,1.2402605999999998,0
7330,134.56,40.487338799999996,101.83194488000001,5.530504079999999,8.47633242068,1.32101472,0
7331,290.32,32.86344879999999,128.56914,4.1238188,8.873849359999998,1.2747360399999998,0
7332,361.72,28.296743199999995,118.5443328,4.24099396,7.250002640000002,1.2829429199999998,0
7333,144.48,30.626133199999995,92.38814520000001,5.49431612,10.480077999999999,1.2536753999999999,0
7334,542.96,26.043842400000003,73.472338,4.9105253200000005,7.523379200000001,1.3485972800000001,0
7335,292.44,25.279277999999998,230.83035200000003,4.272564559999999,6.315235799999999,1.2887456800000001,0
7336,325.08,36.1144196,228.145268,3.902616759999999,9.767865879999999,1.2819494,1
7337,64.72,32.66096639999999,281.574932,3.7125966,8.03960692,1.27563588,0
7338,284.0,35.413658399999996,91.14801959999998,5.315124720000001,12.500506039999998,1.2988390800000003,0
7339,300.12,28.795459479999995,107.0914304,3.6575520399999992,6.843827319999999,1.3305657199999998,0
7340,241.56,20.411222799999997,105.49949199999999,3.90622492,4.31289908,1.3476955600000005,0
7341,239.44,36.86510799999999,253.874516,4.3344312,10.757169639999999,1.26233632,0
7342,245.64,36.17052972,87.54893336,4.75021468,9.45871821324,1.3235841199999998,1
7343,106.2,28.787581199999998,119.75373680000001,3.589211399999999,6.662600240000001,1.2335193599999998,0
7344,144.68,31.958694800000004,292.83065999999997,6.047226920000001,12.585999240000001,1.3654388,0
7345,130.8,25.9175692,309.82775799999996,5.666014559999999,8.19803812,1.1784871600000002,0
7346,129.36,22.484964679999997,302.44020248,4.4971077600000005,5.5038194,1.29622084,0
7347,33.96,30.1128656,273.43765816,5.18641468,10.02085644,1.22636104,0
7348,101.76,19.294286800000002,241.88864800000002,5.768071959999999,5.921397480000001,1.2549517200000002,0
7349,179.56,24.912118,284.54225127999996,5.26107752,7.450453320000001,1.2908066400000002,0
7350,164.52,30.607976400000002,151.30310800000004,3.57973588,7.08471632,1.1460160000000001,0
7351,185.52,27.742134,118.97099200000002,5.896591439999998,10.386001879999998,1.2126396800000003,0
7352,112.4,20.643647599999994,114.1314992,3.0688318800000003,3.7788345999999997,1.17984228,0
7353,15.28,14.098381439999995,121.21020399999999,5.79160872,3.547909088,1.2791802399999999,0
7354,60.72,17.762738399999993,97.28895400000002,4.4175056800000005,4.116443359999999,1.31927628,0
7355,262.52,40.087892399999994,62.17384920000002,5.61523848,15.7328704,1.3376427600000005,0
7356,212.48,28.512867199999995,263.222264,4.26659568,7.51859744,1.3459689999999997,0
7357,338.08,23.3795976,45.1211304,3.5063624800000004,4.865683440000001,1.3679296000000003,1
7358,207.32,27.0290852,207.018216,5.2498108000000006,9.490349160000001,1.30807176,1
7359,37.4,31.094740000000005,145.82222480000001,5.031555280000001,9.72893944,1.2513434000000003,0
7360,258.96,26.00170720000001,278.18673199999995,3.654034,5.6501946799999985,1.29215416,1
7361,279.72,29.02171,124.31921280000002,4.523332119999999,8.047412360000003,1.3643885600000005,1
7362,78.76,33.335319999999996,165.931004,3.6514923200000005,8.20196592,1.2737926399999997,1
7363,142.28,26.467067200000006,301.1308839999999,5.77134768,9.199773839999999,1.3126956,0
7364,243.4,24.950440399999994,219.74674000000007,4.60691188,6.603891119999999,1.2289792,0
7365,55.68,16.00937104,155.25251999999998,5.7986018,4.24635647228,1.3127811600000001,0
7366,111.92,28.805190399999987,260.12906,4.21248744,7.44492248,1.25800376,0
7367,128.08,31.2419124,52.55931160000002,4.8592268800000005,9.599672640000003,1.3008924,1
7368,127.64,25.642616400000005,49.122646800000005,3.4415336,5.54888768,1.3558277200000004,1
7369,83.64,16.897503039999997,305.3631132,5.313450880000001,4.482696376000001,1.36234184,0
7370,470.04,26.430104399999994,111.39115680000003,4.420245599999999,6.863486680000001,1.3226088799999998,0
7371,343.52,38.0882776,195.204024,6.464014440000002,18.740657319999997,1.3648995200000003,0
7372,183.04,34.71808359999999,237.40844400000006,4.30696528,9.891300439999998,1.2485514,0
7373,124.72,37.29476599999999,338.6525800000001,3.54057552,9.37258468,1.28670784,1
7374,317.4,36.66535280000001,87.45958719999999,4.019536239999999,9.849888920000001,1.32700196,0
7375,530.92,31.9277684,272.610076,4.551239239999999,9.23010204,1.35731592,0
7376,588.0,19.929773079999997,84.01781208,3.0941396799999996,3.6662391,1.3430148800000001,0
7377,169.56,29.290316799999996,253.50497199999998,4.32310172,7.801468639999999,1.32414488,0
7378,165.12,30.004375599999992,248.4005879999999,3.34047512,6.647984360000001,1.27657184,0
7379,154.08,35.638186,146.32762119999998,3.85835236,9.188502559999998,1.2674414799999998,0
7380,286.48,24.501960399999998,199.82834399999996,4.2638418,5.940622399999999,1.3009159599999998,1
7381,105.76,28.565766800000002,89.9887028,3.82531316,6.87988096,1.35256864,1
7382,400.2,23.2320772,290.629356,4.200881520000001,5.436481120000001,1.2836934000000004,0
7383,668.16,41.31026440000001,208.88790400000002,3.7872673999999993,11.34489084,1.31521732,0
7384,64.2,35.475648,177.09529600000002,3.0896305600000007,7.709122960000001,1.2297480800000002,0
7385,696.64,34.87844440000001,98.54535360000001,4.1626904,9.665670960000002,1.3555891199999999,0
7386,229.44,34.516803599999996,59.5368916,5.494444479999999,12.291150240000002,1.34669588,0
7387,254.84,32.636768399999994,72.4872644,3.56346316,7.823083680000001,1.2929811999999998,1
7388,74.32,20.31679079999999,75.44416040000002,4.0237519200000005,4.349969880000001,1.27565004,0
7389,79.68,25.545047599999997,188.71542000000002,4.72194448,6.941692640000001,1.2820516400000002,0
7390,37.56,26.572094000000003,186.51659199999997,4.2956814,6.7297443999999995,1.16549872,0
7391,143.36,35.955059999999996,147.93658399999995,5.63961712,13.465544399999999,1.3536763600000001,0
7392,201.48,27.695390399999997,26.67264279999999,4.69458976,7.7679458399999985,1.3527933199999997,0
7393,121.04,23.536944,202.19561199999995,4.5365312,6.04477516,1.28766004,0
7394,161.2,32.7353392,82.55932279999999,5.38530324,11.2619372,1.3045011199999998,1
7395,195.64,27.741855600000005,23.774951199999997,4.353648519999998,7.279108839999999,1.3528394400000001,0
7396,600.92,28.901391599999997,113.124758,6.055560560000001,11.00536792,1.3512119999999999,0
7397,44.08,17.5642852,294.727488,5.34968704,4.585522319999999,1.28985276,0
7398,307.2,25.791413600000006,133.138616,4.99527484,7.456753360000001,1.2887291599999997,0
7399,330.36,40.0228104,21.102263200000003,3.9984670799999997,11.242451240000001,1.3028346000000002,0
7400,285.16,35.598466800000004,269.3434432,4.04307516,9.741018200000001,1.30494056,1
7401,332.12,18.600838400000004,143.91104200000004,3.5193848400000003,3.4615746399999994,1.28205656,0
7402,471.28,34.9764512,165.08457599999997,3.8401784400000007,9.1761628,1.3241948399999999,1
7403,249.24,37.309444799999994,125.65301359999998,4.0629532799999994,10.4023432,1.30405956,1
7404,25.48,26.638575199999995,195.69891800000002,5.17595024,6.494221191600001,1.36504116,0
7405,266.76,32.373096000000004,197.34385600000002,3.3880373599999998,7.540031039999999,1.3307908400000001,1
7406,114.44,25.885591999999995,108.53585599999998,4.14897032,6.277310919999999,1.24891132,0
7407,371.92,29.072252399999993,220.10666640000002,5.24484384,10.358677279999997,1.32707628,0
7408,41.88,19.975797439999997,181.976074,5.71503044,5.0941767121999995,1.29016892,0
7409,627.76,29.201107999999998,292.172452,3.6230816400000005,6.8187304399999995,1.3516496800000002,0
7410,147.12,26.7119716,35.0228004,4.3649377199999995,6.874715159999999,1.3063538799999999,0
7411,542.0,38.13900160000001,189.69741600000006,4.15995584,10.950902040000003,1.3287992800000004,1
7412,234.28,33.75532999999999,225.61046399999995,3.8944697199999996,8.738429000000002,1.3088705999999999,1
7413,289.2,31.615128400000003,167.60211600000002,3.8522472800000003,7.956550240000001,1.2831172800000001,1
7414,102.56,31.48883012,301.0946199999999,3.6157378399999995,7.587889266879999,1.24807312,0
7415,387.0,34.75757519999999,116.53380159999999,4.169065920000001,9.664218720000001,1.33020728,1
7416,626.24,37.44145520000001,156.29563199999998,4.07620304,10.501615160000002,1.3176148400000003,0
7417,216.32,32.2709236,230.03680400000005,5.097198959999999,10.447433200000003,1.3147388,0
7418,210.36,29.807336119999995,155.70255559999998,4.902479520000002,9.31513524,1.3063344799999999,0
7419,135.08,30.889106799999993,161.284652,5.07713352,9.740204720000001,1.33638668,0
7420,424.24,31.049812399999997,124.22452399999996,3.4774822000000007,7.195656799999998,1.3206987199999998,0
7421,14.4,23.8405604,116.66819719999998,5.163112160000001,7.030866007999999,1.1277266400000001,0
7422,475.28,15.910754400000004,105.03494239999996,4.2293178000000005,3.30920671332,1.3692151200000005,0
7423,306.64,36.012476400000004,215.72647344,4.662463279999999,11.532624760000001,1.3565337199999998,0
7424,273.16,25.8867868,162.71509200000003,4.105796359999999,6.314625440000001,1.3186205999999998,0
7425,112.32,25.724078000000006,158.34944919999998,3.1074184000000002,3.959516644,1.30877176,0
7426,30.84,26.4229072,214.18044800000004,4.4397899999999995,6.64339488,1.28642132,0
7427,327.44,31.16015719999999,158.76872400000002,4.321626920000001,8.52359288,1.3068495999999998,1
7428,151.76,20.283950280000003,244.017924,4.53292404,4.583173240000001,1.3085795999999998,0
7429,266.04,33.33780839999999,111.39621704000001,4.412031239999999,9.47769004,1.3074150000000002,1
7430,641.72,33.6261724,221.187896,4.161462800000001,9.107251759999999,1.3322275200000002,1
7431,38.44,29.856840799999986,324.41773807999994,4.916037,9.013756079999999,1.27172724,0
7432,153.44,29.021319200000004,185.91753199999997,3.4384773599999994,6.3315053200000015,1.32380788,0
7433,123.08,28.62686439999999,321.19872575999995,4.098689480000001,7.24330512,1.2573031200000002,0
7434,293.0,23.2985676,324.9133280000001,6.036402839999999,7.97033892,1.3208255599999996,0
7435,29.16,21.823826399999998,117.011368,5.1008191599999995,5.954651119999999,1.3047987999999997,0
7436,108.96,24.699911720000003,148.3846052,5.276855119999998,6.2314589597999985,1.2987893200000002,1
7437,176.36,21.116542680000002,90.88611359999999,4.17378552,4.909553644000002,1.2685039599999999,0
7438,92.2,32.4301956,303.39406919999993,3.601871,7.0495853745199994,1.29777864,0
7439,285.4,24.87081548,147.50884400000004,5.85443516,7.717511640000001,1.3231761200000005,1
7440,320.16,42.397922799999996,251.145124,4.078693199999999,12.396352799999999,1.2934504800000002,1
7441,282.4,17.6854668,71.00626119999998,6.642566919999999,6.161376240000002,1.36530136,0
7442,152.36,12.911118559999995,249.0971928,4.37496728,2.485353668,1.31975272,0
7443,214.64,31.8011056,107.24001760000002,6.759199040000001,14.207572879999997,1.31079584,0
7444,203.0,35.6422072,335.34701600000005,3.06737988,8.116611280000003,1.3049769599999999,0
7445,35.72,14.594534760000002,143.34103919999998,5.819957360000002,2.96655874064,1.3421795600000002,0
7446,103.2,29.01095519999999,184.49376400000008,4.683988880000001,8.267828280000002,1.35837296,1
7447,325.56,27.25969439999999,192.54971200000008,3.8847495199999997,6.4631818,1.2900585199999997,0
7448,26.12,42.5317872,218.94428399999998,3.5390433199999993,11.076209040000002,1.27535136,0
7449,445.12,16.891308,111.361786,4.12731884,3.4440988800000008,1.28803336,0
7450,62.76,29.550858400000003,142.48556399999998,3.3653886800000006,6.266993359999999,1.3420046799999996,0
7451,456.52,31.485820800000006,257.648812,3.3618317199999996,7.639676144000003,1.3686690800000003,0
7452,152.6,31.451522399999984,246.04444799999993,5.329858400000002,10.5796384,1.29438424,1
7453,210.6,34.656192,233.88824799999995,3.3863239999999997,8.213637440000001,1.3024506400000002,1
7454,456.24,29.580651600000007,237.16919999999993,3.8528248,7.220979079999999,1.3298061600000002,0
7455,142.56,31.656657599999996,64.37287904,4.003490639999999,8.181667399999998,1.2646690400000002,0
7456,123.24,25.702488400000007,318.147484,3.6701533199999994,5.766271079999999,1.28404528,0
7457,104.84,13.373451119999997,234.82440000000003,5.3270744,3.0156793200000003,1.36038408,0
7458,60.04,31.698339599999994,80.23862679999998,4.22624372,8.5367742,1.2490222399999993,0
7459,533.92,43.04746239999999,116.52693200000003,3.811985200000001,11.977564799999998,1.3120297600000002,0
7460,248.4,31.295168,323.8863439999999,4.49445584,8.86586184,1.27986144,0
7461,172.92,28.518747599999998,113.8322332,5.139210960000001,8.737029119999999,1.32113984,0
7462,242.0,29.2825272,82.6497704,4.394724,7.9140576,1.3215495199999998,0
7463,115.6,23.3203936,313.87025200000005,4.61186716,5.93446856,1.3565826,0
7464,177.76,28.271915599999993,230.03501599999996,3.419135759999999,6.279394199999998,1.2916337600000003,0
7465,195.68,29.044675999999992,260.71903599999996,4.65391652,8.20553568,1.27968476,1
7466,241.56,28.488148000000002,102.00906520000001,4.0372162,7.10544452,1.17094692,0
7467,29.44,19.564047479999996,172.19691600000002,4.46840108,3.8818334578800004,1.2833906,0
7468,433.92,30.953068399999996,30.049316400000002,4.451351879999999,8.681760279999999,1.3700000799999998,1
7469,104.64,28.90337319999999,285.1477920000001,5.1613231200000005,9.03567888,1.28991964,0
7470,346.08,28.834348400000003,141.502268,4.36974424,7.671176079999999,1.34185572,1
7471,261.04,32.2637072,46.8163756,5.630187960000001,11.536800040000001,1.30526844,0
7472,58.0,29.452926399999996,78.23299279999999,3.58198428,6.835654119999999,1.2495402800000002,0
7473,48.04,18.861024,63.71070360000001,7.017675239999999,6.669244560000002,1.30385356,0
7474,371.04,24.8130884,37.1504736,5.0708416,7.690816639999998,1.3689904,0
7475,138.2,30.60246919999999,79.27159039999998,3.9169346000000003,7.670632040000002,1.10675868,1
7476,273.84,33.44342919999999,192.17956800000005,3.307902720000001,7.692073440000001,1.2974581199999995,1
7477,724.48,41.85811919999999,134.02371200000005,4.556148080000001,13.4345388,1.3193638,0
7478,20.96,38.757922,193.90000000000003,3.68761132,10.1734254,1.18647368,1
7479,226.2,14.130278839999999,282.55978600000003,3.5239769999999995,2.6671417640000006,1.32947236,0
7480,113.28,27.284349199999994,76.24951240000001,6.43826296,10.74941456,1.09999248,0
7481,93.4,20.3001408,81.41064,5.88737908,5.91757328,1.30701628,1
7482,41.52,25.824701599999997,249.20081200000007,4.55296264,6.926656080000002,1.27501032,0
7483,410.28,35.71306200000001,184.85043599999997,4.0476227599999985,9.84554468,1.32871472,1
7484,462.28,17.758909199999994,161.32094000000004,3.9957409200000007,3.4552376680000005,1.31281028,0
7485,349.24,31.991837599999993,186.87368800000007,3.2646478400000003,7.130767040000002,1.34115404,0
7486,134.0,34.50445132000001,161.64608207999999,3.8587758400000003,8.91305716,1.32773696,1
7487,260.96,25.0564164,115.51184080000003,5.273372080000001,8.02464496,1.30225468,0
7488,79.08,30.2564096,87.0301996,4.09813848,7.702062200000001,1.25976984,0
7489,28.64,26.591444000000003,194.29678000000004,5.090383,7.972681,1.2957919200000003,1
7490,122.92,28.643054399999986,203.26451200000002,4.76855612,8.208913639999999,1.18172876,0
7491,416.88,42.790642399999996,301.816728,4.406363359999999,13.35112404,1.3194662400000001,0
7492,488.56,29.925233599999988,235.865508,4.1748283200000005,7.93058584,1.3214327600000002,0
7493,191.36,21.376344,84.76281800000001,5.821910600000001,6.85075824,1.2856513599999997,0
7494,183.36,42.036781600000005,226.215896,3.342398559999999,10.4769338,1.29226904,0
7495,168.24,40.42219800000001,278.162308,4.4192286,12.463061200000002,1.29688516,0
7496,312.08,22.19612696,138.990128,5.0265233600000006,6.033237839999999,1.3182930400000001,0
7497,419.52,40.916853599999996,283.92205200000006,3.51294696,10.498642799999997,1.3069586800000004,0
7498,87.72,23.164996400000003,244.04399600000005,5.730369959999999,7.439022680000001,1.2321335599999999,0
7499,97.52,25.286130799999995,145.39298,4.0627740800000005,6.056256199999999,1.3580346399999998,1
7500,109.2,23.222493760000003,66.1146016,3.3596394000000003,4.717570327999999,1.35634244,0
7501,520.8,26.798762000000007,232.14661600000008,6.38651272,10.647239960000002,1.3196042000000003,0
7502,113.96,29.373947200000003,145.17816240000002,5.804172199999999,10.388236999999998,1.33680508,0
7503,794.2,33.3492772,170.57138000000003,4.05884588,8.884658919999998,1.32028956,0
7504,151.44,14.851309239999994,139.544992,3.45374112,2.5520655199999998,1.3125238,0
7505,37.32,24.485997199999996,292.56868,4.146157640000001,5.7056565599999995,1.34090792,0
7506,523.84,32.4348348,122.13596424,3.6103416799999994,7.7994314,1.32094992,0
7507,264.04,27.156047600000008,259.399264,3.8857282799999995,6.486321319999999,1.2920104399999999,1
7508,157.04,27.131026,62.24382880000001,5.7824538400000005,9.22806724,1.33760664,0
7509,176.36,18.740391200000005,250.5518999999999,5.3617892000000005,5.43765188,1.30951336,1
7510,201.68,18.204894399999993,38.9802064,5.62417244,5.11488316,1.30171572,0
7511,136.92,24.580838000000004,306.682596,4.641163440000001,6.436662640000001,1.1138553999999994,0
7512,225.04,36.7902184,259.9270399999999,3.69115372,9.462838839999996,1.30281428,1
7513,45.24,21.2972192,201.47007599999998,5.274345080000001,5.3112803614,1.25041832,0
7514,81.48,26.779071200000008,124.08603760000001,4.85794416,7.53936992,1.3063119600000002,1
7515,358.96,30.56975199999999,158.773728,3.5652423600000005,7.13679732,1.3210699200000005,0
7516,385.28,27.50478279999999,67.19849279999998,3.9037460799999995,6.603852000000001,1.3320628799999996,1
7517,360.24,27.58177359999999,182.64047200000002,4.28913928,7.141195400000002,1.28135196,0
7518,27.92,18.155744,90.22470720000001,5.08619796,4.674702040000001,1.30104332,0
7519,287.0,26.738661199999996,313.22503200000006,3.71915132,6.208900999999998,1.35020708,1
7520,135.88,20.075857999999997,72.15389879999996,4.797360319999999,5.094939159999999,1.2756063199999998,0
7521,254.36,28.819736399999996,107.9680376,4.032675080000001,7.28105236,1.30463648,1
7522,168.72,20.951245599999996,122.62062000000002,5.358054920000001,5.9733949200000005,1.33606,0
7523,393.8,25.4496884,291.7959179999999,3.6988293999999997,5.69785436,1.3623107199999998,1
7524,116.4,27.874897600000008,53.8493956,7.20315224,12.773704200000003,1.26414244,0
7525,165.16,33.4508276,335.096608,5.003858519999999,10.800502880000002,1.2956667199999998,0
7526,159.76,28.025339999999996,193.80836400000004,3.94269592,6.72498264,1.31773148,1
7527,708.04,39.1297828,308.62158,2.82300436,8.619772359999999,1.3231171199999998,0
7528,327.96,12.21075232,245.5374,6.030904320000001,3.1794174115200002,1.3016153199999996,0
7529,513.36,25.01266332,311.498536,3.6412401600000006,5.54599450704,1.3677295200000001,0
7530,459.52,25.796131999999997,118.9226348,6.81583592,10.989146879999998,1.36580628,0
7531,441.64,34.5770992,167.69381599999997,4.70567948,10.715517920000002,1.3241530399999997,0
7532,465.96,44.6887396,231.40237999999997,2.7647756799999996,10.19075068,1.3138809999999999,1
7533,340.48,26.101716000000007,234.22612400000003,4.190603199999999,6.433604959999999,1.3052468399999997,0
7534,18.04,11.712503719999999,170.6748,4.32965196,2.43506832012,1.1454301599999999,0
7535,79.84,30.699554519999996,161.08141360000002,5.722197520000001,9.0801362396,1.3222397999999997,0
7536,39.88,16.468969840000003,75.68149279999999,5.966321280000002,4.5040952483200005,1.3417562799999998,0
7537,382.88,24.443279199999996,45.26097000000001,5.58780672,7.794418159999999,1.3544204000000002,0
7538,252.12,27.59401119999999,112.93552000000001,6.1684564,10.38193288,1.27767976,0
7539,42.68,30.544499599999995,138.778684,5.218693840000001,9.933131200000002,1.28739104,0
7540,16.68,34.10045040000001,30.55807292,3.59343524,8.424665679999999,1.2311004399999999,0
7541,126.4,26.32537120000001,261.208648,4.17672392,6.50285272,1.33250904,0
7542,479.04,23.3179296,281.862616,4.298396240000001,5.692540520000001,1.36867964,0
7543,289.24,20.109586120000003,208.39934999999997,4.859645240000001,4.673824,1.3069093200000004,0
7544,357.56,23.430073200000006,78.2089968,3.0296776400000005,4.396449479999999,1.2795470799999997,0
7545,61.72,30.185551600000007,42.72144599999999,3.7106567200000002,7.1878132400000005,1.3555425600000004,0
7546,254.48,27.416114399999998,82.67504079999999,4.63509852,7.555850680000001,1.3308568,0
7547,27.28,15.309756120000001,214.50706000000002,5.7866783999999996,3.4826923418399995,1.3508618399999996,0
7548,202.6,16.32155992,163.186744,5.61514352,4.57725016,1.3170908799999999,0
7549,551.8,32.93621879999999,91.43206359999998,4.1875674400000005,8.890722479999999,1.3253171600000002,0
7550,136.32,17.940050399999997,127.28824,5.170243920000001,4.60012576,1.29699688,0
7551,248.4,25.865491999999996,200.83813207999995,4.70022592,7.276125400000001,1.3683486,0
7552,239.0,22.898269839999998,217.89305999999996,3.2462716800000004,4.5220240920000006,1.3014176800000001,1
7553,51.08,19.428638239999998,318.17926,3.492693520000001,3.7985125600000003,1.3111777999999998,0
7554,202.76,16.195959199999994,124.209584,4.24343208,3.2583675600000004,1.32276836,0
7555,123.48,21.343073599999997,256.548356,3.34462216,4.066162539999999,1.2992716000000004,0
7556,165.72,28.441868800000005,122.98779280000002,5.70547584,8.445518960000001,1.3521855200000004,0
7557,395.08,35.2469264,101.60360399999999,3.74673708,8.999125879999998,1.3349821199999996,0
7558,32.2,29.934811999999987,183.78048800000005,3.766705520000001,7.880091640000002,1.10017356,0
7559,162.08,33.0962776,144.19356800000003,3.8835537200000005,8.64071572,1.26047304,0
7560,328.88,28.627444799999992,130.39823600000003,4.8790426,8.35528968,1.3016701199999998,1
7561,163.6,22.4484368,247.147802,6.97084896,5.699786969800001,1.26762568,0
7562,541.72,27.5319348,56.483144399999986,3.9381701199999997,6.636156119999998,1.34079012,0
7563,113.8,30.587897960000006,140.68658680000001,5.082557759999999,7.94207698664,1.3228745599999998,0
7564,100.28,26.48829719999999,57.454348399999986,3.783436320000001,6.216465320000001,1.28503968,0
7565,232.64,18.4207084,75.7357488,5.064424240000001,4.326160239999999,1.33344548,0
7566,290.4,37.220194,137.93363072,4.021856999999999,10.26138456,1.3057292400000002,0
7567,118.0,39.086988,252.440312,4.10375964,5.98919329248,1.3114749600000002,0
7568,300.32,44.73554359999999,152.283076,3.5419626799999997,12.055711039999998,1.3076249199999999,1
7569,259.68,38.7804784,103.36545576000002,4.252375799999999,10.435610919999998,1.3073626800000002,1
7570,157.0,34.2749328,179.822988,5.139366679999999,11.471518359999997,1.3451045199999998,1
7571,153.88,25.666745999999993,45.29170080000001,5.00465032,7.545873439999999,1.24037408,0
7572,261.4,19.547363599999997,69.51135879999998,4.418710279999999,3.7522578799999997,1.3269779599999996,0
7573,186.88,17.147325999999996,108.1673992,5.722382639999999,5.063130549159999,1.3338658799999998,0
7574,31.36,27.18369,176.33545055999994,3.9763836800000005,6.522764079999999,1.2819935599999999,0
7575,174.56,33.5784376,198.454036,3.48429108,7.99903048,1.2743696000000002,0
7576,48.56,17.650376679999994,188.07511199999996,5.940269280000001,5.440687399999999,1.2944588000000001,0
7577,55.64,36.092729600000006,218.93992272,4.582389559999999,11.02774408,1.2940728,1
7578,230.28,40.174806,296.9719399999999,3.6203181999999994,10.579609399999999,1.36759876,1
7579,273.92,14.775952960000001,112.72094440000001,3.4469518,2.4591509719999998,1.2972011199999998,0
7580,169.44,19.397886919999998,118.60199400000002,3.8520220399999996,3.91647088,1.3251159199999998,0
7581,104.84,24.176065599999998,112.12863600000004,3.7561902800000007,5.307791159999999,1.27732748,0
7582,309.16,33.31726200000001,156.11363200000002,5.34612436,11.535360280000003,1.3169097200000002,1
7583,166.64,30.3297332,187.53541200000004,2.9808381599999993,6.289805,1.2919941200000002,1
7584,106.56,26.073914,141.49817599999997,4.8861222,7.39936744,1.29706804,0
7585,307.88,23.138173199999997,192.91113199999995,5.41458532,7.3557498400000005,1.3196065199999998,0
7586,90.8,21.6591144,110.46240480000002,5.58988308,6.55154025524,1.3010899199999997,0
7587,25.6,37.7910408,205.05801999999997,5.936708759999998,15.564310800000001,1.2588997999999998,1
7588,165.68,22.7255916,302.288228,3.77864252,4.935653360000001,1.1585961999999999,0
7589,589.84,25.264850399999997,279.904808,4.2224783200000005,6.258817520000001,1.32547172,0
7590,59.0,31.652940799999993,98.52489600000001,5.257870080000001,10.500004039999999,1.3384437999999996,1
7591,164.84,33.462666399999996,336.71932768,3.81528492,8.49400324,1.28113652,0
7592,186.48,28.3228352,147.495064,3.9403402800000005,6.886192119999999,1.3331616800000001,1
7593,391.88,20.982051999999996,328.60957200000007,4.20395424,4.72463712,1.32934348,0
7594,168.92,16.81576972,90.88138920000002,3.47049824,3.0841461560000005,1.1755972,0
7595,264.92,25.442485159999997,281.822656,4.95791312,7.172786119999999,1.33236564,0
7596,32.84,23.778098120000003,203.78073199999994,2.96639756,3.601511964,1.34008388,0
7597,408.76,23.931414000000004,321.361328,3.91375028,5.41059696,1.28574772,0
7598,191.0,44.921747599999996,37.501673600000004,2.86264608,10.5346126,1.33189736,1
7599,68.92,22.4564516,179.18771200000003,4.4335352,5.454681320000001,1.2841502,0
7600,121.52,14.499136240000002,248.63625199999998,3.674893120000001,2.5317724520000002,1.35176536,1
7601,750.64,36.36393520000001,169.41242000000003,3.3738570400000003,8.80017968,1.3352947599999998,0
7602,51.88,27.252554000000003,99.11136376,5.6148440000000015,9.106195600000001,1.1704856399999999,0
7603,179.0,17.82412544,160.84539400000003,3.40312228,3.5764747800000003,1.2547363599999999,0
7604,115.36,36.9668012,241.44827328000002,4.27830528,10.710633440000002,1.31253732,1
7605,297.8,18.98137827999999,292.74198,6.713100560000002,6.713755359999999,1.31640268,0
7606,251.44,26.82312,283.47256799999997,4.3524398,6.9207346,1.2941662399999998,1
7607,20.96,33.3536812,306.5325879999999,3.4475879999999997,7.85818152,1.2569898000000002,0
7608,259.96,30.426476400000002,247.50923600000002,3.7194099599999992,7.171530439999999,1.2992739999999998,0
7609,703.72,39.192935600000006,62.0431176,3.4167018799999993,9.77755448,1.3250575600000003,0
7610,213.0,22.4457316,212.09596399999998,3.73159904,4.805722240000001,1.3094748400000003,0
7611,460.0,26.997086399999997,302.11402000000004,4.513004200000001,7.333851480000001,1.32479132,0
7612,137.16,20.292915080000004,284.404538,6.903733359999999,6.444267253040001,1.2727736400000003,0
7613,260.68,25.92457948,212.32602400000005,5.703481679999999,8.431087400000001,1.3100995199999996,0
7614,351.76,27.129975199999993,271.4362684,6.238276,9.717284159999997,1.2866226,0
7615,297.6,31.084352399999997,51.4365268,4.31817684,8.44764412,1.30745696,1
7616,100.36,15.488270640000001,172.1295,5.21759492,3.71842736,1.3165053200000003,0
7617,61.84,32.290865600000004,301.127996,3.50608688,7.637387080000001,1.2952610000000002,1
7618,193.64,24.741745479999995,124.24473239999998,7.47681268,12.027933599999999,1.3198758000000002,0
7619,114.8,34.528363999999996,187.86596800000004,4.40698988,10.01096896,1.29409648,1
7620,371.8,38.51239520000001,117.68603639999998,3.888120120000001,10.616507919999998,1.3007774000000003,0
7621,236.16,33.68495199999999,306.56257008,4.8129976800000005,10.547025399999997,1.30616684,1
7622,261.32,19.238237039999998,119.88515199999998,4.591561039999999,4.920932863839999,1.33531648,0
7623,103.8,17.41421572,191.06991200000002,6.516121480000002,3.39681215016,1.3439249600000003,0
7624,161.04,26.014198,117.49238159999999,4.18669892,6.39129072,1.29679272,0
7625,306.72,31.476563600000006,303.10412,3.7267856800000008,7.634219720000001,1.2895396399999999,0
7626,87.28,25.265315599999994,161.29737199999997,5.534629000000001,8.01453988,1.31003544,0
7627,46.88,29.920166920000007,181.50670399999998,6.420862919999999,6.3727565538399995,1.29662736,0
7628,163.56,20.451814399999993,265.085088,4.456807080000001,4.76164056,1.2934378800000002,0
7629,195.68,27.9109876,345.03110799999996,3.9637196000000006,6.782606039999998,1.28207196,1
7630,206.4,27.386878800000005,99.75322600000001,3.31202204,5.782467040000001,1.1034022399999999,0
7631,265.36,32.90329479999999,334.53167199999996,5.411280200000001,11.463162439999998,1.31382992,0
7632,57.36,24.015728400000004,211.51333199999996,4.7978752,6.496234879999999,1.2866907199999997,0
7633,129.6,34.35316119999999,77.4025004,4.054474160000001,9.18038364,1.3346866800000001,1
7634,492.16,32.691805200000005,275.27971200000013,4.6471248,9.72818348,1.32069372,1
7635,64.8,18.423545559999997,172.07019368,3.884347120000001,3.431335909200001,1.3065424800000003,0
7636,38.52,11.033178959999997,54.100495200000005,4.74854288,2.77204496296,1.3091372000000001,0
7637,54.48,34.78365079999999,107.77244959999999,3.361877600000001,8.027145760000002,1.2457120000000002,0
7638,445.16,21.858492,248.051164,6.68702944,8.400683560000001,1.3658946399999998,0
7639,279.48,26.321520399999994,85.4487104,3.37419436,5.438434599999999,1.2938362400000003,0
7640,276.04,28.83610799999999,170.19335999999998,4.13930288,7.357925680000001,1.3587523599999998,0
7641,64.64,30.759078799999997,246.17015744000003,5.1128939199999985,9.74532024,1.09931832,0
7642,573.04,27.838981599999997,84.15759240000001,4.416815720000001,7.397357640000001,1.3259421999999998,0
7643,168.64,21.811828680000005,311.3130040000001,3.25032708,4.216274288,1.3114025999999996,0
7644,84.44,19.744298799999996,201.67080800000002,3.57702112,3.85103464,1.2985012799999998,0
7645,537.72,31.56871519999999,251.750124,4.01899136,8.154054319999998,1.3327068799999997,0
7646,319.32,43.683506399999985,306.61944800000003,3.1371962800000004,10.732821719999999,1.36147248,0
7647,278.44,28.20364800000001,260.59604399999995,3.4060051199999997,6.26775056,1.29234552,1
7648,69.88,21.928201759999997,89.32190960000001,3.53525696,4.225806772,1.3466934799999999,0
7649,734.0,37.44614120000001,268.239288,4.09453196,10.519359720000002,1.3172724399999998,0
7650,241.92,34.12881679999999,237.21444400000001,3.37459024,7.985298279999999,1.29259096,0
7651,239.44,32.3031784,292.15198263999997,5.878189360000001,12.01245268,1.3125971600000002,1
7652,140.16,17.912306959999995,144.944996,3.9560630799999994,3.45500532,1.2964852000000002,1
7653,104.56,13.0217976,262.886988,6.238219519999999,2.92005791928,1.3061769199999997,0
7654,273.8,29.209322399999998,93.81876880000003,4.7716782,8.45969768,1.3280160799999998,0
7655,132.96,20.48681119999999,210.5904112,6.588788040000001,7.240878160000001,1.306315,1
7656,435.12,27.108715599999996,72.23825679999999,4.94084104,7.92946776,1.3268217600000003,0
7657,70.68,17.621799319999997,255.44219600000005,5.877437600000002,5.181052399999999,1.2878527599999998,0
7658,459.0,16.06166932,241.19999999999993,4.642680079999999,2.2232891085200004,1.3144126000000003,0
7659,49.76,20.113527879999996,306.77366200000006,5.805987120000001,6.19113292,1.28926588,0
7660,107.88,41.9092772,42.67335768,3.8218669199999993,11.652994799999998,1.29590088,1
7661,35.08,32.36229240000001,327.01246800000007,3.6281818799999996,7.9751882,1.2787203999999999,1
7662,152.44,19.014499479999994,202.01219600000002,6.062380480000001,5.06925021416,1.31640052,0
7663,588.68,34.839813600000014,187.085216,3.4718460400000004,8.309839159999997,1.3389600399999997,1
7664,249.0,25.117712400000002,171.05485999999996,3.75385656,5.65308128,1.2990763200000002,0
7665,234.84,49.950458,296.078924,3.61587268,14.010951200000001,1.2786234,0
7666,83.32,21.894725599999994,159.32533888,4.2203508,4.8061874,1.3385519199999998,0
7667,55.76,18.577042000000002,111.00329199999999,5.024785480000001,4.77353484,1.2324718400000003,0
7668,198.96,23.99546904,200.69178024,5.05735784,5.009548188880001,1.3225467999999998,0
7669,85.36,22.348850520000006,141.00671599999998,4.975570519999999,5.387714978240001,1.298776,1
7670,20.52,14.64909836,259.890618,4.226198,2.7661099418400004,1.3443031200000004,0
7671,228.96,36.803790400000004,33.995484479999995,4.31082676,10.668985400000002,1.3575190000000001,1
7672,245.92,34.45025732,292.21618400000006,5.013273160000001,10.780493899,1.29775456,0
7673,49.2,27.388275999999998,334.13614400000006,5.782089599999999,9.484187559999999,1.2840113200000003,0
7674,567.32,41.3996556,65.996296,3.803657519999999,11.399555920000001,1.3262729999999998,0
7675,230.32,33.80921719999999,277.168108,4.412134799999999,9.710619639999999,1.3427165600000002,1
7676,80.04,27.02803879999999,113.6765848,4.080633799999999,6.617752480000003,1.3184556799999998,1
7677,145.96,19.4522448,77.9986616,5.207159840000002,5.403535496,1.29424724,0
7678,228.76,39.260077199999984,120.87488400000004,3.60904792,10.190055,1.3301853200000002,1
7679,35.32,28.0830232,78.49050279999999,4.002788720000001,6.784513879999999,1.2738686399999999,0
7680,286.92,20.999256399999993,189.44281199999998,4.46572608,5.209771999999998,1.3189303600000002,1
7681,196.88,28.838510399999997,113.72081599999997,3.5434047200000003,6.700992640000002,1.3257898399999999,0
7682,132.04,23.725665999999997,53.43854999999999,5.4959374,7.324573560000002,1.1166070399999999,0
7683,102.0,19.7556564,296.21173359999995,6.51028416,7.012731359999999,1.3559122,1
7684,36.72,28.764927599999996,282.74711199999996,3.92533696,6.50947264,1.32726104,0
7685,54.28,27.573615600000004,218.37958799999996,4.277280919999999,7.090029080000001,1.3050947200000003,0
7686,350.8,30.38620999999999,136.014272,3.86971404,7.490256120000001,1.2981750400000005,0
7687,137.16,40.920184400000004,122.62973071999998,3.91122804,11.436812,1.3181616,1
7688,69.28,29.3037036,329.1654039999999,5.351685280000001,9.579521639999998,1.2145810400000001,0
7689,163.68,18.2663288,268.349248,5.352284760000001,4.98074052,1.3091047599999996,0
7690,70.8,24.078729199999998,334.472828,4.31715408,5.935376799999999,1.3347216,0
7691,54.04,32.3077228,160.60696800000002,6.968836639999999,15.30341908,1.3118906800000003,0
7692,206.36,27.8550616,245.63934800000007,3.31807184,5.95949296,1.3094637199999999,0
7693,58.28,26.1112168,182.488788,4.380570280000001,6.873332519999999,1.1090924799999997,0
7694,97.72,24.760036400000004,247.96329599999999,6.40191968,9.22784684,1.2761385199999997,0
7695,102.84,31.4209324,174.762456,4.98716912,11.494810399999997,1.2052584800000001,0
7696,253.12,32.7905508,278.157037,5.99688548,12.99773596,1.36796912,0
7697,147.04,26.146905200000003,53.6364124,6.39691624,9.891917920000003,1.3373645200000002,0
7698,92.48,15.955293839999994,278.153546,4.658096439999999,3.5791538847999993,1.35345612,0
7699,220.28,33.2780404,161.99748400000001,3.51201992,7.68132104,1.2996887599999996,1
7700,306.04,23.767938519999998,107.29810359999999,4.43242716,6.036885524000001,1.3151349599999997,0
7701,587.16,37.861431200000006,190.44786800000003,5.53455636,14.19245248,1.31617268,0
7702,323.12,35.4386984,308.055156,3.4624255600000002,8.516123600000002,1.31017272,1
7703,366.6,25.4798144,75.74125999999998,5.8582809199999994,8.724378399999999,1.32793692,1
7704,16.0,17.577229479999993,51.84418159999999,5.602639279999998,4.70396284,1.28991244,0
7705,136.36,26.511263200000002,278.96072799999996,4.862471359999999,8.372112599999998,1.2646034400000001,0
7706,237.36,31.6939748,305.85771200000005,3.29600844,7.10679964,1.2802128,1
7707,66.36,23.5500056,152.84611120000002,5.142064919999999,6.769126879999999,1.11465564,0
7708,481.84,42.574767200000004,155.09037168,5.55881036,16.776884,1.3704768399999998,0
7709,717.2,47.5307256,185.42922800000005,2.9042755599999994,11.484941639999999,1.32132248,1
7710,469.72,20.257283199999996,208.13141000000005,3.8369376,4.17930052,1.36895776,0
7711,68.8,25.835460400000002,250.83445200000006,4.70054492,7.220513919999999,1.30615404,0
7712,145.04,31.482205599999997,191.56885039999997,3.0333216800000002,6.728394360000001,1.3255324000000002,0
7713,146.4,15.901630919999993,121.94760080000002,3.3888632000000003,2.707199496,1.3631906799999998,0
7714,98.0,20.817380680000007,139.310708,4.465427639999999,4.35655384,1.2785579599999999,0
7715,164.6,31.46836959999999,53.533676799999995,3.0234099600000004,6.7562478,1.2974324,0
7716,66.44,34.108658799999986,199.69613999999999,3.9714819599999998,8.9769392,1.2956214,1
7717,96.8,29.354929600000006,239.16115600000003,3.00293492,6.111225519999998,1.3202626399999997,1
7718,244.68,14.153386359999999,164.31575159999997,6.003969960000001,2.8829868154800007,1.3364160800000002,0
7719,309.12,31.683891999999997,261.64190768,4.406571319999999,8.871867920000001,1.3012126000000002,1
7720,12.12,29.993246,111.3872508,5.354377,10.26808644,1.2843234000000001,0
7721,195.08,15.3376032,253.92828800000004,5.14516384,3.5844881600000003,1.18975724,0
7722,57.24,28.331918399999992,287.999364,4.0100126,6.99507988,1.2768818,0
7723,215.28,20.097412799999994,271.3255232000001,5.63893332,6.186569703120001,1.29170352,0
7724,77.88,24.4101464,339.15259999999995,6.17842308,8.65389108,1.3643675199999998,0
7725,139.88,38.298149999999985,136.27231200000003,5.249239200000001,13.629559999999996,1.30797056,1
7726,366.84,39.1420912,156.41953199999998,2.9315815200000004,8.872471480000002,1.2812627200000002,1
7727,150.08,33.46313759999999,89.8375256,3.52401656,8.01592532,1.26467912,0
7728,130.28,26.25456639999999,241.50183599999994,5.092251600000001,7.773149799999999,1.2976071999999996,0
7729,325.8,35.084318,174.48227599999998,4.682974280000001,12.625067719999997,1.3073705199999999,1
7730,104.2,30.077012,233.06802800000003,3.82719364,7.372258080000003,1.2966692,0
7731,207.56,33.260907079999996,310.99811199999994,4.79609204,9.69305248,1.36783916,1
7732,26.12,40.24509640000001,173.46365600000001,4.35554464,12.07156968,1.3065235999999998,0
7733,370.0,14.632244839999993,316.387812,5.42617976,3.6652601160000002,1.2842775200000003,0
7734,439.76,40.562546000000005,263.10627600000004,4.729905480000001,14.378241160000002,1.3649263999999999,0
7735,443.28,25.85202624,300.515152,4.89299576,7.792197252000001,1.3470040400000003,0
7736,429.88,40.303537999999996,196.555556,3.6784300400000003,10.595507759999998,1.3290372400000001,1
7737,626.76,38.7256328,200.90269599999996,4.475595599999999,12.031349040000002,1.3171277999999997,0
7738,256.12,30.910370799999992,268.181908,4.869984199999999,9.406527839999999,1.29407628,1
7739,162.0,20.7000544,78.43291839999998,4.996795479999999,5.38485008,1.3053362400000004,0
7740,10.64,26.915821960000002,273.04965599999997,5.3520826800000005,6.744521537,1.2702622000000001,0
7741,69.08,20.971525599999996,116.052484,5.9521362,6.63438072,1.3447273600000003,0
7742,83.64,24.807591600000002,319.4420424,5.016677480000001,7.08913128,1.1223162400000002,0
7743,314.4,25.1024184,165.06428799999998,5.7104216,8.2924788,1.3130473599999999,0
7744,257.72,45.755054,276.80960000000005,5.02324748,16.726777600000002,1.3141433199999997,0
7745,59.4,32.69337199999999,160.856744,4.892683600000002,10.211230119999998,1.3101052800000001,0
7746,396.68,22.6983712,285.979928,4.412978999999999,5.561907639999999,1.28942312,0
7747,530.64,30.888725199999996,219.93299600000006,3.76217216,7.555097879999998,1.3211421199999998,0
7748,271.48,24.691621599999998,105.99527599999999,5.2852958,7.24052408,1.3681528400000003,0
7749,49.08,16.28564384,207.18449360000005,5.339903720000001,3.4427941422400004,1.1675766800000003,0
7750,224.12,25.587270399999998,41.49688680000001,5.2888824,7.81359784,1.104181,0
7751,797.52,37.809138399999995,312.32074000000006,3.3989578399999996,9.267769399999997,1.3399197599999997,0
7752,95.68,30.732843199999994,159.80596,4.94190492,9.440991680000002,1.27411148,0
7753,140.12,19.70586172,124.64714,4.20485596,4.555564776440001,1.3033076399999999,0
7754,160.24,32.31658519999999,210.67995599999998,3.4515430400000002,7.50555124,1.3089451999999997,1
7755,41.64,27.36622424,184.96797320000002,8.310338200000002,2.1935573209199997,1.1170944400000002,0
7756,454.0,28.9167532,34.528148,3.1672134399999994,6.158156720000001,1.2886318,0
7757,264.92,34.147656000000005,262.1140279999999,4.124855360000001,9.29690344,1.3256445599999997,0
7758,99.2,29.602914799999997,223.79464800000005,3.21753912,6.34802416,1.3037198,0
7759,319.68,26.76307959999999,297.894952,4.38626728,6.948045719999999,1.3217984399999998,0
7760,44.36,24.2481272,134.801126,3.0441089199999998,4.554624619999999,1.3565310800000001,0
7761,557.16,43.5281064,73.464448,3.9142724799999997,12.49171376,1.3263608000000002,0
7762,121.16,29.670261999999997,68.44821799999997,4.4195922,8.074817840000001,1.28915504,0
7763,197.56,28.675701200000002,217.45296000000002,3.9008836000000007,7.035356480000002,1.2992350000000001,1
7764,89.92,21.674536800000002,228.93375999999998,3.46546604,4.31583088,1.29377668,0
7765,394.76,39.974284000000004,90.2626728,4.417916159999999,12.38450272,1.36935256,0
7766,345.48,33.2491852,74.49736864000002,4.45918172,9.47572256,1.3326585199999998,1
7767,772.44,48.39988360000001,96.61474079999999,3.044499199999999,11.948526240000001,1.3220101199999998,0
7768,115.92,30.774709599999987,351.92242,4.742232959999999,9.0914056,1.1921716,0
7769,220.2,31.856219999999997,91.49454856,3.89209596,7.9838436,1.2944001600000001,0
7770,204.76,37.1088096,33.8464028,4.457006,11.038883160000001,1.3072172800000001,1
7771,31.96,23.323426399999995,64.51695239999998,4.589622,5.9123692000000005,1.26920012,0
7772,44.6,21.567145999999997,217.53957199999996,5.4706528400000005,6.92272092,1.2853817600000002,0
7773,36.6,35.40822159999999,334.69754800000004,4.37145848,10.243069599999998,1.3003409200000002,0
7774,201.0,31.62438760000001,138.63794040000002,5.53848952,8.481845494360002,1.3060509999999999,0
7775,481.88,35.70350320000001,195.123848,6.470994159999999,15.775715600000002,1.3138612799999998,0
7776,404.8,29.934137999999994,104.4824792,3.950275439999999,7.5299906,1.32179584,1
7777,383.6,35.596414,98.1118772,6.63887628,16.59481868,1.32794656,0
7778,243.6,24.385747999999992,229.43394800000002,3.6196905599999996,5.21268836,1.3627426400000002,0
7779,84.36,29.126230400000004,149.018764,4.138172,7.46193732,1.2930731199999999,0
7780,252.48,41.9969992,38.154824,3.36507732,10.615808200000002,1.3009178399999999,0
7781,189.76,37.24078600000001,216.60572007999997,4.84476736,12.0870616,1.2917377199999998,1
7782,326.2,49.82285040000001,121.03809599999998,3.67548084,13.947858000000002,1.3005295200000004,0
7783,119.92,29.652785999999995,282.327532,4.95349936,8.83934484,1.3043435600000002,0
7784,229.76,33.510739599999994,281.50050000000005,4.58058944,9.911878159999997,1.34275944,1
7785,99.36,29.353572,95.5197388,3.9219701999999996,7.344238559999999,1.340161,1
7786,93.52,19.23301948,140.71773999999996,3.95061484,3.9525983599999996,1.2522383999999998,0
7787,587.92,24.451532799999995,333.20119600000004,5.270029760000001,7.294436999999999,1.32445508,0
7788,124.28,23.9261616,216.44831199999993,4.5352241200000005,6.055660559999999,1.2953243999999997,0
7789,592.72,13.39711292,204.40230400000002,6.52891576,2.5565317891999997,1.3478654400000003,0
7790,104.56,23.5067608,175.457608,4.2991057999999995,6.246211120000002,1.3374586,0
7791,118.56,22.2052364,117.67433999999997,5.075271279999999,6.142019120000001,1.30376956,0
7792,40.4,32.014568799999985,27.0870996,3.77532656,7.9581411200000005,1.1045364399999997,0
7793,721.2,27.083320800000003,118.69482399999998,4.23801788,6.857255879999999,1.33885612,0
7794,15.96,26.70075252,100.95909680000003,5.5525354,6.956303279999999,1.27733316,0
7795,62.6,14.15576196,205.52520200000004,5.014771200000001,1.9818510606000004,1.2698416799999999,0
7796,154.76,41.17740079999999,252.471384,5.071718199999999,14.428502919999998,1.3599645600000003,1
7797,87.88,30.275185599999997,211.424192,4.38119676,8.36240204,1.3509266800000004,1
7798,89.36,34.3937792,243.040552,5.1337316,11.466384920000001,1.15124032,0
7799,394.88,33.9940572,263.86267200000003,3.3295882400000005,7.935914359999998,1.3269447200000002,1
7800,169.8,21.10572,208.21381200000005,5.337928160000001,5.41843372,1.2136703999999998,0
7801,72.16,22.321982400000003,71.7950728,4.59066732,5.522963160000001,1.2596992799999998,0
7802,129.64,32.526611599999995,84.67270936000001,4.214524479999999,8.780229439999998,1.3053650799999996,1
7803,135.24,29.51819399999999,290.04583600000007,4.144316359999999,7.684713720000001,1.3341185199999999,1
7804,180.24,23.25606956,143.68781959999998,4.7858398399999995,6.086052580840001,1.2820312399999998,0
7805,192.88,33.841293199999996,106.54884120000001,5.838009800000001,12.8391482,1.2906463999999997,0
7806,127.6,34.7086796,168.97053599999998,4.85368344,11.03863384,1.3083016799999998,0
7807,169.12,25.833909879999993,176.81447599999998,3.49133828,5.717616288,1.2842921200000001,0
7808,352.44,28.01749800000001,120.3644456,3.497984600000001,6.216184000000001,1.33095468,1
7809,275.52,24.096317600000003,199.78600279999998,5.734113240000002,7.6641381200000005,1.29043676,0
7810,271.24,28.944442799999997,280.281796,4.07182292,7.34881312,1.3373423599999998,0
7811,258.8,29.609556799999996,115.84028799999999,4.490295160000001,8.29096044,1.3580582,1
7812,141.88,27.941087599999996,78.833618,4.9086066399999995,8.305941800000001,1.3548941200000002,1
7813,549.12,20.85446,292.6856920000001,4.635797359999999,5.0979646,1.32262232,0
7814,161.6,25.689146279999996,295.2313952,4.306517400000001,6.52271268,1.24950264,0
7815,187.0,34.0831856,71.538496,5.2993336399999995,11.666844199999998,1.3416148,0
7816,296.48,31.546055999999993,197.281364,3.843738399999999,7.8959116400000005,1.3109124000000003,0
7817,368.2,57.485005199999996,187.521856,3.38172848,16.0148556,1.3104207600000004,1
7818,269.72,12.998094039999998,131.353196,6.010410280000001,1.5003235899599998,1.2193166,0
7819,27.68,14.640052279999997,191.51071120000003,6.08070704,2.2491432730399996,1.0970306800000003,0
7820,252.64,29.72573319999999,98.91654840000001,3.915764600000001,7.409399120000001,1.3083217600000003,1
7821,73.68,39.853533320000004,40.239132319999996,3.1139611600000006,9.1889798842,1.26278952,0
7822,278.64,20.620939199999995,239.83425640000002,3.7987265999999993,4.435141772,1.2907318,0
7823,123.0,33.265104799999996,218.383036,4.4582618400000005,9.50158336,1.2788377999999998,0
7824,321.88,32.76020799999999,209.506244,3.5799361600000004,7.86165308,1.3111218399999998,0
7825,286.56,21.626099999999997,256.138896,5.298186080000001,5.9890238799999995,1.3052161599999998,0
7826,231.84,24.871387200000004,112.3602728,4.48800068,6.3981230799999995,1.3287437600000005,1
7827,545.88,24.919822399999997,322.6045852,4.110103720000001,5.932272799999998,1.3472088399999997,0
7828,229.4,21.472796399999996,306.327248,4.75492892,4.461690889159999,1.30145968,0
7829,124.84,30.67768519999999,287.5090760000001,3.5175747200000003,7.0768302,1.3171563599999998,0
7830,48.6,17.09508376,117.04020879999999,4.129055,4.35362932,1.2874008800000005,0
7831,447.4,24.76628,291.620508,4.725081560000001,6.6452031200000015,1.3198778399999997,0
7832,389.28,29.856809999999996,233.79832872,5.444272399999999,9.94103376,1.3265133999999998,0
7833,460.16,39.677564000000004,267.4037400000001,5.10185016,13.9370144,1.3366675200000002,0
7834,488.2,30.612788400000003,146.679196,3.5303333200000004,7.251951560000002,1.3241696399999996,1
7835,141.48,28.9056088,95.42781119999998,4.746779119999999,8.669077880000001,1.3057986000000001,1
7836,46.4,22.772324400000002,39.8332552,4.38729768,5.56588936,1.3581851600000001,0
7837,78.72,28.0310572,38.5459392,4.13262508,7.053667200000001,1.340598,0
7838,110.52,22.452438400000002,179.14847600000002,3.45909404,4.545129244000001,1.3226115200000002,0
7839,344.76,37.9027792,139.327264,3.52227104,9.564295199999998,1.2902163199999999,0
7840,71.72,24.260052799999993,277.201044,4.188969999999999,5.814708639999999,1.30023324,0
7841,254.36,17.347971719999997,183.985952,4.39775388,2.7964381062800006,1.3630942399999997,0
7842,221.08,23.2132688,253.445116,4.341599079999999,5.64858724,1.3126162399999997,0
7843,391.96,24.281026800000003,73.54802679999997,4.5244428,6.31195884,1.354058,0
7844,50.92,21.4865852,233.71602800000008,4.93958168,5.455741680000001,1.27336304,0
7845,227.84,36.587667199999984,244.52803200000002,4.3441182,10.719017919999999,1.28481968,1
7846,129.48,25.170994800000003,298.51603600000004,3.9763274799999992,5.852596080000001,1.20269,0
7847,419.92,37.82234879999999,216.87728800000002,4.10491884,10.624103360000001,1.3202354,1
7848,52.16,20.98416428,89.69685799999999,5.45879144,6.384207280000002,1.2772506399999999,0
7849,246.88,34.041652,144.21668,4.64196504,10.21341196,1.36159588,1
7850,87.96,38.29896159999999,331.1301080000001,4.663279480000001,12.096110439999997,1.33696084,0
7851,117.44,38.28878371999999,179.27892,6.282444440000001,15.891217280000001,1.3068442000000002,0
7852,220.88,30.887700799999998,156.82744800000003,4.133666360000001,8.095284640000003,1.3033858400000002,0
7853,143.68,36.0057508,136.385976,4.194175280000001,10.231096280000001,1.2621282800000002,0
7854,189.04,24.3651496,169.20371079999998,4.04093512,5.761101480000001,1.32458888,0
7855,370.2,19.9813492,81.56805519999999,5.810511,6.140603280000001,1.3161763599999998,0
7856,363.04,24.350990799999995,259.02946799999995,4.684278560000001,6.423431880000001,1.3047607200000002,0
7857,121.04,23.341732399999998,124.42769200000001,5.34908884,6.9517314400000005,1.2953901600000004,0
7858,72.64,31.57510120000001,168.06715599999998,4.938972840000001,9.56195384,1.3116387999999999,0
7859,120.12,22.619964799999998,113.8799532,3.474417840000001,4.547652440000002,1.33925084,1
7860,182.72,33.01134,309.4359559999999,4.1688936,9.07914224,1.3559303600000001,1
7861,333.28,25.287365200000004,288.83394192,3.3259850799999997,5.669502696,1.28366516,0
7862,342.16,35.83981759999999,36.573625199999995,3.57640716,8.9188538,1.3663884400000001,1
7863,235.88,31.65904720000001,232.201992,3.8503551200000006,7.97921572,1.34048496,1
7864,187.56,16.04647192,299.1076596800001,6.2583534,4.7349048,1.10687132,0
7865,267.88,27.535809999999998,135.13408800000002,3.4211237200000006,5.96661896,1.2272287599999998,0
7866,144.68,24.718352799999998,95.48343360000003,3.4679117600000002,5.15849888,1.26983296,0
7867,263.68,21.386013999999996,198.758352,4.440477920000001,5.070618120000001,1.2993472000000004,0
7868,209.48,41.767622,84.75218971999999,4.320227,11.430707799999999,1.28379028,1
7869,112.32,25.553034799999995,316.49598000000003,4.032797840000001,6.060031799999999,1.2292452000000003,0
7870,173.44,32.9084016,180.16438399999998,6.3429959999999985,13.7375516,1.2727392399999997,0
7871,121.12,24.265706799999993,133.47318799999996,4.103444840000001,5.69982516,1.3387473999999997,0
7872,149.48,43.98086079999999,226.728648,3.464023759999999,10.954509400000001,1.2841458000000001,1
7873,154.4,22.19734012,113.3407836,6.26497388,7.1995916399999995,1.30903308,0
7874,316.24,36.65096759999999,150.61691999999996,4.1287356,10.2462918,1.3039629200000002,1
7875,110.48,31.701250800000004,148.55595351999997,3.7210362,7.923315080000001,1.2170587599999996,0
7876,271.6,37.49594319999999,99.5341488,5.0662109200000005,13.001509919999998,1.33147248,1
7877,367.4,16.3712502,297.39405999999997,5.812226559999999,5.105318397039999,1.2858051600000002,0
7878,78.16,15.457640800000002,67.0926004,7.524522079999998,5.807294959999999,1.3559488800000004,0
7879,345.56,14.79969252,164.292592,4.6451436,2.3687271279199993,1.3066014799999999,0
7880,302.6,40.021798,256.23884799999996,3.24565604,9.82697964,1.2807004800000001,1
7881,40.68,17.571323959999994,170.24054200000003,5.3071216,3.754112712,1.3223601600000001,0
7882,106.16,38.035242,213.54295999999994,3.7490656,10.089789839999998,1.35144,1
7883,676.2,49.773366800000005,210.83092,2.61565,11.501138559999998,1.31529944,0
7884,282.24,21.2758544,158.14829999999998,5.129788480000001,6.693920679999999,1.3051260399999998,0
7885,357.88,20.08068656,265.916992,6.736355720000001,7.8609221599999985,1.3173981200000002,0
7886,49.28,18.36411524,115.36527280000004,4.0629050399999995,3.8048846760000004,1.3411727199999999,0
7887,294.48,36.259105999999996,317.76333200000005,4.16120212,10.075835359999997,1.2990308400000001,0
7888,353.16,24.787245999999996,88.1396996,3.972761560000001,5.74832796,1.28344648,0
7889,64.6,26.568764,235.909604,6.57990792,10.5904046,1.2735450799999999,0
7890,158.72,21.7267292,181.13248000000004,5.032056239999999,5.895950160000001,1.3010026000000001,0
7891,242.68,30.274418,249.461008,5.21186196,9.78158616,1.27935128,0
7892,457.0,40.24849480000001,191.11513200000002,4.81294504,13.386091200000003,1.32916284,0
7893,137.76,25.7369964,302.71726128,3.74999512,5.66104244,1.29579632,0
7894,174.8,24.668563080000002,122.327112,4.71335736,6.51783812,1.3083176400000003,0
7895,208.0,28.544088000000006,171.644548,3.48824404,6.493468639999999,1.3055139199999999,1
7896,202.92,34.004155999999995,209.32008,3.7672635199999998,8.630272240000002,1.2721212000000002,0
7897,394.32,40.5464512,187.67055999999997,4.393792,12.447807599999997,1.3212343999999998,1
7898,283.6,40.0788452,118.84716479999999,5.19291704,14.098428680000001,1.3019192400000004,1
7899,504.48,36.4159236,314.6595776800001,3.74854504,9.326012679999998,1.3437066399999997,0
7900,218.44,36.069997199999996,86.73563399999999,5.016339040000002,12.003375720000001,1.3023644400000003,1
7901,433.8,17.672102,296.79239800000005,3.6145055999999998,3.2755282399999994,1.28895752,0
7902,170.8,29.820270799999992,49.9685384,4.29894024,7.943554559999998,1.3543502399999996,0
7903,321.64,21.284208800000002,300.99405999999993,5.7293306799999995,6.523987280000001,1.2866188000000003,0
7904,204.12,44.38688319999999,337.26834800000006,3.8050261199999995,12.439392360000001,1.3058406400000002,0
7905,76.6,28.543642,266.8062468,4.69038812,8.11206548,1.30466536,0
7906,114.52,22.027011360000003,137.79178000000002,3.5908951200000008,4.885019026759998,1.27927296,0
7907,160.72,14.465594280000003,79.2,3.9377299200000007,3.345886528,1.29069196,0
7908,125.12,33.2795284,331.992604,4.242555680000001,9.19673648,1.2775498,0
7909,200.52,35.510389599999996,315.036776,4.515136040000001,10.681058600000002,1.354042,0
7910,87.96,40.139027999999996,180.20916399999996,4.85747656,13.387336520000002,1.27441828,0
7911,25.4,22.327299200000006,217.473776,5.3718688,6.103248759999999,1.20264684,0
7912,304.4,40.228862,89.36753120000002,3.55870964,10.524454639999998,1.3025138400000003,1
7913,102.04,28.709257199999993,139.24852320000002,3.2201381599999994,6.186604040000001,1.13154724,0
7914,263.12,18.829031599999997,233.93310000000002,3.69687012,3.33263428,1.32521204,0
7915,393.64,35.459529200000006,190.80896800000002,3.6424992400000007,8.867280359999999,1.3310208399999999,1
7916,376.96,38.86693759999999,87.5692616,4.68488856,12.412480079999998,1.30257464,1
7917,68.84,12.863162920000002,267.46260400000006,7.574679920000001,3.50311596732,1.3365284,0
7918,47.32,19.849764,190.63921199999996,3.8151230799999998,4.09086776,1.1113220000000001,0
7919,379.56,37.7489748,317.985604,2.83986872,8.312387080000002,1.2992748399999998,0
7920,188.92,17.621638439999998,296.70733599999994,6.620630480000001,5.45589518728,1.336876,0
7921,247.32,35.3768196,157.524404,4.256401919999999,10.0376866,1.27481376,0
7922,318.08,46.4553404,121.81533600000003,2.9092177200000005,11.052807920000003,1.3038644000000001,0
7923,251.36,22.473214400000003,115.106634,3.2922145200000004,4.35799228,1.31865276,0
7924,231.4,43.829826399999995,210.948052,4.41569956,13.8396092,1.2767989200000003,0
7925,370.24,30.949420400000005,355.33193199999994,4.3762395199999995,8.523254399999999,1.3348514,0
7926,72.84,22.083404080000005,124.93544560000001,5.414537279999999,4.62979665164,1.3001842,0
7927,155.04,21.317829759999995,114.280792,3.61693588,4.483066744000001,1.16531308,0
7928,713.56,15.32672468,184.06095600000003,3.775878,2.8117512319999998,1.3406198,0
7929,47.64,37.317276400000004,337.49546000000004,4.375744399999999,11.052702359999998,1.3007766,0
7930,351.76,33.45501399999999,98.37256359999999,4.04943656,8.93809284,1.3357610800000002,1
7931,332.8,27.722594800000003,54.4014608,6.488565559999999,11.118051920000005,1.2823684,0
7932,774.0,28.30074280000001,41.7785896,4.793976799999999,8.160035240000001,1.3212296800000005,0
7933,101.68,17.442632679999996,182.40164399999998,4.33950852,3.6541738479999997,1.29779408,1
7934,90.56,28.5970932,91.52476659999998,5.8699375599999986,9.535393399999998,1.29077076,1
7935,64.4,21.788990399999992,200.16182400000002,3.4155762800000002,4.6157935199999995,1.1362888,0
7936,278.68,52.47837439999999,238.611228,3.9943313199999992,16.3228908,1.3595415199999998,1
7937,36.44,39.64937799999999,63.35147279999999,3.94876436,11.017505279999998,1.1310613999999999,0
7938,489.76,33.555219599999994,211.48582399999998,3.2412975999999993,7.654871999999999,1.33321028,0
7939,124.04,30.20485252,168.5802996,6.2413106,4.746764899000001,1.3159261600000003,0
7940,198.28,26.278169600000002,304.35860399999996,4.3706736799999995,6.676801800000001,1.2945427999999999,1
7941,412.84,23.7128752,333.75858000000005,4.478718160000001,6.021823080000002,1.3685585200000003,0
7942,84.88,19.6549672,217.62003528000005,5.38509236,5.4231492,1.1748755199999998,0
7943,186.2,28.14087199999999,98.01472440000002,4.120175359999999,7.07094772,1.25512044,0
7944,11.12,20.3723736,114.410792,6.530844640000001,4.857106132920001,1.09914668,0
7945,200.96,17.934184799999993,222.453016,3.9884728000000007,3.557540320000001,1.18171944,0
7946,416.84,38.411121200000004,330.454132,2.9211507600000006,8.668911759999999,1.3056311200000001,1
7947,225.48,29.303919999999998,168.6557,3.64866092,6.590119200000001,1.2997132399999998,1
7948,96.2,16.427199199999997,288.39405999999997,4.161501,3.24934736,1.2987606799999998,0
7949,384.48,44.5700624,152.985464,4.55170568,14.559496400000002,1.3655216000000001,0
7950,299.36,24.097054,312.86025320000005,5.529960160000001,7.5383868,1.2884696,0
7951,83.72,13.907700000000002,165.432608,7.216887479999998,3.476056469560001,1.30782488,0
7952,358.04,25.9799856,243.65007999999997,4.550672199999999,6.8469869600000015,1.2946990000000003,0
7953,137.0,10.690160679999996,116.761784,5.395228760000001,1.7165219999199999,1.25449768,0
7954,112.96,30.043474,221.382036,3.9789716399999993,7.44049248,1.2839903199999998,0
7955,65.8,19.4756,182.421744,4.0572794,3.7745762240000005,1.2829163599999998,0
7956,289.52,26.37363400000001,135.33742599999997,4.522308720000001,6.4877314358,1.2881912399999995,1
7957,195.8,29.05392279999999,337.49766399999993,4.85852364,8.593822039999997,1.29501596,0
7958,87.52,30.9546184,332.28054520000006,3.6092609600000003,7.29739328,1.28267948,0
7959,112.2,18.788115199999996,164.53630320000005,4.613691920000001,2.5691876380000003,1.30902556,0
7960,285.32,34.20567548000001,216.65747599999995,5.204011760000001,11.850834479999998,1.3170650799999999,1
7961,307.36,31.437413999999993,322.65239599999995,3.579203,7.531067240000001,1.3670727200000001,1
7962,410.36,29.479905879999997,228.7792996,5.706014439999999,9.2668986,1.3260264000000002,0
7963,198.92,29.137411599999997,163.022488,3.8172403999999993,6.949015319999997,1.30434652,1
7964,78.84,28.4453628,261.20880800000003,4.50289768,7.595916160000001,1.2947350800000001,0
7965,266.04,33.33780839999999,111.39621704000001,4.412031239999999,9.47769004,1.3074150000000002,1
7966,194.56,16.225914680000002,284.27083600000003,5.7656326799999995,3.1607019500800004,1.30432232,0
7967,33.56,31.45141199999999,75.64933319999999,4.42748224,8.799219359999999,1.29230748,0
7968,70.04,32.014334399999996,116.66257816,5.453593479999999,11.137529320000004,1.25442452,0
7969,495.2,35.01562599999999,37.48123408,4.178398519999999,9.69774864,1.32707012,0
7970,280.72,32.31515639999999,157.52755200000001,4.762524279999999,9.704319479999999,1.29149276,0
7971,54.08,24.757726560000002,201.67275296,5.954818599999999,8.42650488,1.2928995600000002,0
7972,267.44,42.91887199999999,301.21338,4.59259068,13.8871912,1.27802872,1
7973,140.4,38.31001439999999,239.0780400000001,3.6973547600000005,10.04445804,1.29422216,1
7974,24.88,27.944604119999997,194.091484,5.29028412,8.515254279999999,1.2903798,0
7975,376.56,21.93874879999999,328.61492400000003,6.428624440000002,7.7534696400000005,1.2856312,0
7976,164.48,25.7597796,303.58629200000007,5.81193556,8.054043279999998,1.3232961600000002,0
7977,149.48,25.871425199999997,303.09719999999993,4.4862362,6.75323124,1.35140184,1
7978,13.44,25.108626,144.56742928,7.185810400000001,4.304590908040001,1.1155483199999998,0
7979,155.4,35.0683524,118.3393888,3.68070228,8.83269264,1.3159410400000002,1
7980,298.2,24.297164800000004,100.28218287999998,4.68861108,6.48826224,1.3674795200000003,0
7981,374.04,35.543726799999995,157.67374,4.54565984,10.97392476,1.33347768,0
7982,40.24,12.297314159999996,129.276758,5.231976960000001,2.04056959756,1.0975582,0
7983,12.96,30.713087319999996,343.55277199999995,4.5199248800000005,6.5298914013600005,1.2061388800000001,0
7984,38.16,20.228585600000002,135.4634,5.35771456,6.2830045199999995,1.28837988,0
7985,211.92,26.0244604,69.5049772,5.92698028,9.0096362,1.3045120000000003,0
7986,367.0,41.59257039999999,300.37654000000003,4.55793628,13.29703464,1.3082562400000004,1
7987,28.12,33.456458399999995,178.15847199999996,3.9577160799999995,8.72000564,1.2696395600000001,0
7988,311.24,20.790274800000006,93.5999848,4.30632232,4.88550144,1.3340469600000002,0
7989,503.88,35.6366028,144.13832399999998,4.339479,10.36574304,1.33549776,1
7990,152.92,32.05361760000001,221.485196,3.933766919999999,8.16852,1.3667447599999998,1
7991,22.08,27.688482799999996,125.67725760000002,4.1536012,6.581941799999999,1.3037077199999998,0
7992,87.92,11.162896399999997,86.07479599999999,3.713341480000001,1.6757913040000003,1.2885996800000001,0
7993,21.92,19.7025076,137.2500848,3.3318525999999995,4.111434864,1.09478476,0
7994,675.2,31.084157600000005,150.515964,4.729601959999999,9.202083,1.34438708,0
7995,124.92,35.49922639999999,179.87833199999997,4.189361399999999,10.05143664,1.2942537200000002,1
7996,36.48,19.9556616,271.1601084,4.8873337600000015,5.0761638,1.0937562399999998,0
7997,268.92,26.227459879999998,317.210508,3.094474799999999,5.288162724000001,1.2846929200000003,1
7998,281.76,16.044384359999995,138.83624799999998,5.693510439999999,5.29156480576,1.32465396,0
7999,293.0,34.1185836,136.255852,3.905209479999999,8.800896079999998,1.35445936,0
8000,91.44,36.61175319999999,152.16044,3.737482919999999,9.486189439999999,1.31267212,0
8001,277.48,21.488605599999996,189.23820800000001,6.656454800000001,4.740293682719999,1.2880821999999998,0
8002,218.0,22.325039599999997,146.31836400000006,4.683826880000002,5.671379399999999,1.30915272,0
8003,400.2,28.17270359999999,55.38420479999998,3.37040932,6.237291160000001,1.36904992,0
8004,121.4,36.12931732,161.76803599999997,4.530263000000001,8.165666699200003,1.31424004,0
8005,84.36,19.379368399999993,252.89323000000005,3.5287769200000008,3.7906616399999997,1.14010984,0
8006,134.24,18.97088387999999,248.19539600000004,4.65643312,4.471816371999999,1.2940946400000002,0
8007,86.36,28.447068399999992,269.65494,4.0895288800000005,7.219165519999999,1.3662218400000001,1
8008,346.56,34.975414399999984,157.162668,3.8676980000000003,9.132111040000003,1.29441744,0
8009,342.16,32.4134036,323.29482800000005,4.484372240000001,8.916204160000001,1.29436144,0
8010,45.12,25.871296400000002,64.33097239999998,6.4188078,9.902099999999999,1.2230171599999997,0
8011,77.52,19.073670159999995,137.9560928,4.3133279600000005,4.06641788,1.2917187200000004,0
8012,163.08,28.66320616000001,296.06920799999995,3.211835,6.325061564000001,1.3061214,1
8013,364.52,11.541926039999998,229.21021200000004,3.6273264000000007,1.962296232,1.2859337199999998,0
8014,153.72,27.567019600000002,201.28942000000004,4.55748596,7.534003480000001,1.3297650800000003,0
8015,95.4,22.732145600000003,302.417108,5.74447388,7.0984306,1.35745456,1
8016,266.88,26.879662,156.83105199999997,5.70085008,9.67673228,1.3184217600000003,1
8017,151.08,23.147866559999994,206.39910399999997,4.784416,6.320654564,1.2862685200000001,0
8018,63.04,23.940615320000003,207.078184,3.1612149199999995,4.853753676999999,1.3056641199999997,1
8019,263.8,33.9811568,237.853448,4.87576228,10.661424480000003,1.31179552,0
8020,428.76,12.428775159999997,268.15979600000003,5.102318400000001,2.5260573625199996,1.30619524,0
8021,196.8,41.666462,66.72881040000001,3.49895908,10.660897480000001,1.3632161600000001,1
8022,89.72,22.111408399999995,190.37728800000002,4.83873732,5.84636504,1.18500592,0
8023,297.16,33.068205199999994,267.83871311999997,4.291278559999999,9.223010599999999,1.3057801999999998,1
8024,468.72,60.89423200000002,259.124116,3.4537485199999987,17.4909164,1.31556304,0
8025,248.84,25.3188224,179.29930399999995,5.293574720000001,7.63620628,1.3154105199999997,0
8026,457.84,47.0805436,168.78089200000002,4.0720089999999995,14.248045600000001,1.3108639199999998,1
8027,262.4,32.15054239999999,41.7850256,4.540678400000001,9.32612176,1.3056871599999997,0
8028,57.56,19.416345479999997,133.79206199999996,4.59156556,4.730394283999999,1.2831388400000001,0
8029,695.16,28.291769999999993,122.86698568,6.09738076,10.60244228,1.3434313199999999,0
8030,88.64,33.846785999999994,101.03168440000002,4.728367359999999,10.468276520000002,1.31207156,1
8031,222.0,29.655419879999997,81.33999047999998,3.7983119999999997,7.341780435999999,1.33714608,0
8032,100.6,36.258511999999996,54.668045199999995,5.15162324,12.477636359999998,1.16907352,0
8033,81.44,21.462608799999998,61.0473704,3.9982595200000004,4.69667468,1.35086672,0
8034,356.56,35.99420239999999,288.90922399999994,3.6365199599999998,9.08606744,1.3618144800000003,1
8035,10.72,22.82055024,140.39111880000002,4.18168872,3.1148216297599993,1.2028006,0
8036,270.04,34.6421584,131.732776,3.8226689199999995,8.934498159999999,1.3591359600000001,1
8037,304.28,36.132284399999996,155.01566400000002,4.9603746,12.109650960000002,1.3007311999999995,1
8038,157.76,32.53229988,271.163624,5.287855719999999,10.9273206,1.31382632,0
8039,190.6,31.81219732,82.83096599999999,5.495756879999999,9.02794168,1.3350539999999997,0
8040,438.96,21.054541359999995,201.662748,3.269248600000001,4.037970048,1.29317472,0
8041,28.76,19.426223599999997,170.37165199999998,4.526977640000001,3.8846466399999997,1.24499536,0
8042,96.2,22.3754604,134.79750079999997,4.0767266,5.147977351999999,1.31289128,0
8043,408.8,41.268370000000004,206.83121771999998,4.43940244,12.821538280000004,1.3690367599999995,0
8044,39.72,23.63325892,161.427642,3.0924775599999994,4.414670508000001,1.2319273999999998,0
8045,405.52,29.531107599999995,321.196276,4.239686079999999,7.761500880000001,1.3292128399999998,0
8046,167.08,20.898063599999997,223.625692,3.7072365200000004,4.283538399999999,1.2928839599999997,0
8047,59.52,22.443028119999997,275.223878,6.788126439999998,6.75962909032,1.35425128,0
8048,281.12,28.318295600000003,324.04936000000004,3.6253808399999996,6.48650052,1.28575168,0
8049,264.32,30.54932159999999,186.394468,3.092914560000001,6.474923,1.28036136,0
8050,191.16,35.06122439999999,200.54240400000003,3.7120435200000004,8.744612519999999,1.3039484799999996,0
8051,265.28,39.76250480000001,288.62556799999993,3.02429516,9.220432719999998,1.2753772,0
8052,289.4,17.836288959999994,265.524896,6.181140039999999,5.206654080000001,1.29862496,0
8053,238.28,36.6322208,307.86596155999996,4.554683279999999,10.99514176,1.31310316,1
8054,83.96,28.6541808,334.43106800000004,6.35455024,11.47369476,1.33264116,0
8055,340.72,33.9249264,138.880896,3.4485342400000003,8.079923799999998,1.30716172,1
8056,176.24,33.58427948,186.59784000000002,3.867413640000001,8.3538508,1.2921798000000002,1
8057,63.4,11.648483479999998,283.575632,4.5535872400000015,2.0558712945999997,1.3427173599999997,0
8058,139.08,35.967187599999995,160.49730368000002,6.2917604800000015,15.280352240000004,1.2964970799999997,1
8059,291.88,32.220335199999994,335.197904,3.6740970000000006,7.861798359999999,1.3435822800000004,1
8060,49.68,31.36892999999999,108.8593208,4.79270968,9.48303324,1.1028203599999997,0
8061,92.6,26.0583772,295.18627840000005,4.353269640000001,6.512936880000001,1.3508410400000002,0
8062,44.8,28.1457036,170.938336,5.4327796799999994,9.15992468,1.31351232,1
8063,146.92,31.423616800000005,149.170396,5.0240523600000015,9.591087879999998,1.29696012,1
8064,207.08,19.590206399999992,295.645228,3.76333028,4.07895028,1.3226331999999998,0
8065,119.48,21.635988800000003,274.527938,5.94739684,8.569540360000001,1.3244939999999996,0
8066,170.84,39.479952399999995,220.19132399999998,3.0010301600000004,8.5920118,1.29984876,0
8067,219.88,34.75467599999998,71.7295684,3.2299469600000004,7.922157599999999,1.33241728,0
8068,280.72,26.623965199999994,67.6982048,3.8521882399999994,6.264555159999998,1.1401610399999997,0
8069,463.64,33.5785644,172.45361999999997,4.00337276,8.8344242,1.3089985999999998,0
8070,24.04,36.856915599999994,59.103857999999974,4.17164696,10.417872440000002,1.2798164000000003,1
8071,55.0,23.246224680000008,296.86636,3.59447536,4.865219811999999,1.3172239200000002,0
8072,193.04,21.886306639999997,202.84199200000003,6.7739100400000005,6.999210070320001,1.3085407599999999,0
8073,270.56,29.896243599999995,338.48856799999993,3.2631164,6.508653639999998,1.3518796400000002,1
8074,113.84,17.9568272,113.95186520000001,6.46466568,6.4444140800000005,1.3408485600000004,0
8075,589.04,38.7473428,100.65099400000003,4.272363880000001,11.439458639999998,1.3236333999999998,0
8076,135.8,24.436474799999992,186.641992,4.410009080000001,6.145161720000001,1.11933408,0
8077,130.56,23.953478119999996,55.408971199999996,4.892852800000001,6.5595868799999995,1.3403628,0
8078,258.04,11.873290280000003,87.58979520000001,7.8681258000000005,1.3241078016800003,1.32677056,0
8079,97.84,26.306587200000003,179.30239600000002,4.835009160000001,6.706243166560001,1.2435349199999999,0
8080,447.76,18.385553479999995,163.07756799999999,3.19896772,3.2463952120000004,1.32468668,0
8081,92.36,31.310774000000006,215.20481600000002,3.48708852,7.391946439999999,1.3593738400000002,1
8082,193.16,40.0776988,283.21295200000003,3.4011332400000005,10.070883199999999,1.2766519600000001,0
8083,129.92,32.7752972,138.99833296,3.6360365200000007,7.891290840000003,1.28131796,0
8084,319.56,21.211231199999997,258.60470799999996,4.59591448,4.405494318000001,1.3060064000000002,0
8085,202.56,27.903885999999993,328.5420679999999,3.2916371200000003,6.0602278,1.3335712000000002,1
8086,226.28,31.129942799999995,52.152133599999985,4.91575384,9.551316759999999,1.3043291199999998,0
8087,192.12,31.0562308,135.59113600000003,3.9225436800000018,7.715656560000002,1.2771606000000002,0
8088,124.4,32.84294800000001,94.0402648,4.0120451599999996,8.654287360000003,1.26394976,0
8089,290.08,20.221838799999993,210.62864399999998,3.9964078000000005,4.329414079999999,1.2872907999999998,0
8090,183.92,32.23916839999999,332.27836399999995,3.31269956,7.422171959999998,1.3075938,1
8091,255.92,26.035122279999996,242.31337999999997,5.79122524,8.506901,1.2809265599999997,0
8092,295.4,30.477539199999992,135.422756,3.95614208,7.822792359999999,1.3064736,0
8093,406.48,31.408342400000002,83.89039279999999,4.196043359999999,8.36899896,1.3543379199999999,0
8094,586.84,23.9177,264.07586,4.674376400000001,6.355285,1.3514867199999998,0
8095,186.64,24.733300399999994,220.10910000000004,3.8016168400000003,5.507185240000001,1.1098176,0
8096,237.96,31.821418400000002,232.103848,4.049069960000001,8.05434988,1.3246798000000002,0
8097,488.56,17.326497879999998,93.83428599999998,6.24488924,5.305868360000001,1.3220220799999995,0
8098,388.52,20.3845088,316.91563800000006,4.079323759999999,4.4184086,1.35116556,0
8099,674.36,31.242661599999987,337.83768799999996,3.94814744,7.675733920000002,1.3393062800000002,0
8100,341.8,25.076639599999993,130.5832336,4.37331716,6.318901479999999,1.3272897200000002,0
8101,118.28,32.8148448,108.17826480000002,5.0454127600000005,11.09484684,1.3356448,0
8102,325.6,36.541251599999995,100.3369268,3.1515163999999998,8.43152216,1.32889104,0
8103,234.92,27.179018399999997,284.6481240000001,6.182063759999998,10.188533600000001,1.3153763200000004,0
8104,55.56,26.209896399999998,312.20429199999995,5.3011634800000005,8.014121480000002,1.338878,0
8105,112.2,25.5376296,268.1664,5.795667399999998,8.911642359999998,1.3430233600000003,0
8106,113.64,24.905640799999997,329.989924,4.93516632,7.0369944,1.2420533599999999,0
8107,402.8,29.932168799999996,88.04575039999997,4.524165999999999,8.39797868,1.3672906799999998,0
8108,585.08,40.981486,296.538356,4.32484484,12.88150912,1.34518392,1
8109,233.32,17.03683576,85.7897972,4.244991720000002,3.6857810400000006,1.33263176,0
8110,446.36,32.9755096,128.11610744,5.962856199999999,13.835544520000003,1.3705067199999998,0
8111,486.92,37.65558039999999,227.83518799999993,4.82094864,12.46890452,1.3425052400000004,0
8112,285.04,21.750122,68.71365199999998,6.2059368799999985,7.370110319999998,1.30706784,0
8113,58.52,18.144630919999994,117.4945512,3.3341652000000006,3.0853699160000008,1.33925852,0
8114,48.28,31.6573156,159.10722080000002,5.2254776000000005,10.654116879999997,1.2865438800000002,0
8115,44.76,21.894698400000003,270.57061600000003,5.207454760000001,6.138316119999998,1.2414539200000003,0
8116,119.44,25.495840799999996,99.01390328,4.07873,6.15097152,1.1013512399999998,0
8117,401.84,37.83181439999999,87.4081984,4.56082056,11.6293892,1.3274950799999996,1
8118,496.68,27.038938399999996,171.07793199999998,4.63583064,7.44586104,1.3209497199999998,0
8119,27.28,25.497670120000006,102.05410279999998,4.16927044,5.359758210079999,1.3160151199999999,0
8120,156.04,41.8558832,78.4851952,4.22957428,12.185962199999999,1.2964759599999995,1
8121,283.88,24.4083288,107.065376,3.96188916,5.577026879999998,1.2773836399999998,0
8122,218.8,34.29327800000001,248.61180008000002,3.7129523999999994,6.909802728000002,1.30302128,0
8123,160.12,28.344640400000007,318.563984,4.147903039999999,7.208284880000001,1.1067014399999997,0
8124,128.68,22.3587128,251.863388,6.980892759999998,9.05299308,1.2556584800000001,0
8125,298.44,28.233155999999997,169.7343,5.665864719999999,9.412040400000002,1.30662932,0
8126,200.24,25.465258,78.12708239999999,4.24957192,6.035473479999999,1.31940464,0
8127,53.56,26.291612519999997,214.68086639999999,3.7717490399999996,5.83329242624,1.2886970000000002,0
8128,87.28,29.93761519999998,287.1323280000001,5.545814,10.434488159999999,1.2882143199999998,0
8129,406.0,32.516486799999996,232.12376800000004,3.8053485600000005,8.15641052,1.31912048,1
8130,250.12,35.93674800000001,96.5866072,3.91683156,9.586058719999999,1.3674327199999996,0
8131,199.24,23.586964000000002,110.2439156,4.5525611999999995,5.996475320000001,1.3381430799999998,1
8132,126.16,21.430927199999996,185.452308,4.706961840000001,5.31788332,1.29749964,0
8133,644.28,28.961671199999998,240.24278000000007,5.753316760000001,10.28653456,1.35884768,0
8134,502.96,32.145493999999985,276.745408,5.29643408,10.81551532,1.3371937600000001,0
8135,171.24,29.473064399999995,125.01221400000003,4.784918719999999,8.60837892,1.3530191200000001,0
8136,86.16,26.7363248,72.00699488,6.16387744,9.225183754360001,1.34975032,1
8137,314.88,28.4785288,133.8032528,3.7857747599999994,6.762855119999999,1.36812712,1
8138,387.6,34.3242188,302.92282152,5.96174856,14.758102599999999,1.315094,0
8139,111.96,22.585899200000007,259.584584,5.1458394400000005,6.302488400000002,1.3028538,0
8140,409.96,32.349301600000004,157.89869199999998,3.7523041200000007,8.0247782,1.32725012,1
8141,707.76,23.909437599999997,338.55386400000003,4.009378640000001,5.4871481599999985,1.3462252799999996,0
8142,263.56,21.437094279999997,155.93663600000002,6.01262992,6.75145848,1.3583163600000001,0
8143,312.2,23.978820399999996,25.982011200000002,3.7394325999999993,5.197470320000001,1.2758102799999997,0
8144,295.96,40.317062400000005,276.41128,4.146594439999999,11.724678840000001,1.3640462799999997,0
8145,331.48,38.90792759999999,94.08618400000002,5.27089072,14.162155279999997,1.3533556000000002,0
8146,473.92,29.9747928,227.72493999999992,3.4887122799999997,6.814580599999998,1.3199197200000001,0
8147,249.84,24.0173752,319.9381612000001,3.769008359999999,5.260241519999999,1.21205096,0
8148,70.32,27.347071999999997,94.03164720000002,4.33425248,7.08813856,1.3286879600000001,0
8149,247.28,40.1271476,258.9565846,5.896286600000001,16.205669480000005,1.29727012,0
8150,396.24,27.345379200000004,150.55015600000002,5.95594856,9.699799239999999,1.32526132,0
8151,78.92,30.804886,131.23259600000003,4.3564514800000005,8.355997400000001,1.3065128000000004,1
8152,280.28,32.095188400000005,153.1714968,4.9288796800000005,10.34859904,1.32704552,1
8153,14.92,30.197756799999997,84.784396,4.149478279999999,7.695021479999999,1.28529428,0
8154,612.96,35.4488896,310.93352000000004,5.403248280000001,12.809752240000002,1.3500548,0
8155,368.88,31.657542679999995,101.34391495999998,5.595190280000001,10.56989724,1.32720528,1
8156,505.84,42.087943599999996,148.83064399999998,3.78924252,11.46285812,1.3097168,0
8157,416.8,41.8913912,320.53346339999996,4.02413624,12.123688720000002,1.3145159999999998,0
8158,478.28,10.39310628,107.67479200000001,6.3568606,2.20594790392,1.3690415200000001,0
8159,175.6,27.269743599999998,206.55147200000002,4.5115266400000005,7.17020944,1.3380498400000003,1
8160,269.72,35.73006839999999,200.70016991999998,4.47974868,10.586531399999998,1.295134,1
8161,19.28,38.82463879999999,123.79273200000002,4.965220520000001,13.180395,1.17369556,1
8162,260.4,19.165024960000004,174.88773999999998,3.5238890400000003,3.668690524,1.2877931199999997,0
8163,124.44,33.8754844,87.7066888,5.323087879999999,11.49209868,1.27709076,0
8164,362.76,32.8266556,208.06147999999993,2.7495517199999995,6.72232024,1.3059734400000003,1
8165,218.72,18.962712680000003,110.7364952,6.285908199999999,6.3526212399999995,1.27910332,1
8166,183.36,21.20620316,104.76441999999999,5.39569684,5.61708093316,1.29282152,1
8167,274.8,22.884134399999997,156.608564,5.83853944,7.51432276,1.3189813999999997,0
8168,168.32,50.648658000000005,275.21365600000007,3.3881523600000003,13.7121536,1.2952987999999996,1
8169,147.28,40.687525599999994,170.46642,3.53442192,10.511221319999999,1.3002125999999998,0
8170,154.76,40.843114799999995,170.61013200000002,4.17168164,11.93942484,1.27122616,1
8171,102.92,28.75695547999999,141.55794200000003,5.15722668,9.998739716,1.3077466800000002,0
8172,403.04,28.174058799999994,296.091764,4.001431520000001,6.920044519999999,1.3185036000000003,1
8173,129.48,26.132065880000006,222.85504000000003,3.5677705999999993,5.574357319999998,1.12215876,0
8174,418.96,21.10757119999999,305.302808,4.969509640000001,5.4884834399999995,1.2840424799999999,0
8175,234.04,36.2072688,220.224964,3.3765957599999994,8.69194272,1.27946928,0
8176,62.6,31.762568799999993,308.83661600000005,4.75932908,9.518938959999998,1.1238866,0
8177,243.64,23.0032488,236.75397559999993,2.9542256799999995,4.269333479999999,1.3003247600000003,1
8178,664.4,33.24194599999999,30.383522399999997,4.7921648,10.23991088,1.3220083200000001,0
8179,124.2,30.98386079999999,54.370916399999984,4.09379232,8.064167399999997,1.26311988,0
8180,137.04,28.676717599999996,120.41639600000002,4.83092692,8.247898200000002,1.2757048,0
8181,43.6,14.902705599999997,108.52630039999998,4.73132208,3.2054052920799996,1.3444646,0
8182,225.76,24.58107560000001,75.96688568,5.716272439999999,8.025664079999999,1.289976,0
8183,227.28,34.56961599999999,245.20062000000001,5.088869719999999,11.494075040000002,1.36065496,0
8184,9.72,21.532183640000003,186.60850088000007,4.78267172,3.3093332356400005,1.3094361600000002,0
8185,68.68,30.488891600000002,315.11094,4.09783188,8.014098760000001,1.110768,0
8186,74.64,32.2549164,325.14185999999995,3.7190970400000007,7.792519079999997,1.3503204400000002,1
8187,361.72,19.326616960000003,171.231236,3.963046919999999,3.844451923399999,1.36830748,0
8188,38.56,27.431484399999995,225.17645599999997,4.93923128,8.023802159999999,1.2862639200000003,1
8189,167.56,29.829052399999995,228.824272,4.151441320000001,7.755607879999999,1.2835864000000001,0
8190,144.68,30.939315599999997,341.0353799999999,4.9213952800000005,9.4935182,1.3415663999999998,0
8191,101.0,27.479314400000003,331.021272,5.93347492,9.493086999999997,1.31689932,0
8192,513.4,39.36597679999999,228.15745055999997,5.647432159999999,15.35406408,1.3705948799999998,0
8193,166.36,34.78650400000001,344.36332000000004,4.45426092,10.232516600000002,1.28596192,0
8194,222.52,33.178133599999995,165.95392800000002,4.4088368,9.328240119999998,1.3163849999999997,1
8195,188.72,24.278326240000005,223.64273999999995,5.614621120000001,7.52017358796,1.30302912,0
8196,86.56,18.086144799999996,169.10909200000003,4.65330872,4.18389628,1.3071342000000004,0
8197,678.96,45.92598640000001,164.25426800000002,3.1102559200000006,11.379580960000004,1.3204112400000003,0
8198,42.64,17.091057599999996,289.09124799999995,4.66771252,3.85066928,1.3573702799999998,0
8199,199.08,31.301593199999992,281.00118103999995,5.40264476,12.22622276,1.28538808,0
8200,370.16,40.6883948,187.69904,3.991505599999999,11.49940756,1.315387,1
8201,60.68,28.587800760000004,105.632584,5.80941992,6.90071961972,1.26100288,0
8202,303.72,47.0498212,330.08474915999994,4.27708908,14.862047199999997,1.3316501600000001,0
8203,241.36,25.287640399999997,155.17363200000003,4.4809307999999985,6.481729600000002,1.3175110799999998,0
8204,332.12,41.537486799999996,237.63813600000006,3.6953866399999997,11.19546132,1.3075044000000002,1
8205,242.2,19.16916588,170.67480000000003,3.9684057600000004,4.021298000000001,1.2988171999999998,0
8206,149.04,28.812259600000008,297.446188,4.2742802,7.532812639999998,1.3111814800000001,1
8207,222.24,31.918035999999987,112.67167160000001,5.984235359999999,12.565362760000003,1.278498,0
8208,163.36,35.75841919999999,282.69396000000006,4.3339954,10.36647412,1.3120462800000001,1
8209,207.96,19.233126,265.3574919999999,3.7942809999999985,3.6069727199999995,1.3291199599999999,0
8210,174.16,21.555439199999995,43.000643999999994,4.64125428,5.380722479999999,1.33510628,0
8211,147.08,13.201712519999996,87.83459479999999,6.08094656,3.1113213098,1.13392636,0
8212,31.84,28.58106359999999,256.63708799999995,5.4728705600000005,9.447451479999998,1.2990208,0
8213,369.88,37.98744159999999,206.844028,4.6247605599999995,12.08182584,1.3633593999999996,0
8214,35.96,30.302437599999994,297.32437928,4.25174664,8.09022696,1.3322914,0
8215,180.8,26.1836908,231.8984440000001,3.89389704,6.257647199999997,1.2845166400000003,1
8216,140.2,32.642112399999995,222.84633200000005,3.4359881200000006,7.5664394,1.2890072399999997,0
8217,182.8,23.8805928,141.746188,3.904341800000001,5.417188320000001,1.1680501200000002,0
8218,61.04,24.05051008,165.4193764,6.289673280000001,5.301031088759999,1.3408852000000002,0
8219,336.2,25.25238,33.6707224,3.6607484400000008,5.58672068,1.3679089600000003,1
8220,194.96,20.39985188,250.11160799999993,5.5695149200000005,6.083774,1.3601113999999999,0
8221,167.52,26.277206399999997,199.08074,5.09954004,7.84731036,1.3604497599999998,1
8222,603.04,35.43276399999999,265.12349599999993,5.999134480000001,14.289496000000002,1.36198912,0
8223,203.48,39.3783468,152.78340799999998,3.7249955999999997,10.4023666,1.29523116,1
8224,90.88,34.29485319999999,200.65021651999996,5.853387559999999,13.292452560000001,1.2912408400000002,1
8225,81.72,34.33706159999999,60.2054792,4.05970764,8.95479312,1.31748196,0
8226,202.6,26.902599199999994,299.62907199999995,6.11998208,10.237663719999999,1.2855522,0
8227,378.24,28.8233764,246.723628,3.3663244,6.334897840000001,1.31134052,0
8228,310.92,26.004014400000003,253.05023200000002,5.49048948,8.72049504,1.3105194400000002,0
8229,382.12,38.8868372,286.96397999999994,2.99638756,8.973044399999997,1.3622247200000002,0
8230,810.08,18.305323599999998,97.5855,3.689380559999999,3.4953605999999997,1.3206267200000001,0
8231,361.12,33.8185544,232.36135200000004,4.1241236,9.21181056,1.3587532000000002,0
8232,342.52,34.35864039999999,191.42247600000002,4.216582079999999,9.58273388,1.2998306400000001,1
8233,281.76,20.210122799999994,74.9583976,3.6932282000000005,4.0668913600000005,1.1404791600000004,0
8234,259.0,38.6161612,297.29039600000004,4.69257384,12.287038400000002,1.29747804,1
8235,196.72,17.10561696,173.034292,4.611601599999999,3.6525817644399994,1.3154831200000001,0
8236,271.12,37.20162439999999,287.43267599999996,3.4125287999999996,8.81495672,1.3084787999999998,1
8237,88.68,20.705249079999998,324.119576,4.3919760000000005,4.8850323200000005,1.3567678799999998,0
8238,294.72,25.8988236,61.338219599999995,3.1192530399999985,5.27289672,1.33527752,0
8239,313.8,21.202367999999996,256.2675088,4.610820599999999,4.7524446000000005,1.3339456,0
8240,58.2,12.963850359999997,94.74959400000002,5.2073052,2.4091622151599994,1.29218684,0
8241,159.4,28.157683599999988,80.16665079999999,4.526901720000001,7.452845880000002,1.2789692000000001,0
8242,160.12,34.249922399999996,293.624596,4.093780560000001,9.288999560000002,1.31373048,0
8243,19.44,14.654030999999998,259.06534,5.6943603199999995,2.48615528844,1.3270408800000002,0
8244,339.48,36.9136332,69.33137632,4.05522828,10.245047360000001,1.3672700800000002,1
8245,241.24,33.8319512,172.02758416,4.56578056,10.038383560000002,1.3677141599999998,1
8246,56.24,13.480261399999996,205.88101199999997,4.910700680000001,2.7426125937200005,1.29552852,0
8247,215.48,29.601266400000004,330.2440640000001,5.31219472,9.605277399999997,1.31290168,1
8248,22.24,24.704746800000002,225.43425599999995,6.797009159999999,9.7223076,1.29195172,0
8249,250.44,29.101599599999997,163.48389792,4.99152428,8.80818748,1.33091952,1
8250,102.92,11.673035679999998,57.9011732,6.0682492,2.8061397109999997,1.3069490000000001,0
8251,120.96,17.78616352,154.18594,10.61351788,0.5297799696799999,1.31536084,0
8252,143.12,34.283459480000005,222.361584,2.7699150399999994,7.173083600000002,1.3015855200000002,1
8253,249.6,30.052813199999996,240.85058800000002,3.1917302799999994,6.426789560000002,1.3119605200000002,0
8254,159.64,32.29112239999999,60.37095248,5.11861448,10.414850320000001,1.3541635200000002,1
8255,289.24,27.0450616,278.643392,3.32585228,5.7341605200000005,1.30440412,1
8256,128.8,14.640126279999997,121.70280000000001,4.232215640000001,2.837383280000001,1.28472104,0
8257,151.44,19.906226240000002,145.33611599999998,5.146275800000001,5.11642777772,1.2778076399999998,0
8258,345.04,32.814808799999994,147.717672,4.17484128,8.779207199999998,1.2812202,0
8259,145.52,15.936037919999999,299.85576799999996,6.3212550799999985,5.06138322128,1.1134383599999997,0
8260,226.2,24.156005600000004,88.4472696,5.420758640000002,7.327484399999999,1.3014554800000002,1
8261,145.12,24.083113199999993,318.9491856000001,5.78103976,8.283629480000002,1.35650532,0
8262,58.08,23.0562408,256.157048,6.366491119999998,8.438794480000002,1.2914506000000001,0
8263,275.16,27.544114,126.74179367999999,5.2537492399999985,8.31166236,1.3076664399999998,1
8264,135.8,24.8498456,232.448832,5.5654164,7.86544104,1.3082223599999998,0
8265,258.96,31.747881599999992,191.35541200000006,3.8097979999999994,7.914621800000001,1.28454864,1
8266,147.92,23.8177916,235.88367400000004,5.38755488,6.7175172399999985,1.19419876,0
8267,149.16,40.605274,18.793849120000004,4.160231360000001,11.89737996,1.2848034000000002,0
8268,123.72,38.9322048,169.561196,6.2867333200000015,11.707514920480001,1.31365132,0
8269,125.72,41.82080760000001,182.072396,3.9892149199999993,11.8942564,1.2744834399999998,0
8270,260.44,34.40720079999999,55.1150164,3.8552527199999997,8.935476,1.3047134799999998,1
8271,367.72,23.306849839999995,121.07981079999999,4.164515680000001,5.511922127199998,1.2824267999999999,0
8272,47.04,37.8394612,261.14602399999995,2.7070413999999996,8.09169848,1.2932624400000003,0
8273,313.56,28.528651599999993,92.45034040000002,4.85766936,8.41619316,1.3085406,0
8274,191.0,28.8455796,112.67021760000002,3.66130732,6.7485656800000005,1.3187318399999999,1
8275,395.2,22.240907999999994,144.65506127999998,5.9031564,6.241423414480002,1.32970396,0
8276,73.8,20.9341212,273.994048,6.255926719999999,7.151261720000001,1.27545272,0
8277,446.2,35.17334999999999,290.803112,3.5150292799999994,8.602117280000002,1.30796712,0
8278,442.12,14.172493599999997,265.744084,3.320856279999999,2.760724528,1.3145963199999997,0
8279,418.64,21.2806324,122.25176880000002,5.490280400000001,6.284594480000002,1.2860852,0
8280,171.68,25.431905999999998,275.86490399999997,3.4182182800000005,5.205477999999999,1.29407888,0
8281,316.28,33.274025200000004,325.490928,3.82353868,8.53402664,1.30128884,1
8282,62.28,28.562345199999996,150.57520951999996,4.557215439999999,7.9295047599999995,1.1755029600000002,0
8283,278.0,17.275030799999996,144.83398,6.126395159999999,5.2532723599999995,1.3186031200000006,0
8284,394.72,36.105265599999996,154.21302400000002,5.87832792,14.318376840000006,1.3303186399999998,1
8285,156.4,29.3933416,122.85117840000001,3.4676515199999995,6.60933852,1.30635064,1
8286,41.2,23.344859879999998,252.317612,3.95965504,5.199619044000001,1.2831340799999997,0
8287,32.56,30.1963136,121.01569124000001,5.489483919999999,10.406114599999999,1.24414672,0
8288,33.92,36.5036924,89.20918096000001,5.1628042,12.550803840000004,1.2931747600000003,1
8289,72.56,38.90210399999999,69.13915560000001,3.6463531599999994,10.13225808,1.3177348000000004,1
8290,223.52,22.6189984,147.55719448000002,6.48213556,8.30505032,1.33231568,0
8291,479.44,29.0464956,281.61756919999993,6.631562520000001,12.882877760000001,1.3539393600000003,0
8292,225.88,23.254382,172.17410759999999,5.4476634,7.00897996,1.28914804,0
8293,321.64,30.062366919999995,218.31091295999994,4.923288,8.982678439999999,1.3575235600000002,0
8294,237.84,16.306182800000002,88.67249199999998,4.7186265999999994,3.63671268,1.3368045999999996,0
8295,103.68,29.586565720000003,51.252855600000004,4.95628144,8.03583684,1.2977436799999997,1
8296,44.4,22.333581999999996,217.25863599999997,4.1097445200000005,5.08153524,1.2728140400000003,0
8297,257.72,32.082313199999994,325.10171199999996,3.72120264,7.987091120000001,1.3077590399999999,1
8298,259.28,34.7187772,290.80896040000005,4.491343800000001,10.562882359999998,1.29572616,1
8299,184.2,34.50092679999999,288.037184,4.4060130399999995,9.999299480000001,1.3387774000000001,0
8300,114.88,29.347858399999996,216.13465599999995,3.79998228,7.03863364,1.3664468399999998,1
8301,262.44,23.807482399999998,258.41386800000004,3.6773722800000006,5.089136,1.32439112,0
8302,252.52,31.786972400000003,120.05364279999999,6.619772960000001,13.73532452,1.29899768,0
8303,221.0,18.60854624,311.21054000000004,6.739081000000001,6.490709153559999,1.2897158,0
8304,332.04,10.53938044,77.6849988,6.948459840000001,3.1425666628799998,1.3133686,0
8305,102.76,13.892790479999999,67.11269279999999,5.772157119999999,2.8653762840800003,1.29102504,0
8306,170.16,25.318811999999998,314.4926760000001,5.3531412,7.7654613600000015,1.13604648,0
8307,195.56,37.25373279999999,209.779032,3.5550577199999993,9.40401104,1.33699064,0
8308,227.52,18.002493839999993,93.10447119999999,7.095231359999998,6.10368819976,1.3123956800000003,0
8309,34.2,31.151791999999997,121.72494400000001,4.846403199999999,9.62461304,1.288872,0
8310,217.8,26.2688472,94.13485840000001,4.893346159999999,7.429938159999999,1.29211632,0
8311,284.56,29.898448,222.05040799999998,4.124208760000001,8.100684039999999,1.3473324000000002,1
8312,369.4,39.691905999999996,288.7998319999999,3.3084194,9.69834764,1.27904888,1
8313,51.64,15.287990159999998,150.057008,4.17583824,2.725478137,1.3224045999999998,0
8314,178.4,28.410632399999994,307.2048916,4.49556076,7.774720080000001,1.2669902400000002,0
8315,368.56,39.04257119999999,199.39112,3.8152274,10.539150000000001,1.3093216799999998,1
8316,301.36,36.205148799999996,124.36908880000001,3.0169552799999995,8.13910228,1.30334816,1
8317,454.08,46.4476916,31.7232184,2.6852916000000007,10.669196640000001,1.3685110399999993,0
8318,229.92,31.166757199999992,271.607452,4.814071080000001,9.39316448,1.293973,1
8319,207.64,35.53924039999999,242.372668,3.9351799200000013,9.360212919999999,1.2973260400000002,1
8320,54.6,31.435147199999996,97.7557144,5.222029160000001,10.29585476,1.29208272,0
8321,241.92,45.38776480000001,268.82003112,2.9298589199999996,10.83227664,1.2918722399999998,0
8322,297.68,33.0087252,215.99012000000005,3.33008892,7.634029760000001,1.30474784,1
8323,36.76,19.2158276,140.028,3.2908703999999993,4.0050181799999995,1.2776121599999999,0
8324,137.2,28.029441199999994,188.06005600000003,4.10939012,7.0467448,1.3595203200000001,1
8325,33.36,25.855135600000004,98.916238,4.357484520000001,5.813875483999999,1.3549624800000002,0
8326,64.48,21.8787596,320.11254399999996,5.45528904,6.365092360000001,1.3318242800000002,0
8327,206.2,38.60365040000001,281.76644799999997,3.5218549599999993,9.81196616,1.27562972,1
8328,178.8,21.112259999999996,152.73211999999998,3.5934783200000004,3.797048276000001,1.34819088,1
8329,144.56,25.350473599999997,163.469412,4.221744,6.2948942,1.2654033999999998,0
8330,101.96,30.768946800000002,231.93674799999994,4.19627724,8.168610200000002,1.3436682400000002,1
8331,312.68,40.703526399999994,320.7928120000001,4.09164216,11.82614008,1.3304449600000001,0
8332,28.04,24.589668679999996,269.063504,5.642995000000001,7.599086,1.24227052,0
8333,340.0,37.0987068,109.87878959999996,3.4649296000000005,9.12142604,1.3379776400000003,0
8334,116.72,28.267828400000003,276.742012,4.08390544,7.09390596,1.35151404,1
8335,375.52,31.344980799999995,115.167076,3.93610904,8.01963708,1.33498464,1
8336,172.28,30.539721999999998,192.87663519999995,4.5539796799999985,8.63733472,1.3377014,0
8337,87.68,15.875399599999998,152.031852,6.325416359999999,3.9649549521199994,1.3013152,0
8338,258.84,31.6619664,124.31771599999998,4.16182036,8.439153920000003,1.3522668800000002,0
8339,110.76,28.349396799999994,311.766724,4.907580440000001,8.285649999999999,1.3647982,0
8340,233.56,25.84750800000001,236.882864,4.53731488,6.8272382400000025,1.32342316,0
8341,284.24,21.102254799999997,312.41711,3.9383766399999987,4.534078759999999,1.29009792,1
8342,53.76,18.11401892,168.774868,5.234837679999999,4.55582427908,1.33001448,0
8343,214.64,32.011488,155.117088,5.118676240000001,10.31921892,1.3635556,0
8344,176.24,47.15582680000001,154.00893200000002,4.07563448,14.289316800000002,1.2732008799999999,0
8345,186.92,16.7113552,133.15980399999998,4.467790880000001,3.3210200800000003,1.3123171999999999,0
8346,43.24,17.480626000000004,65.6178044,5.040303559999999,4.24834012,1.2758006800000001,0
8347,272.12,28.502541600000004,225.57881199999997,3.89382724,6.884892719999999,1.32719192,0
8348,196.6,22.527130280000005,219.53664400000005,4.98121536,5.989328320000002,1.3369191599999999,0
8349,302.28,17.4100876,80.26261,4.6474509600000005,4.027197604,1.36211408,0
8350,117.08,19.57922708,68.9328036,4.6195271600000005,4.14055170708,1.2756786,0
8351,183.68,19.217431319999996,160.2085464,4.267250879999999,3.81153664916,1.24648628,0
8352,276.72,18.58338763999999,107.9416588,5.245769839999998,4.537860198839999,1.30249668,0
8353,79.68,36.57486879999999,210.72815599999998,3.55147536,8.91540292,1.2988151199999998,0
8354,123.44,23.727909999999998,278.78788,5.35414996,7.08335196,1.2793793999999998,0
8355,213.52,6.547674239999997,227.862602,7.915007240000001,1.0405195426399998,1.27227852,0
8356,125.32,28.5694876,187.38295200000005,5.04466152,8.70487632,1.3589379199999998,1
8357,336.72,34.41931079999999,219.28470800000005,3.5560810400000005,8.41028564,1.2900697200000002,1
8358,436.2,33.61088600000001,314.95465200000007,4.5624212,9.921503119999999,1.3444711199999997,0
8359,135.4,26.3381168,288.42467600000003,3.5525430399999993,5.7321443599999995,1.2990511600000003,0
8360,298.64,34.798641999999994,167.83522000000002,4.4239084,9.94292776,1.3106363600000004,1
8361,215.96,21.343814000000005,85.7525792,4.96813136,5.75311516,1.20226936,0
8362,64.76,18.74606839999999,310.21876399999996,6.23366008,6.074973280000002,1.28982868,0
8363,76.88,19.6783132,110.72684600000001,5.03098952,5.1735998,1.30145972,0
8364,76.92,23.15343216,326.7084696,4.2572092,5.492400960000001,1.3348286000000003,0
8365,358.32,40.032699199999996,326.358188,3.0196042,9.23197652,1.3180343200000002,0
8366,418.28,34.0550704,56.715807999999996,3.372628,8.058594399999999,1.3652034800000001,0
8367,550.6,34.354595599999996,33.556402399999996,4.5054828,10.16793596,1.32461452,0
8368,50.24,18.148866400000006,271.43458,6.027762919999999,5.451232319999999,1.3079398,0
8369,122.92,16.229558800000003,270.412182,3.6266795599999995,3.3350396400000006,1.28785528,0
8370,113.88,36.047460799999996,93.87133879999999,4.123199840000001,9.98989004,1.3117364000000002,1
8371,120.8,28.457614,162.447456,3.89788736,6.834998880000001,1.3052486,1
8372,209.6,22.607658400000005,286.23380320000007,3.62164844,4.69569292,1.1083471200000004,0
8373,131.16,29.574212399999997,258.565652,4.5113912,8.191015479999999,1.29179692,0
8374,164.88,33.7153308,100.97673520000002,4.351542080000001,9.95999728,1.2831338799999998,1
8375,94.44,32.079983199999994,297.294452,4.0494736399999995,8.36959732,1.2973037999999997,0
8376,156.4,29.972090639999998,179.00595480000004,3.05077528,6.223883828000001,1.2941862400000002,0
8377,241.52,37.8411896,61.47702864,4.183071559999999,10.910964120000001,1.3310442800000002,1
8378,152.04,23.9587304,339.3013,3.96475696,5.49076484,1.2910301199999998,0
8379,140.32,24.840841599999994,303.8612999999999,4.3363881200000005,6.160128279999998,1.30319024,0
8380,515.08,24.69186519999999,141.68878407999998,5.3971065199999995,7.667069120000001,1.3693380000000004,0
8381,325.96,35.29123000000001,178.86396000000002,4.0982398,9.71207364,1.3105598800000002,1
8382,183.0,26.408617199999995,270.46808,4.333228040000001,6.74227292,1.31275272,0
8383,143.76,27.363531999999996,257.65987599999994,3.9158670000000004,6.503873479999999,1.36701564,1
8384,138.96,20.772597759999993,251.610656,6.84917548,6.089007128079999,1.2497732000000001,0
8385,19.28,42.1442272,116.16955960000003,3.25544692,10.529498640000002,1.2769094,1
8386,237.44,12.329037879999998,197.17561,7.27789132,4.0139544142,1.1053506800000001,0
8387,345.12,46.378625599999985,145.773044,3.2500046000000005,11.69062308,1.2987687200000002,1
8388,185.64,29.85903439999999,270.31355999999994,4.24455764,7.886815240000001,1.36208168,0
8389,236.88,26.980015999999992,257.761532,3.6640888,6.074213639999999,1.3107686800000002,0
8390,179.44,24.517943520000003,129.90711567999998,4.05029472,4.76781876712,1.29831648,0
8391,27.2,16.161462519999997,302.36937400000005,3.5860320799999994,2.959096768,1.28343672,0
8392,57.76,28.6879336,218.57582800000003,5.16842092,9.018217759999997,1.1889811199999998,0
8393,241.36,30.08761199999999,102.76541328000005,4.889291719999999,9.016806,1.31555784,0
8394,795.96,26.412568799999995,80.86574240000003,4.8861238799999995,7.500067400000001,1.34046456,0
8395,409.6,40.93183560000001,104.7380904,3.976496359999999,11.561122719999998,1.3269409200000004,0
8396,251.12,30.8023272,61.75110999999999,3.42572664,7.095668120000002,1.2928535999999997,0
8397,371.04,34.25236759999999,240.5566524,5.910526880000001,13.23767808,1.34946248,0
8398,155.16,23.4292444,286.67441199999996,5.250627960000002,6.7789956799999995,1.24905536,0
8399,189.96,28.569965879999998,63.102489600000006,3.81236672,6.79177268,1.2960206399999998,1
8400,384.28,35.7507668,109.41758056,5.45296648,12.973934760000002,1.3457359199999999,0
8401,221.36,38.5160908,182.359724,4.694976280000001,12.30194816,1.2770188000000002,0
8402,155.84,26.92400799999999,201.30012800000003,5.643243879999999,9.29376096,1.3610764800000001,1
8403,354.12,27.9565476,164.01351199999996,5.464150199999999,9.14292668,1.3037008,0
8404,331.84,35.9047488,81.1183428,3.2877378800000003,8.457182240000002,1.27889316,0
8405,90.44,25.72049584,320.72777695999997,5.38677612,7.927469080000001,1.10281852,0
8406,368.84,16.846146,335.41979200000003,6.428328920000001,3.5284497697200004,1.2854979999999998,0
8407,519.64,34.306573199999995,221.78841999999995,3.2541998399999996,7.87757948,1.3472744799999998,0
8408,418.12,24.143358280000008,113.95203648,3.9839504800000007,5.105626999999998,1.32970292,1
8409,253.04,21.589966399999998,221.29093599999993,4.8150216,5.450746719999999,1.3110704400000006,0
8410,184.48,27.4879288,166.449512,3.217239040000001,5.7840817200000005,1.3485005600000002,1
8411,171.32,23.145848400000006,330.0751280000001,3.8081488,5.02024452,1.3132693599999996,0
8412,58.48,24.720911199999996,44.97289728,3.5738289199999995,5.30139468,1.3550071600000002,0
8413,743.24,26.961372400000005,146.22107999999997,4.060176640000001,6.58757492,1.3411030800000001,0
8414,44.84,21.257593919999998,188.579312,3.192022160000001,3.6395987759999997,1.3564361200000001,0
8415,72.88,11.478822000000001,255.63823600000003,5.70638396,3.1825677280000013,1.3056348800000002,0
8416,634.48,34.20380079999998,109.19524560000002,4.50818356,10.117717360000002,1.3362868399999999,0
8417,30.48,16.3998236,114.549602,3.98002716,3.0826188,1.2814410799999998,0
8418,359.76,32.2389104,137.32208400000002,3.9910327999999997,8.3626804,1.3413958799999997,1
8419,202.56,25.001858000000002,70.19864279999997,4.232900279999999,6.149373999999999,1.27594264,0
8420,243.96,25.0222716,94.7164756,4.407209399999999,6.23453752,1.2720928,0
8421,119.28,24.2816396,184.435664,4.18649844,6.180361719999999,1.1002597200000002,0
8422,253.92,29.939271599999987,270.567468,4.92542436,9.095490039999998,1.3123978000000003,0
8423,297.6,41.190811599999996,107.96082880000002,4.368285359999999,12.66613212,1.3179835599999998,0
8424,283.96,41.638125999999986,67.92077680000003,4.0156570799999995,12.136751160000001,1.3027297999999996,1
8425,262.92,28.123686,98.49884680000001,3.36402232,6.0745762,1.3331344800000002,0
8426,149.44,22.954654800000004,161.865916,3.9733437200000004,5.11470568,1.3166276399999999,0
8427,177.84,35.446354400000004,78.12715719999997,5.281786239999999,12.340430600000001,1.2407309999999996,1
8428,42.76,36.843099200000005,256.64415683999994,3.75725836,9.543789519999999,1.13687964,0
8429,288.8,30.685004000000003,92.75588720000002,3.94531272,7.974708119999999,1.3076093599999998,1
8430,93.6,21.7400816,214.33007999999998,5.54459992,6.51874196,1.2740273600000003,0
8431,187.04,31.303013200000006,197.52937600000004,3.670797679999999,7.500416,1.3598315600000002,1
8432,250.2,29.67530519999999,189.06088000000003,3.7980348000000004,7.23066012,1.3026868000000003,1
8433,57.16,23.252634519999997,93.4341068,5.288449720000001,6.45143568,1.2572619600000001,0
8434,123.44,29.718643999999994,274.77150800000004,4.565099679999999,8.309867079999998,1.23153376,0
8435,488.16,33.04937879999998,108.7065424,4.35089396,9.28068136,1.32858148,0
8436,575.72,18.9471996,223.26988400000002,5.64872476,5.463461279999999,1.3664366399999996,0
8437,347.44,41.42796359999999,58.37663640000001,3.32246896,10.27895184,1.3546292800000002,0
8438,135.2,26.507297200000004,209.53788799999998,4.39421324,6.8714432,1.2998711600000001,0
8439,141.8,37.62216,278.34366400000005,3.8518918,10.066621360000001,1.2946385999999999,1
8440,207.16,26.699542799999996,61.01704288,5.386803,8.373289919999998,1.333487,1
8441,408.48,35.474140799999994,191.27657200000002,4.653043360000001,10.90550532,1.36282352,0
8442,98.48,29.598029999999994,64.76555359999999,4.203570880000001,7.717903839999998,1.2312718399999998,0
8443,340.16,22.063582799999995,109.20132799999999,4.326871919999999,5.2136716000000005,1.3558965200000004,0
8444,107.48,39.022928,190.34590000000003,3.2783614400000003,9.048067920000001,1.3145393200000002,0
8445,316.68,25.83821908,95.35396200000002,3.8978087599999993,6.309994800000001,1.3234918000000002,1
8446,440.12,30.520181600000004,271.50259600000004,2.9286884,6.393080080000001,1.3197399200000002,1
8447,193.12,32.7144016,240.37377551999995,4.2096475600000005,9.047817879999998,1.3497945199999999,0
8448,392.56,29.500254400000006,294.10799999999995,3.2837141199999995,6.414244999999999,1.27943192,0
8449,55.52,19.205074000000003,184.12320400000002,5.1836120800000005,5.049559000000001,1.09701388,0
8450,349.44,23.560569200000003,94.26389439999998,5.06538784,6.598545480000001,1.28701072,0
8451,19.4,12.929610199999997,307.062604,4.8687483600000006,2.2813628378799997,1.3271491999999998,0
8452,463.32,24.6045792,64.9931432,6.493231000000001,9.401600999999998,1.32683696,0
8453,258.28,30.2226188,101.6663628,3.904506,7.0995491600000005,1.3012903999999998,1
8454,31.04,36.24772319999999,169.467056,3.9388538800000004,9.788574239999999,1.2839012399999998,0
8455,194.84,26.569764400000007,256.3459476,3.3081786799999997,5.634901439999998,1.3338896,1
8456,41.56,16.2931752,273.70904399999995,7.268308480000002,5.143904879039999,1.3372865200000001,0
8457,276.4,12.24117536,139.25041000000002,3.7377444000000004,1.9734124839999998,1.29040808,0
8458,231.2,23.311273200000002,112.385594,4.45264512,5.9826032,1.29372704,0
8459,575.32,27.05746599999999,59.209208800000006,3.6118753999999997,6.032236879999999,1.3260486,0
8460,156.68,31.68990479999999,184.86463600000002,4.439724480000001,8.97599708,1.3447484,1
8461,159.92,27.412155600000002,88.70783368000001,2.90283672,5.36649404,1.3322345199999999,1
8462,129.28,34.58104519999999,307.29615199999995,4.29514272,9.799674759999998,1.3493924400000004,0
8463,316.32,33.782878000000004,183.185552,4.71964024,10.370400240000002,1.29540292,1
8464,176.0,14.638317879999997,288.50115,5.79402812,2.09519567104,1.30664052,0
8465,228.2,14.255311600000002,254.86260199999998,4.20100676,2.6875253600000004,1.29221012,0
8466,296.44,32.4340128,159.22758799999997,3.94234644,8.358706119999999,1.2979785999999998,1
8467,160.92,25.517705880000005,170.87201200000004,5.751255039999998,7.901155120000001,1.3089143199999997,0
8468,154.4,22.157721200000005,86.53079679999998,4.60015168,5.832618840000001,1.2966561200000002,0
8469,180.48,26.558606800000003,146.27163600000003,3.8023727200000006,6.118094879999998,1.27572244,0
8470,239.84,28.552825600000002,109.46676759999998,3.78628924,6.754746319999999,1.36508844,1
8471,83.0,28.9505564,216.78666400000003,4.798168079999999,8.49930652,1.2981323999999999,0
8472,305.08,16.3375904,176.567392,5.501746240000001,3.5260657600000003,1.32143544,0
8473,420.24,30.113955199999985,296.105692,4.283209080000001,8.002908679999999,1.31886968,1
8474,207.36,23.723145599999995,94.47503480000002,3.5729047200000004,5.01069892,1.3635845599999998,1
8475,421.76,21.016608400000006,331.128156,4.98294924,5.599316679999999,1.3542004799999996,0
8476,139.52,26.540124920000007,197.61763528,6.958818919999998,2.2123603843999993,1.3215878799999998,0
8477,131.36,23.780747599999994,322.35089200000004,5.913478480000001,8.05451412,1.1060364400000002,0
8478,141.04,17.94607772,295.49247599999995,4.585320360000001,3.900040839999999,1.10905444,0
8479,656.12,39.2945632,168.25370076,2.76762604,8.85079612,1.36004832,0
8480,45.84,27.6541972,38.6173688,4.16117116,6.899420960000002,1.2761466,1
8481,553.08,33.60460199999999,114.29332480000001,3.87014348,8.664323199999998,1.3292828,0
8482,272.92,38.77012399999998,149.930688,3.58414656,9.935745959999998,1.28042684,1
8483,266.6,25.072431599999987,222.37948400000002,3.3826185999999994,5.1785273599999995,1.3408688000000004,1
8484,29.24,33.99015,242.53019999999998,4.396495800000002,10.5186944,1.1572489199999998,1
8485,42.6,21.2558636,92.72314639999999,6.18366032,6.8213364,1.2885703999999998,0
8486,85.84,29.794491200000007,91.13698680000002,3.6098081199999994,6.899879960000001,1.3073690399999998,1
8487,200.96,29.370714799999988,44.35856879999999,5.158512399999999,9.274870599999998,1.31230636,1
8488,225.28,30.194606399999998,134.78795599999998,3.3159050799999994,6.631959720000002,1.3320851999999999,1
8489,132.24,27.70372384,182.20542,4.5029882400000005,6.499547483560001,1.29867124,0
8490,742.92,37.1130252,351.076532,4.161306519999999,10.514458200000002,1.34255796,0
8491,130.12,34.155356399999995,151.34742,4.257199359999999,9.71088192,1.2808314,1
8492,160.28,24.535799600000004,305.471016,3.37246812,5.129299720000001,1.29113804,0
8493,126.8,26.539953200000003,116.624978,5.921997279999999,9.052351640000001,1.3379248399999997,0
8494,208.32,14.852471479999998,105.620406,3.9777948800000003,2.7794242240000004,1.2925151599999998,0
8495,333.48,23.03733,138.5225928,6.014676680000001,7.69317844,1.28292536,0
8496,222.16,41.4123632,201.19504400000005,2.50744948,8.63042464,1.3056012799999999,1
8497,230.88,27.09562159999999,287.93932000000007,4.67832616,7.549533560000001,1.30259964,1
8498,105.88,24.944577200000005,110.229828,5.250397479999999,7.463199079999998,1.2878204,0
8499,209.88,15.319558439999998,329.6649056,4.02519016,2.80039960264,1.3565123200000002,0
8500,193.8,32.6775692,77.61665880000001,3.9664233200000005,8.414717600000001,1.31241944,1
8501,107.64,27.042149199999997,247.81325119999997,5.38619004,8.622654319999999,1.27694584,0
8502,204.4,32.540366,88.107536,4.521644,9.423523319999997,1.3422632,0
8503,20.24,22.1373724,163.54032919999997,2.913400920000001,3.657266591999999,1.13990392,0
8504,192.8,24.209594120000002,232.81818000000004,3.60206456,4.7492646,1.32528192,1
8505,179.4,17.09108052,133.35859,5.60575628,4.38967473476,1.3001582000000003,0
8506,278.84,19.1176884,252.95354400000008,4.097848679999999,4.0080294,1.3044605599999999,0
8507,311.32,28.3538596,250.84499599999998,3.9175381199999997,6.9298898399999995,1.2992401600000003,0
8508,61.84,29.583223999999994,111.65000416000004,3.5104138000000007,6.7111962799999985,1.2573236399999999,0
8509,43.64,26.55802079999999,274.649068,4.84305732,7.2198987599999995,1.3657806,0
8510,60.52,32.623760399999995,146.63272,5.876866840000002,12.538141799999998,1.1173508399999996,0
8511,130.0,30.293056399999998,324.95763007999994,6.890704760000002,13.670981240000001,1.1410330400000002,0
8512,53.8,26.060016519999998,73.27087519999999,4.36730432,5.9829297200000005,1.27226668,0
8513,147.0,23.749052000000002,190.40730799999997,4.17096152,5.55946048,1.2550896000000002,0
8514,83.84,30.991100000000003,135.054232,4.2733318,8.3628356,1.1137168800000001,0
8515,288.2,18.14981476,134.02329400000002,3.8269683199999998,3.6723957639999996,1.33472072,1
8516,280.76,24.182099200000007,113.70755199999999,5.3238084400000005,7.2136074400000005,1.2867174399999999,0
8517,129.08,31.291096399999994,278.343552,4.70307732,9.430328599999998,1.3611384399999997,1
8518,441.4,32.4457472,323.84326088000006,5.5732789999999985,11.481510239999999,1.3203040400000001,0
8519,488.48,35.623461199999994,198.15030799999997,6.4264232,15.604395999999998,1.3138586,0
8520,68.24,17.658808399999998,88.9307972,4.3210565999999995,3.73193592,1.2851588,0
8521,47.0,18.402755199999998,248.99560200000005,4.5353549200000005,3.9785642919999997,1.1144555200000001,0
8522,482.32,51.84967640000001,182.73612400000002,3.4610931199999992,14.162895200000001,1.3107963599999999,1
8523,43.44,20.0611416,312.804914,6.324801559999998,6.7007912,1.3617111200000003,0
8524,489.72,25.54249479999999,196.36667600000007,4.310881519999999,6.43831804,1.3187560799999998,0
8525,26.72,16.42622932,304.8731580000001,6.559803199999999,4.104898457320001,1.2092796799999999,0
8526,308.72,29.534466799999997,219.3406076,4.697221839999999,8.42656868,1.3685698400000001,1
8527,69.4,27.689959999999996,136.41315088,3.4373570000000013,5.76373104,1.3613624799999997,1
8528,312.48,28.313110400000006,134.95730000000003,4.43739004,7.308275560000001,1.3275814800000003,0
8529,149.56,30.6051852,320.58008399999994,6.070746280000001,11.86400608,1.33599904,0
8530,374.24,34.72452559999999,157.81962000000001,5.3712740000000005,12.350344119999997,1.3120719600000001,1
8531,388.32,44.41972999999999,66.68417360000001,3.920189599999999,12.807267200000004,1.3682670399999999,0
8532,146.16,31.8310556,290.9941759999999,4.188415559999999,8.55968324,1.3654880400000002,1
8533,146.0,31.94329359999999,298.90844,4.680265039999999,9.33515608,1.36289488,0
8534,158.32,23.047356399999998,115.42456800000002,4.685428839999999,5.9495112400000005,1.3267127200000002,0
8535,125.64,30.0963784,207.51933599999995,4.31968412,8.10939604,1.1095234799999998,0
8536,81.92,33.5740336,71.97373639999999,3.4456435999999995,7.95363208,1.3573689599999996,0
8537,256.2,34.3678576,257.183748,5.60121488,12.70770764,1.3107721199999998,1
8538,29.44,15.75028124,233.15795200000005,6.955892920000001,3.5872157132400004,1.1103344799999997,0
8539,363.76,21.451871600000004,107.619432,5.479631360000001,6.249304519999999,1.3170821200000002,0
8540,96.72,27.773363200000002,303.46069600000004,4.265078559999999,7.026691920000001,1.36619944,0
8541,160.48,35.99022519999998,38.37984240000001,3.77878184,9.36675172,1.33708636,1
8542,159.48,16.289321200000003,251.08469199999996,3.76187504,3.596693244,1.28913384,0
8543,149.68,26.5816212,173.04964,5.46270868,7.975180199999999,1.29269436,0
8544,81.64,32.5884376,220.64567999999997,4.3092000399999995,8.9911428,1.24639564,0
8545,200.84,32.9018472,195.445268,3.7554570800000007,8.223798079999998,1.28506136,1
8546,307.68,38.2676776,63.46379839999999,4.184576600000001,10.728082839999999,1.3696610399999998,0
8547,176.6,32.1979676,304.541488,3.51488512,7.59798176,1.35909292,1
8548,162.92,22.362199199999996,292.1773668,3.4985618,4.49137584,1.33108388,0
8549,104.32,23.21552364,195.42523279999997,9.037382800000001,0.6385741596800001,1.299492,0
8550,368.4,59.94736679999999,189.68312000000006,4.07154928,19.530718,1.31029416,1
8551,200.52,28.378598799999995,185.81920400000007,5.576921439999999,9.5981486,1.3179400000000001,0
8552,91.52,33.108647600000005,216.91763600000002,4.25792624,9.08163544,1.1243616399999998,0
8553,285.64,28.453598400000004,267.28821600000003,3.3621117999999997,6.178514400000003,1.3675274400000001,0
8554,179.68,32.05844479999999,277.28381200000007,5.936520280000001,12.357554439999996,1.31142468,0
8555,282.92,20.213474520000002,333.74256,4.11278964,4.06089536,1.288104,0
8556,132.08,31.15202159999999,39.40576928,7.360654679999999,15.6144052,1.3591470799999998,0
8557,117.64,22.2012352,151.48202399999997,4.112583279999999,5.043782080000001,1.11744728,0
8558,256.2,40.21142320000001,80.02028963999997,3.697076880000001,10.70733236,1.33568896,0
8559,178.64,42.06225680000001,306.95980799999995,3.528087039999999,10.933956120000003,1.3140750000000003,0
8560,210.44,28.919889599999998,225.33641599999999,4.825947959999999,8.44221852,1.36283728,1
8561,171.68,15.259691600000002,269.26260799999994,3.7949799200000007,2.5924911919999993,1.33073948,0
8562,50.92,23.874178800000003,284.54729999999995,6.031310599999999,8.208837680000002,1.28944372,0
8563,442.36,33.860203999999996,166.528188,4.043364920000001,9.04765888,1.31168644,1
8564,187.6,24.189083999999998,80.44111568,4.47924008,5.617015080000001,1.35054508,0
8565,60.88,24.238875080000003,227.633992,4.81966648,6.1917716799999996,1.28028512,0
8566,332.76,28.11722079999999,102.25623200000001,4.271507400000001,7.354662000000001,1.28313952,0
8567,99.52,19.2544172,230.161792,4.4967656,4.45716,1.30101392,0
8568,172.76,31.584434400000006,320.846236,4.227082200000001,8.443666119999998,1.3411409600000002,0
8569,216.88,36.65880239999999,180.72477999999995,4.3099849599999995,10.425447199999997,1.305673,1
8570,40.2,27.536882799999994,164.53752400000002,3.34487372,6.17246008,1.22689772,0
8571,240.48,30.91540160000001,110.32741839999998,3.1006186399999995,6.586164159999998,1.3652720800000002,1
8572,114.56,23.558151480000003,132.8053564,3.6355453600000005,5.070942796,1.1343995600000003,0
8573,143.6,22.874792000000003,224.78385199999997,4.10037328,5.18711744,1.27747044,0
8574,477.04,23.429706799999995,248.12160400000002,3.8172129999999997,5.04547348,1.32092648,0
8575,85.04,26.016824,253.18622816000004,5.50416484,8.30646924,1.3617536000000001,0
8576,80.32,16.931797999999997,173.90279600000002,4.82134288,3.9270413599999996,1.2814894800000003,0
8577,307.48,20.507937199999997,183.303384,3.7491113599999992,4.549846547999999,1.3065558399999997,0
8578,164.8,29.589201199999987,281.88212,4.26150036,7.819685840000002,1.2935770400000002,0
8579,657.4,37.92539920000001,276.934196,4.655459400000001,11.984209,1.3393053999999998,0
8580,78.64,16.9461072,106.585496,4.08681756,3.8419221599999998,1.3178570000000003,0
8581,420.2,19.454101600000005,104.77251159999997,3.72231124,3.9345591319999995,1.3296518400000001,1
8582,392.36,31.863803999999988,161.91876000000005,5.426591599999999,11.37940828,1.32073992,0
8583,237.52,36.2688012,71.60857639999999,4.35491904,10.46937908,1.36628836,1
8584,182.52,31.62660240000001,197.30243199999998,4.7734556800000005,9.683618039999999,1.3600707200000002,1
8585,271.2,40.7270452,97.28932880000002,2.95158664,9.368230200000001,1.3238272,1
8586,349.2,31.2338168,311.74697999999995,3.7857158800000006,7.68737032,1.3236428,0
8587,236.2,28.061839200000005,94.7548284,3.8513100799999993,6.68882524,1.36509184,1
8588,19.16,25.6392196,187.089876,4.969213519999999,7.44876292,1.2752314399999998,0
8589,118.96,27.420545999999987,209.68329200000005,4.43959724,7.273524440000001,1.29337496,0
8590,241.32,25.15038708,140.238276,5.177691960000001,8.639197283999998,1.3250536800000001,0
8591,521.36,52.1217496,254.94586799999993,3.4680698399999996,14.398580599999997,1.3595175999999998,1
8592,212.8,28.648226799999993,108.41483679999999,4.2256871999999985,7.399653680000003,1.29249848,0
8593,281.96,30.47921,314.2052920000001,4.8033760800000005,9.05884564,1.31548124,1
8594,37.16,34.40845279999999,54.63352935999998,4.003997839999999,9.04922864,1.2571983200000003,0
8595,403.24,35.687322800000004,309.557884,5.010836200000001,11.80148616,1.34089836,1
8596,48.84,22.014640800000002,280.10637760000003,3.7203226800000007,3.8827675394799996,1.27869988,0
8597,84.88,28.640879199999993,93.0184208,5.74161048,10.046331720000001,1.30730864,1
8598,244.48,30.37731999999999,32.46888872,4.3486456,8.175991799999998,1.3525547199999999,0
8599,505.96,27.918726800000005,331.069476,4.27236848,7.20746024,1.3688477200000002,0
8600,270.84,18.087742799999997,126.23522399999996,6.81719784,6.03971232,1.2831184800000002,0
8601,112.68,19.757819879999996,285.1967572,3.6810184400000003,3.9852391600000003,1.2553095200000002,0
8602,56.92,17.16996332,240.64711200000002,6.806695599999999,5.50747248732,1.28692492,0
8603,245.8,26.92999320000001,116.40168160000003,4.8791022,7.87641796,1.3387008,1
8604,12.12,30.4539592,313.833054,4.28873976,8.496785439999998,1.3021146000000001,0
8605,173.44,24.7176564,110.67754279999997,4.688563679999999,6.59608844,1.36505364,0
8606,184.0,34.256428799999995,214.70384399999995,3.5563127599999995,8.3132396,1.3110904399999999,0
8607,39.56,12.048036,260.173648,5.424736719999999,3.55031781304,1.31720068,0
8608,22.32,9.862906239999997,255.274802,6.19235048,1.3182695243199998,1.1160738399999999,0
8609,473.64,26.275663999999992,52.40382296,4.1478554800000005,6.262406239999999,1.3121123600000002,0
8610,470.8,22.769078800000003,278.80428399999994,3.3755524400000003,4.0885104,1.3141544000000003,0
8611,300.6,21.062113599999996,75.44878639999999,5.895070479999999,6.72290016,1.3219672400000002,0
8612,314.92,33.830867600000005,104.62550720000002,4.76846656,10.41983212,1.3343165600000004,0
8613,293.92,33.270134,65.01897159999999,4.121140440000001,8.982513159999996,1.3067322,1
8614,299.36,41.084022399999995,244.86836000000005,4.0683272,11.882598879999998,1.3642727200000002,0
8615,157.76,30.6291448,301.62927999999994,6.092136640000001,11.758438879999996,1.30974288,0
8616,14.0,30.050482399999996,190.534176,5.92483124,11.08369308,1.186762,1
8617,95.0,26.51629948,113.91259879999998,5.689743159999999,9.98653512,1.2908656000000003,0
8618,124.44,40.473714400000006,251.965518,2.64700756,9.132870279999999,1.2997372,1
8619,173.04,34.6691156,220.98721599999996,4.094636360000001,9.553127,1.28529348,1
8620,405.8,36.82109559999999,233.38386400000002,5.971800520000001,14.9939328,1.3216624000000001,0
8621,80.64,25.603620799999995,316.460196,3.9732383200000005,6.014660040000001,1.2636283600000002,0
8622,251.8,33.202291599999995,135.64764000000002,3.3342495999999993,7.822878439999999,1.3616800800000002,1
8623,255.24,30.321898399999995,83.949724,3.31551472,6.741412640000001,1.28133712,1
8624,444.48,36.3529696,66.74622360000001,6.21768048,15.721779320000001,1.3494954399999997,0
8625,304.6,27.15859,31.30252247999999,3.1882083600000004,5.816814559999999,1.33038624,0
8626,336.64,33.55087999999999,180.87851199999997,6.53259916,14.571441360000001,1.3261378,0
8627,353.2,27.442887160000005,89.22892680000001,5.08538832,6.684079778080001,1.3274898800000003,1
8628,71.2,29.0212988,324.96159439999997,4.067164400000001,7.38005456,1.0995456,0
8629,355.6,29.631213199999998,92.4031724,3.3957438799999995,6.601997999999998,1.3258258800000002,0
8630,157.12,32.1181816,198.02597599999999,4.290266920000001,8.95284588,1.29193788,0
8631,358.92,30.911533199999994,172.97729600000002,7.126977359999999,14.776017040000001,1.32441488,1
8632,213.0,19.4339972,280.543644,3.9703803200000003,3.947462480000001,1.33653292,0
8633,190.44,24.510791999999995,138.8152748,3.26497988,4.97702112,1.31476992,0
8634,448.88,31.610118399999998,82.11230479999999,4.4696432,8.908208359999998,1.3284771599999998,1
8635,121.84,35.1305556,315.38871287999996,5.13855448,11.911222920000002,1.30484204,0
8636,257.6,38.651048800000005,131.19307999999998,4.504098240000001,11.839361200000003,1.3625057200000001,0
8637,80.08,36.09764492,173.72009199999997,5.174482159999999,12.313114800000001,1.2528604,0
8638,87.6,23.38811747999999,210.32092408,7.1618685200000005,8.399773320000001,1.3017309599999998,0
8639,483.48,38.019058000000015,189.14383143999999,3.759205320000001,9.831329039999998,1.32444352,0
8640,278.0,35.84087559999999,247.46098,4.01182164,9.752991439999999,1.3387226799999998,0
8641,368.6,35.155812,139.792656,3.78075128,9.00957572,1.3150696800000004,0
8642,90.88,40.29494759999999,264.727336,4.13336436,11.673674320000002,1.2834425599999997,0
8643,52.56,22.692983600000012,284.19574,5.679424760000001,7.20239152,1.2868328799999997,0
8644,241.36,30.20150559999999,274.4334880000001,5.489630679999999,10.339627199999997,1.2859733199999999,0
8645,243.16,35.84804520000001,227.94283600000006,3.9424116399999996,9.656439759999998,1.3252209200000002,0
8646,363.04,30.47373759999999,98.59372080000001,3.6705956399999993,7.250247519999999,1.32895032,0
8647,28.76,32.09390812,306.715796,4.119181560000001,6.797027748,1.27730496,0
8648,83.52,21.051975600000006,52.18845680000001,4.49428812,5.045254439999999,1.3550680800000003,0
8649,427.24,24.816791199999997,207.40511439999997,5.160713479999999,7.182723680000001,1.32365756,0
8650,125.24,27.592569200000003,249.25581623999994,3.80303336,6.29761036,1.2983174,0
8651,386.2,25.010582400000004,335.47490000000005,4.159284479999999,5.99987964,1.3551263199999999,0
8652,269.52,30.356875200000005,125.22847599999999,4.18211152,7.998069920000002,1.33986988,0
8653,248.56,36.8333756,176.760132,4.187699480000001,10.61590272,1.28031308,0
8654,330.08,14.148176959999999,138.6,6.6685003599999995,4.3963381762800005,1.31221668,0
8655,199.52,16.922528919999994,235.03199200000003,5.415475960000001,4.423359084,1.3038709600000002,0
8656,149.6,36.2280336,224.62251928,3.4911630000000002,8.9342826,1.280448,0
8657,90.92,31.264290399999997,269.136116,4.89884316,9.51306976,1.29630504,1
8658,327.6,33.960097999999995,266.426168,5.86631892,12.944215319999998,1.30678416,0
8659,203.56,44.588564399999996,237.050656,3.3330215999999995,11.43730892,1.36048324,1
8660,41.6,17.758808239999997,167.62878120000002,4.963391319999999,4.5426257319999985,1.3175509599999997,0
8661,314.52,28.7818032,248.521068,5.3149760399999995,9.228043040000001,1.3158437200000004,0
8662,255.4,26.517903999999998,206.231754,3.056050640000001,5.3162252,1.3002567999999997,1
8663,307.2,28.611336400000006,325.211008,3.975391,7.056979319999997,1.313671,0
8664,28.88,35.373292,320.75672399999996,3.0416646800000007,7.929715720000001,1.2787957200000002,1
8665,13.4,20.55107784,209.880918,6.848318280000001,4.30764918248,1.3095327600000002,0
8666,143.24,36.5433196,234.65658799999997,4.08700424,10.160394519999999,1.2745616800000001,0
8667,264.48,28.9297076,108.20479759999998,4.895399,8.83370084,1.3171465199999997,1
8668,301.96,33.473244799999996,158.099948,4.019475839999999,8.85718376,1.32972036,0
8669,301.76,32.26403,144.54516000000004,5.0774114,10.464014279999999,1.2778588400000002,0
8670,146.36,26.090854799999992,278.236852,4.477226600000001,6.8012988,1.3075757600000002,0
8671,30.8,31.051954000000002,299.9914556,2.8880300399999994,6.283681720000001,1.1128862400000001,0
8672,31.04,33.4853924,61.46070927999999,3.337579239999999,7.229589600000001,1.2475417999999998,0
8673,77.48,25.904215200000003,220.8928144000001,3.7700997200000006,5.581100959999999,1.35636456,0
8674,282.64,30.799515999999997,271.4249240000001,5.063788359999999,9.68322016,1.2795734,0
8675,104.56,20.907568799999993,101.6444996,5.382951960000001,5.68501652,1.1054910000000002,0
8676,301.16,35.248941599999995,262.087412,3.4212103599999995,8.511281000000002,1.3047756,1
8677,351.76,21.769352000000005,117.15780400000001,6.39679248,7.66550624,1.3310659200000001,0
8678,65.88,33.92089668,182.06502399999997,2.9352442799999996,7.73088484,1.29147908,0
8679,249.48,29.507342799999993,26.8565296,3.97406696,7.36377464,1.30419176,0
8680,174.24,23.89249492,203.75257200000007,3.95139504,5.340121160000001,1.2813296,0
8681,42.8,29.753505199999996,116.42210400000002,6.15899032,12.730708239999998,1.27828904,0
8682,366.92,26.93681759999999,118.581534,3.44970644,5.7654822,1.31585484,0
8683,183.88,37.07292880000001,170.11057199999996,3.83694488,9.853662519999999,1.30798968,1
8684,116.56,32.12159600000001,71.96879559999998,4.08863188,8.581783000000001,1.2481937600000002,0
8685,91.56,19.825464279999995,234.23820639999994,4.46097964,4.801445080000001,1.35494032,0
8686,117.2,37.0519428,104.8618696,4.52382952,11.412003040000002,1.294275,1
8687,121.72,33.390095200000005,259.08597599999996,6.554108800000002,14.7037236,1.2955322,0
8688,215.76,30.370535999999987,183.82561200000004,4.816379120000001,9.032804440000001,1.3461477599999998,1
8689,147.28,27.87175959999999,31.404917599999997,4.860505079999999,8.08475436,1.3588241600000002,0
8690,133.68,25.949397999999995,95.7969832,4.0551512,6.197381200000001,1.34303588,1
8691,341.36,22.218666399999996,161.225,4.981665319999999,6.338179039999999,1.3258075200000001,0
8692,227.0,32.1506672,314.08959200000004,3.5368262400000003,7.61564668,1.2998830799999999,1
8693,80.0,29.669405200000007,202.45711599999998,4.86277744,10.135229320000002,1.1863618400000002,0
8694,71.08,21.7778244,253.51500000000007,6.310940200000001,7.54369644,1.2810280799999998,0
8695,530.0,34.5070736,258.33852799999994,4.770930760000001,10.732231439999998,1.3199096399999999,1
8696,345.96,33.37628999999999,56.67472547999998,3.98184204,8.750729839999998,1.2915170400000002,0
8697,613.24,34.58325519999998,117.75634640000003,3.7525152400000006,8.77283036,1.3259184,0
8698,110.4,29.200515999999997,351.57012000000003,5.2262376800000006,9.350185519999998,1.23524936,0
8699,97.44,33.86683279999998,181.580668,5.27869844,11.505117640000002,1.2268557200000003,0
8700,195.12,31.297750799999996,84.32966600000002,5.552452479999999,10.94223332,1.30397188,1
8701,189.84,39.59708200000001,339.22940400000005,4.585108320000001,12.486736200000001,1.32265368,1
8702,90.2,34.35262199999999,284.83073199999995,4.37416476,9.822998960000001,1.2975015200000002,0
8703,423.52,29.7847848,320.01914,4.642508080000001,8.67009052,1.3692680400000001,1
8704,25.28,37.4399208,276.53614,4.09137948,10.52664588,1.2353771200000003,1
8705,8.88,7.879567039999996,232.20000399999998,4.84971476,1.2146617066400003,1.34634344,0
8706,108.64,31.5635036,240.53124,3.6032314399999996,7.5141499199999995,1.28754696,1
8707,79.0,19.47875452,120.443048,3.4930390399999998,3.7431297199999993,1.2895764400000003,0
8708,118.96,29.98071652,77.46131559999999,4.8771262,8.063423567280001,1.30114652,1
8709,62.24,27.67961332,135.7370272,6.165055879999999,6.446406396399999,1.2505518399999997,0
8710,555.16,21.560910919999998,243.9208199999999,3.603235920000001,4.193756667,1.3658201600000002,0
8711,96.16,26.664244800000002,312.766084,5.6745268399999995,8.93421252,1.11134204,0
8712,580.0,38.928572399999986,198.935464,3.609685400000001,10.167733199999997,1.3139362799999998,1
8713,340.64,25.968019599999998,43.5012608,5.224837519999999,7.8036868,1.32674752,0
8714,268.72,37.40158879999999,88.6520592,3.68225248,9.64897228,1.30446316,1
8715,405.36,22.9020744,322.03316799999993,6.129286640000001,8.435034919999998,1.34771028,0
8716,33.36,19.362588799999997,281.436896,6.884888440000001,6.872045439999999,1.2661005199999997,0
8717,179.48,31.95223,254.792268,5.025549559999999,9.9885414,1.3039246400000002,0
8718,110.64,20.874536799999998,113.94983600000002,3.5735455599999995,4.25574752,1.2754948799999999,0
8719,418.96,27.099857999999994,205.81938520000006,4.36127592,7.013252080000001,1.3686026399999998,0
8720,187.52,25.1969836,286.05255600000004,3.651362200000001,5.67088512,1.35974156,1
8721,154.0,30.831607199999997,237.37091200000003,4.279918519999999,8.287053519999999,1.2343139600000002,0
8722,98.16,27.4431108,296.19210224,2.9284918000000006,5.530991639999999,1.25735912,0
8723,437.76,29.2782064,182.365472,4.37577976,7.89801876,1.3085630000000001,0
8724,527.12,17.909605719999995,301.64250400000003,5.293468120000001,4.83593596,1.3695744799999998,0
8725,206.04,32.117123600000006,154.77619280000002,4.29463524,8.63089108,1.3187044399999999,1
8726,503.92,31.0084592,238.16200000000003,4.24740964,8.365014679999998,1.3595731199999996,1
8727,295.32,23.6683956,315.46701199999995,4.24372676,5.68341408,1.2709456000000001,0
8728,307.8,23.056284,96.31076240000002,4.761808319999999,6.024543999999999,1.3310715199999998,0
8729,172.52,32.2419364,264.20324896,2.5553110400000003,6.303119559999999,1.27678968,0
8730,291.0,35.0908128,70.4587644,3.67452064,8.78099224,1.36672316,1
8731,344.8,45.288618400000004,186.777744,3.24531544,11.477479920000002,1.2775395999999999,1
8732,537.92,25.572049600000003,261.13467199999997,5.785418119999999,8.54970268,1.3224671999999997,0
8733,523.2,34.19637119999999,66.90520799999999,3.499445759999999,8.22514996,1.3256603599999999,0
8734,150.24,33.7787108,124.30764328000001,5.071743799999999,11.323999760000001,1.3639333200000001,0
8735,201.84,29.44732279999999,141.40628,4.157528279999999,7.65794832,1.354132,0
8736,134.96,25.290312,259.12054400000005,4.29924584,6.30400964,1.35941564,0
8737,81.32,32.6360808,268.27684,3.2286872,7.34518128,1.2777012,0
8738,121.08,30.9887664,51.307174,5.17376016,10.04105636,1.3433636800000002,0
8739,132.52,31.458651999999987,285.6772480000001,3.86699752,7.929447,1.3668449599999999,1
8740,305.92,32.4409844,333.36752000000007,4.25862864,8.85212012,1.2825934,0
8741,128.76,29.829002279999994,246.0035916,5.658943079999999,10.361049439999999,1.3665540799999996,0
8742,51.04,24.789418799999993,92.02416079999999,3.43629864,5.201480959999999,1.3556573200000006,0
8743,312.68,33.52237079999999,162.90680799999996,4.03803484,8.91130476,1.28791324,0
8744,155.48,24.3809456,316.673584,4.5413764,6.329270279999999,1.2094656799999997,0
8745,413.64,33.57652079999999,138.23152399999995,3.01581496,7.3601491999999995,1.3302854,1
8746,411.6,31.804574799999997,77.99128159999998,5.2724662,10.54969644,1.36736344,0
8747,108.16,18.5570196,274.01110800000004,6.092257040000001,5.560081,1.30589464,0
8748,56.44,13.310064239999997,94.2016452,4.64372048,2.5917896206,1.3410893199999998,0
8749,92.52,15.255946400000003,294.50389,3.9046472400000005,2.7321978999599996,1.35833108,0
8750,323.28,23.894269599999998,183.2079,4.8105813600000005,6.383011999999999,1.2861183600000001,0
8751,70.04,21.69727959999999,150.26018799999997,4.132532360000001,4.9372266,1.2136593599999999,0
8752,12.72,38.160378400000006,169.469516,3.512274239999999,9.598521640000001,1.2582325200000002,0
8753,41.8,27.103234799999996,217.518624,3.8839488400000004,6.377032640000002,1.28323068,0
8754,227.44,18.866919600000003,273.83968799999997,4.14297472,3.9944566800000003,1.33855196,0
8755,24.88,14.349617200000003,132.295198,4.604278959999999,3.141709732,1.09490396,0
8756,212.96,34.6271064,172.63798,3.7622998000000005,8.928537839999999,1.3085016399999998,1
8757,639.44,36.050994,248.49082800000005,3.4884415200000003,8.851297440000002,1.3228027199999999,1
8758,165.84,30.087904,301.47712400000006,5.57148028,10.471889520000001,1.1104121200000001,0
8759,249.32,24.6272932,82.6758612,6.736311279999999,9.883919200000001,1.30324808,0
8760,452.8,30.719684399999984,214.98090616000002,4.3917551600000015,8.44701824,1.3208294400000002,0
8761,560.48,34.5189112,32.973557199999995,4.292439200000001,9.7464746,1.34610312,0
8762,166.6,28.2429924,176.78252,5.299514759999999,8.986650319999999,1.35982628,1
8763,140.64,30.707722000000008,115.34239039999997,5.009626839999999,9.55017492,1.30916292,1
8764,583.8,34.182794400000006,318.669336,3.6982928799999994,8.61814588,1.3400677200000002,0
8765,291.16,32.5907096,184.93544000000003,3.2313480400000003,7.421577480000001,1.2805312,1
8766,69.48,35.2228276,115.0325216,3.1057877600000006,7.277609040000001,1.3024769999999999,1
8767,235.24,26.0096308,138.0115708,4.85571208,6.837135240000002,1.2836937999999998,0
8768,77.56,24.266487600000005,101.68760879999999,5.172622999999999,6.89863132,1.3048201999999998,0
8769,116.32,29.74346868,155.330004,6.440826040000001,11.774770461679998,1.2770804000000002,0
8770,541.28,19.888248399999995,236.39876000000004,4.702803880000001,4.558582079999999,1.3209979200000002,0
8771,63.4,23.121997999999998,129.22429600000004,3.7396971600000004,4.9172626,1.2104139999999999,0
8772,140.92,15.639367079999998,301.71136,4.99903692,3.636740880000001,1.3119234400000002,0
8773,118.04,28.431175199999995,154.52659600000004,5.1765263599999995,8.915904760000002,1.313059,0
8774,112.64,18.470124799999997,136.32657600000002,4.2967016000000005,4.02418684,1.2903592000000002,0
8775,358.2,37.6922536,158.303124,6.75112476,18.04386,1.32741344,0
8776,500.08,25.674129719999996,160.740768,3.1387555600000003,5.572032615999999,1.3244427200000002,0
8777,430.6,39.711414399999995,124.53278896000002,3.23107112,9.620180359999999,1.3698086000000003,0
8778,594.16,26.240398799999994,193.367008,6.48152156,10.2557188,1.3220029999999996,0
8779,269.24,27.194070680000003,194.83058495999998,5.6515996,8.619215000000002,1.3676613600000003,1
8780,269.48,22.252958239999995,238.519264,3.0782864400000007,4.253022484,1.3001044000000002,1
8781,87.4,24.055406400000006,292.9139924,6.486267440000001,9.13780624,1.302849,0
8782,126.4,28.795039599999996,264.70539599999995,3.6411747999999995,6.673232159999999,1.2746712399999998,0
8783,14.64,17.68946924,79.1330988,7.0472280000000005,6.485063080000001,1.27968824,0
8784,138.4,27.2195252,93.39481296000002,2.95906496,5.4218839600000015,1.3060505599999999,0
8785,289.08,26.860834399999998,325.83772,4.206279520000001,6.673617399999999,1.28308504,0
8786,209.48,29.389896799999995,286.845028,3.69684596,6.90052472,1.32589876,0
8787,598.44,41.44839719999999,283.70758504,5.636256360000001,16.158428,1.3232538400000005,1
8788,326.36,24.2491664,254.99192536,6.222883,8.60970208,1.3030867600000002,0
8789,46.84,27.431932120000003,252.460688,9.59662196,1.28573802096,1.29404624,0
8790,612.24,33.41731680000001,263.76725999999996,4.908905519999999,10.531125,1.32163512,1
8791,109.24,29.7237028,319.65844400000003,4.30971452,7.907692280000001,1.2901664000000002,0
8792,253.04,36.49679879999999,327.27700008000016,4.376527440000001,10.784997480000001,1.30601292,1
8793,141.24,29.483042119999997,113.0653032,2.90498268,6.0719025222,1.3170319600000002,0
8794,507.28,44.210219200000004,241.64745199999993,2.6947427599999996,9.94003048,1.31431796,0
8795,195.48,19.079643359999995,180.698848,4.990638959999999,4.723990928,1.3024761200000001,0
8796,323.12,41.4094472,255.330336,4.6886091599999995,13.613265600000002,1.3614668,0
8797,564.84,27.842807599999993,156.78583600000002,4.386560079999999,7.3307552,1.33831828,0
8798,254.0,27.725460400000003,190.44710800000001,3.6145900799999997,6.347930279999998,1.3027528000000004,1
8799,374.76,29.513679599999985,204.61897640000007,3.67469372,6.905372959999999,1.3172368399999999,1
8800,21.92,31.109129999999997,107.50375679999998,3.8214914000000006,7.6044958399999985,1.2701398000000004,0
8801,168.08,26.8640216,180.96800800000005,4.59036168,7.16094468,1.2888456800000003,0
8802,365.52,32.418705200000005,253.94772400000002,3.81880476,8.127668879999998,1.2832719999999997,0
8803,437.48,32.847650800000004,60.80521879999999,3.3386044800000003,7.415783039999999,1.32163496,0
8804,155.84,25.687844800000004,229.35580399999995,6.714775480000001,10.60992296,1.2357602,0
8805,504.12,35.9763096,303.60437599999995,3.54256932,8.8722192,1.3658796400000002,0
8806,277.92,34.76323839999999,210.03544800000003,5.065403399999999,11.636769,1.3679792799999995,0
8807,286.2,32.27556559999999,213.99250800000002,3.1552058,7.0822189600000005,1.31745736,0
8808,360.0,45.3219712,162.51548,3.3737851599999997,11.752464600000001,1.3095558400000002,0
8809,257.88,23.325341999999996,35.5983264,3.9977929599999995,5.290587039999999,1.29347332,0
8810,116.2,27.87696679999999,163.443372,5.940043479999999,9.624926000000002,1.30293304,0
8811,431.08,26.162779999999998,75.82434159999998,5.307020120000001,7.964042879999999,1.3271322400000003,0
8812,146.28,26.2687388,123.57329600000001,4.83921916,7.427832200000001,1.28245376,0
8813,438.92,43.368107200000004,253.16143999999997,4.479392,13.904337200000004,1.30896732,1
8814,688.44,29.38122239999999,209.86310400000005,4.699660799999999,8.37522536,1.3228940400000002,0
8815,121.36,24.387237599999988,183.81201120000006,3.9844233999999994,5.681260320000002,1.1209516800000001,0
8816,307.92,23.243226399999998,234.00856400000004,3.4488875999999995,4.73064136,1.2898208799999997,0
8817,275.28,29.5635136,227.623888,3.8801023999999997,7.249887159999999,1.3044883200000001,1
8818,158.64,31.213444,82.57014159999999,5.61933476,10.34705956,1.3034666400000001,0
8819,513.88,35.1196964,118.63383720000002,6.053586799999998,14.239205559999998,1.3147801199999998,0
8820,272.12,30.5442056,67.11207799999998,4.75601596,9.03278192,1.3548218,0
8821,388.44,19.559811319999998,269.91488000000004,3.437534799999999,3.6190050279999997,1.3257133199999998,0
8822,259.48,39.85326759999999,239.718412,3.1327090799999997,9.423747919999999,1.3085974800000002,1
8823,671.92,36.789742399999994,29.72445276,5.421106319999998,13.348816799999998,1.3215841599999996,0
8824,99.88,33.4553832,104.82769680000001,5.180991000000001,11.11764104,1.3356830400000004,0
8825,138.36,20.3010316,81.9163284,3.6585644400000006,3.87958668,1.3627984,0
8826,143.84,15.144585479999998,183.4240472,4.6888982,2.75111850264,1.3052350400000001,0
8827,176.56,29.533456799999996,250.76206000000002,5.2429682,9.41702488,1.303914,0
8828,279.4,32.39203680000001,270.39761599999997,3.6130238400000003,7.884466,1.2809735600000003,1
8829,127.28,18.283136239999997,263.91685600000005,3.38346664,3.321726484000001,1.2654089599999998,0
8830,116.24,35.5235916,262.13962799999996,4.331638120000001,10.244642,1.31072824,0
8831,361.64,31.782520799999993,221.78467199999994,3.85367024,7.924982160000002,1.3160158400000004,0
8832,552.32,34.3720172,271.0289,4.220012039999999,9.54526804,1.3202426400000002,0
8833,93.2,29.715709999999998,82.0628944,4.507700120000001,8.341702280000002,1.2921417199999998,1
8834,266.64,27.530023599999996,154.699096,4.478106400000001,7.404369000000002,1.33368364,0
8835,526.64,40.309485599999995,144.025984,3.9527253199999994,11.452286919999999,1.33209036,0
8836,172.32,28.687184279999997,140.82321127999998,4.11526172,6.93580912,1.3019103200000002,0
8837,169.96,42.9361572,32.06121264,4.51751328,13.7954894,1.3153395200000002,0
8838,101.4,27.44422919999999,227.47391616000002,5.7906156399999995,9.49133576,1.304415,0
8839,16.76,27.015726639999997,121.07893568,3.5662196799999992,5.0430679438,1.32889548,0
8840,668.08,29.679437599999993,158.13914,4.18171316,7.693990160000001,1.3631567599999999,0
8841,127.4,28.555415200000002,38.73529200000001,4.352533640000001,7.76878848,1.2977502799999998,0
8842,116.16,31.872977599999995,309.331648,4.77946968,9.669772480000002,1.2939437200000001,1
8843,25.32,33.408124120000004,77.76668216,3.11004636,7.099430136000002,1.3425293600000001,0
8844,480.12,45.180771599999986,324.739244,4.81062804,15.619782399999998,1.3417088,0
8845,429.92,18.774097599999994,286.25071199999996,4.155633600000001,3.9271278240000003,1.3053519200000003,0
8846,405.44,23.836667199999997,77.189076,4.04774828,5.497060520000002,1.2821902399999998,0
8847,243.28,32.61690879999999,278.87756800000005,3.3918593200000005,7.5729322,1.3307643999999996,1
8848,233.76,36.14077879999999,85.08488559999999,5.965905640000001,14.494893359999999,1.335829,0
8849,201.68,32.63622960000001,198.34915999999998,3.86288652,8.28641144,1.28508776,1
8850,428.8,28.363629200000005,198.918336,3.7558640799999994,6.611683720000001,1.3169080400000004,0
8851,249.12,45.71685800000001,332.90597599999995,3.3420811199999996,11.812119880000001,1.29326756,1
8852,304.8,35.283983199999994,55.0703172,3.75894676,8.989559320000001,1.3073846,1
8853,452.72,31.718814799999997,108.9331336,5.15737428,10.29288876,1.3227962399999997,0
8854,229.36,31.4731068,314.139944,6.1884140400000005,12.4629384,1.3365925199999997,0
8855,64.0,29.1934164,87.38024,5.056625279999999,9.00430244,1.24865796,0
8856,107.16,25.394472,153.449536,3.6201141999999997,5.552820400000001,1.3223302799999999,0
8857,425.64,31.221607999999993,163.77790800000005,4.09653912,8.1558556,1.2850619999999995,0
8858,325.68,28.998819999999995,44.526942399999996,4.049798719999999,7.2066912799999985,1.3679945999999998,1
8859,97.6,18.50487108,80.1841652,3.62917704,3.17177893968,1.2760408399999998,0
8860,262.52,25.988578799999996,132.63854800000001,4.940377,7.4617622400000005,1.1419622399999998,0
8861,466.88,26.54642268,306.524036,4.95891528,8.114252160000001,1.3472115199999999,0
8862,678.4,27.021755199999994,139.928148,3.3081732,5.72256296,1.33694348,0
8863,241.44,39.9725048,68.50473919999999,5.0840527999999985,13.029835679999998,1.28435864,0
8864,63.96,14.143138039999998,69.462602,5.15361904,3.0764949628799996,1.29113896,0
8865,322.8,26.40137840000001,239.119516,3.5909780400000004,5.88882596,1.2895062399999997,0
8866,185.24,25.2973108,89.6953828,3.81739128,5.72833024,1.2673236,0
8867,162.12,33.3238564,301.9137080000001,4.078768,8.776443999999998,1.3360885999999998,1
8868,15.24,18.336248559999998,284.520596,5.8220956400000015,5.528465700839999,1.34740424,0
8869,51.32,26.2746736,310.14686,5.4896948,8.436433119999998,1.14717084,0
8870,31.8,30.560500000000005,225.96253999999996,4.972994679999999,9.53912516,1.2758348800000001,1
8871,144.8,26.562346,76.43541080000001,4.57657812,7.08920564,1.30541708,1
8872,226.28,33.837929599999995,41.26079159999999,3.38192972,8.043924559999999,1.2783798799999997,1
8873,200.24,26.72799119999999,185.94251176,3.7120202800000004,6.0534601199999996,1.3510851599999998,1
8874,68.0,32.8396608,139.00566800000001,4.103306079999999,8.75869264,1.25111716,0
8875,247.48,31.4072144,243.329712,3.6398038799999997,7.576543400000002,1.3125368800000003,1
8876,142.32,26.3979392,142.48987999999997,3.8909600799999997,6.40012248,1.2543138,0
8877,153.92,29.777115600000005,113.94125840000001,5.206547760000001,9.48045728,1.3046407599999998,1
8878,229.4,26.752685600000003,277.20625199999995,5.288812559999999,8.34036228,1.10778852,0
8879,118.72,27.058234,275.86381599999993,3.80395908,6.41766548,1.3516008000000002,1
8880,562.96,14.33648856,221.31300000000002,4.3527178399999995,2.79293832,1.3201949199999998,0
8881,44.72,27.568781600000012,60.273956,4.607748479999999,7.5312654,1.10231868,0
8882,306.8,31.89854039999999,51.980999439999984,4.063274120000001,8.308543479999999,1.2912188800000002,1
8883,36.96,26.11355508,189.74348799999999,4.122585559999999,6.018834639999999,1.16210368,0
8884,197.72,31.655767600000004,251.90749287999998,2.89775456,6.558586688,1.2920491600000004,0
8885,310.12,22.716758919999997,296.1200192,6.941923879999998,8.915078760000002,1.31776588,0
8886,24.72,27.23516480000001,42.651802800000006,4.412671520000001,7.1484194000000025,1.331485,0
8887,147.56,20.35484428,264.961432,3.7105650399999996,3.2976897176800004,1.2995433200000002,0
8888,276.44,35.2363156,305.870448,4.283219560000001,10.027387720000002,1.29625556,0
8889,200.12,17.226342960000004,93.02999199999998,4.1205514,3.2994707374800005,1.30017608,0
8890,358.08,36.621435999999996,333.84931600000004,3.30312076,8.73522332,1.3121110000000002,0
8891,372.16,27.60617439999999,100.94256847999999,5.888936839999999,9.85902768,1.3019809599999999,0
8892,540.0,39.1643636,226.60756800000001,3.886273,10.775303919999999,1.3165206799999998,0
8893,264.92,36.633774,302.1189044,3.758212800000001,8.966725360000002,1.3013421600000001,1
8894,69.64,23.2041672,167.6532243999999,4.65289604,5.75071156,1.2911852400000003,0
8895,154.16,29.451724799999987,292.32931599999995,4.6183162399999995,7.977461959999999,1.3354125199999998,1
8896,357.28,28.454064000000006,46.537061599999994,4.046766160000001,7.06261888,1.29718,0
8897,29.32,12.818176399999997,239.359804,7.752409920000002,3.9840960493600006,1.28501172,0
8898,165.96,33.127174399999994,73.17762055999998,4.649363879999999,9.88411452,1.3002771199999996,1
8899,111.52,26.657327200000005,196.56362399999995,4.6446638,7.32517312,1.2934667600000003,0
8900,38.28,22.631373759999995,277.6428159999999,6.167892999999998,5.793479324440001,1.35708528,0
8901,56.44,22.4433972,47.647537199999995,3.755520360000001,4.72536152,1.2920624400000003,0
8902,55.84,26.810880400000002,97.8966188,5.27274672,7.796004479999998,1.33701572,0
8903,184.88,31.222354799999998,282.21918400000004,4.08814428,8.130954080000002,1.2454006,0
8904,101.68,22.830632800000004,271.57233199999996,3.6536048799999996,4.78321472,1.10440856,0
8905,179.64,27.237139080000006,150.46171200000003,4.76334124,7.693467664,1.3154068799999998,0
8906,174.32,33.61693160000001,301.98765199999997,4.371423,9.559074840000001,1.3113706399999998,1
8907,510.96,27.532929599999992,219.35521199999997,3.9200664399999994,6.564419279999998,1.36509792,0
8908,192.64,23.6136336,113.98212416000003,6.095386680000001,7.861524079999999,1.35350892,0
8909,551.24,44.862661200000005,271.70035584,4.26627076,13.815008,1.3138756000000003,0
8910,20.36,23.832240920000004,277.965688,4.3384146,3.1819602703600003,1.13893588,0
8911,229.32,32.14634639999999,288.10338287999997,3.1608047599999995,7.0697858799999995,1.3422669999999999,1
8912,72.24,16.268427199999998,234.52980799999997,5.21814728,4.1474918800000005,1.27569268,0
8913,80.96,30.67628679999999,36.228946879999995,3.9566705200000003,7.765699360000001,1.3580967199999998,0
8914,214.92,34.0306756,172.472484,4.045361639999999,9.122939280000002,1.3131023600000002,1
8915,138.64,33.5838096,229.58853600000006,3.46033772,7.980885839999998,1.3583499600000002,1
8916,407.2,38.6793788,283.1488959999999,5.817584679999999,15.631853079999999,1.3095418799999998,0
8917,240.16,37.72252999999999,151.953448,3.95100604,10.296432520000002,1.3562239200000001,1
8918,76.6,42.9728172,164.91232675999996,5.17162308,11.888573159999998,1.3143030000000002,0
8919,28.76,31.6983876,69.016384,4.314534559999999,8.82232284,1.3081266399999998,0
8920,74.24,21.4322772,106.5629476,5.03389872,5.762904079999999,1.3231800400000002,0
8921,348.48,24.775909599999995,84.2291548,3.9241891200000003,5.665045760000001,1.3317154399999998,0
8922,83.56,27.7202992,144.41661600000003,3.789534320000001,6.53266024,1.3201355200000002,0
8923,111.6,31.121755199999985,72.01431999999998,5.092509119999999,9.933203520000001,1.3069476800000004,1
8924,22.12,22.3805148,48.9232356,4.74911316,6.225466720000001,1.2845487200000003,0
8925,201.24,16.00280468,148.49323320000002,6.486915439999999,5.09653896,1.2921840800000002,0
8926,93.16,23.202551999999997,303.32386399999996,4.850819120000001,6.22034588,1.1790535599999998,0
8927,637.04,25.664649599999994,125.78649999999999,5.011428680000001,7.401347279999998,1.3435885599999997,0
8928,487.68,20.5264212,64.56838520000001,4.48385652,4.96610004,1.3253130000000002,0
8929,27.76,37.6130484,220.29679599999997,3.87615536,10.09161256,1.29024436,0
8930,561.56,34.3714032,57.41668848000001,6.134532720000001,13.92208492,1.3266586800000002,0
8931,298.36,26.066813599999996,108.50594080000002,4.515947799999999,6.882618080000001,1.3512863200000005,0
8932,596.12,25.020625600000002,127.76277999999998,4.25191292,6.219329439999999,1.3478300399999998,0
8933,194.12,21.27070732,98.5070892,4.434710079999999,5.170547839999999,1.3132658000000001,0
8934,243.24,38.84158399999999,310.69267599999995,4.950463159999999,13.13163844,1.32217308,0
8935,168.48,27.703813200000003,133.53206400000002,3.6206237599999995,6.40439464,1.3475018799999998,0
8936,283.0,27.881768399999995,305.67589599999997,4.24530364,7.15184468,1.3468830399999998,0
8937,89.52,24.180070000000004,108.11505600000001,4.3524531999999985,5.96463868,1.2315495199999997,0
8938,298.08,30.131947600000004,75.4806004,4.17690256,7.889767839999999,1.30746816,1
8939,132.28,20.019142959999996,137.86227599999998,4.181393320000001,4.430333279999999,1.2633913200000002,0
8940,338.48,39.10028279999999,193.15641600000004,4.3202326399999995,11.608208800000002,1.3420159600000003,0
8941,337.48,36.4697356,315.93889920000004,3.9178829600000014,9.78697508,1.3021914799999998,1
8942,37.8,23.373962280000004,275.476724,5.1666893599999995,6.66088524,1.3609868000000003,0
8943,92.08,19.70068492,112.25237032,3.6767707199999995,4.234617767199999,1.1643840400000003,0
8944,318.56,27.88852,302.5780639999999,5.282050519999998,8.7772298,1.3005972,1
8945,192.84,18.891771199999994,153.488684,4.216799479999999,3.9402057200000007,1.3343006800000001,0
8946,227.48,32.4331004,133.80883599999999,3.53147696,7.69539128,1.2592228400000003,0
8947,65.56,14.673730559999992,39.6804064,4.908355759999999,3.90020984,1.3081249599999998,0
8948,324.24,26.5238816,80.94093088,5.86575172,8.653190120000001,1.28731296,0
8949,559.64,16.94970416,197.84609999999992,4.20024272,3.83093051164,1.32069388,0
8950,283.28,44.9974232,104.70873200000001,4.810572040000001,14.7854682,1.3013475199999995,1
8951,93.48,15.553127599999996,48.6467868,5.610707919999999,4.28894892,1.30722016,0
8952,142.64,33.05318119999999,331.48080000000004,4.534822600000001,9.64441816,1.3618191199999998,0
8953,326.6,16.664121440000002,147.2792088,4.70513372,2.9156107040000006,1.3193127200000003,0
8954,258.04,21.800802400000002,75.72964680000001,3.7108425599999997,4.53256664,1.3045702399999999,0
8955,316.68,33.69462748,93.91325328,4.5819940400000005,9.27428613148,1.3023447600000002,0
8956,437.32,15.939097840000002,108.84449639999998,4.6582894,3.10788843424,1.29332904,0
8957,158.24,17.726921599999997,300.798008,5.51866496,4.731279159999999,1.19436032,0
8958,175.68,21.450572,140.831364,4.541594560000001,5.15860548,1.102895,0
8959,37.52,26.50961599999999,307.813516,3.8165748800000006,6.047603840000001,1.3665305200000004,1
8960,129.28,25.934151999999997,298.07516799999996,5.541906839999999,8.8235864,1.3498193600000001,0
8961,384.28,36.4641616,106.87830039999999,3.105006559999999,8.343645919999998,1.32911136,0
8962,26.52,16.49526576,91.01189280000003,4.581332799999999,3.5596223799999995,1.27664472,0
8963,174.0,27.312141600000004,316.81539999999995,5.51432328,9.000117959999999,1.2236550000000002,0
8964,162.48,31.890232800000003,178.62707600000002,5.619670599999998,11.26856964,1.2920167200000001,0
8965,181.24,21.385310399999998,102.13599319999999,5.2766259999999985,6.307253640000002,1.3190492400000002,0
8966,126.68,21.26920044,167.44809200000003,6.61571548,5.67902117656,1.15335416,0
8967,108.92,33.4676,197.633404,4.10264108,9.1590554,1.2837749600000001,0
8968,160.52,19.31124228,140.05327200000002,5.07087372,4.892716999999998,1.27801396,0
8969,26.8,31.98289399999999,261.53326,3.6328579199999997,7.074549360000001,1.2460646800000001,0
8970,308.16,24.411321199999996,76.5771308,6.924290280000003,9.97320072,1.32919164,0
8971,176.48,20.057407599999998,156.17430800000002,4.97937928,5.202195000000001,1.2977187999999997,0
8972,76.48,27.31509,285.181888,3.47129384,6.461502800000001,1.3187932,1
8973,311.12,21.4227684,57.2240864,3.8335533200000005,4.5183379200000005,1.3323332399999999,1
8974,261.28,19.36827532,150.780372,4.190973959999999,4.147789199999999,1.313037,0
8975,164.32,29.4285316,273.61608400000006,4.4539746000000004,8.01468824,1.2588055200000001,0
8976,265.24,34.2350848,168.543972,3.5133424799999995,8.279874959999999,1.3114818,1
8977,163.6,22.535140800000004,244.93557200000004,5.8438902,7.4714022799999995,1.3619723199999998,0
8978,125.72,25.118891599999998,175.19377599999999,4.29528108,6.26830072,1.2880176800000003,0
8979,132.24,11.072482800000003,186.13739999999999,6.340436479999999,2.13372495204,1.30065236,0
8980,355.44,30.925142000000005,293.669808,4.972733279999999,9.711226439999999,1.3188683999999997,0
8981,398.56,22.701023999999997,186.29410800000005,4.1908381199999996,5.362445719999999,1.28459872,0
8982,190.36,26.684672400000004,54.38968080000001,3.81560728,6.202799680000001,1.27794052,0
8983,497.44,31.1628996,239.45516,3.6609380800000006,7.426474600000001,1.3553706399999998,0
8984,251.0,37.2657984,82.3735944,3.6588444000000004,9.58144292,1.3355352399999998,0
8985,107.56,14.218325479999999,161.438552,4.85090728,3.2161498359999996,1.2791668,0
8986,680.52,20.629501199999996,307.87835599999994,5.3452606000000005,5.88569464,1.3664776400000003,0
8987,198.52,27.322896799999988,90.8720536,6.273985440000001,10.39721536,1.36612144,0
8988,335.48,12.489592439999997,255.18779999999998,5.671686519999998,2.881436624,1.2991714800000003,0
8989,306.28,28.433368,149.57897599999998,4.261246119999999,7.398674080000001,1.31227136,0
8990,365.72,25.7603884,166.63128424,5.581471199999999,8.28215348,1.3293861200000001,0
8991,257.28,44.38279240000001,309.23311600000005,4.4107899999999995,13.874894199999996,1.3400497199999999,0
8992,246.56,26.501126799999994,150.83907967999997,3.5444525199999997,5.8288505200000005,1.2865570000000002,0
8993,126.0,26.3107076,270.5851359999999,3.762547279999999,5.9988833999999995,1.3206015999999996,0
8994,45.36,34.145859599999994,69.25740199999998,5.4714509200000006,12.196321880000001,1.2952131599999996,0
8995,374.76,31.70389079999999,235.93807600000002,3.7412324400000005,7.436636800000002,1.3208842,1
8996,130.12,34.155356399999995,151.34742,4.257199359999999,9.71088192,1.2808314,1
8997,408.72,31.898773599999995,154.59936800000003,5.08653076,10.1295414,1.30835376,1
8998,333.48,29.55957360000001,299.298888,2.96257092,6.3416138,1.2843727600000003,1
8999,112.44,14.171375639999999,248.7252,5.298515000000001,3.02727540076,1.3601549599999998,1
9000,184.64,28.461634000000004,175.67019200000001,3.31656344,6.19861572,1.3486061999999999,1
9001,220.52,15.617177199999999,178.288952,5.971445200000001,4.30029584,1.2764484000000003,0
9002,89.08,26.152749200000002,251.45624400000005,4.265407199999999,6.54615868,1.3016772400000005,0
9003,338.2,32.87739799999999,158.63345999999999,3.235851720000001,7.43459892,1.3069613599999998,1
9004,421.32,41.73355959999999,159.70662000000002,3.10846564,10.00650908,1.3434851999999997,0
9005,489.12,33.49870799999999,63.11541120000001,5.2817327999999995,11.56883444,1.3491414,0
9006,382.08,24.349598799999995,117.520468,4.5531606799999995,6.26071724,1.31660164,0
9007,80.6,17.320021999999998,151.51366,4.27708636,3.6803303199999995,1.3032057600000002,0
9008,257.52,34.531221200000005,280.5308240000001,4.25628932,9.709969599999997,1.2851991200000001,1
9009,168.32,18.420854,243.01704,3.8995240000000013,3.63134144,1.2997576400000002,0
9010,313.4,38.10796719999999,71.3609664,3.6309021600000007,9.821063760000001,1.30319664,1
9011,34.04,28.371880800000014,315.90401599999996,4.326266,7.5334078799999995,1.1337266,0
9012,81.92,32.9383852,193.592234,4.7064169200000014,7.6947021372,1.2732493199999997,0
9013,252.12,43.648546,233.94460400000003,4.25869104,13.4874756,1.2849256,0
9014,133.2,25.99248,77.72199479999999,3.4564739599999994,5.367034159999998,1.3077989999999997,0
9015,257.08,33.2843004,220.648268,6.180609559999998,15.095228759999996,1.363695,0
9016,252.76,13.01424204,274.21022,5.768656200000001,3.29338095072,1.3301371200000003,0
9017,307.52,26.875549200000002,281.04223600000006,6.08267388,9.696045080000001,1.3308558800000003,0
9018,137.72,21.190880799999995,118.77238679999999,5.694136759999999,6.475594159999999,1.22655708,0
9019,86.52,23.1999316,264.8232959999999,4.13566108,5.36526264,1.23172276,0
9020,373.28,26.5408176,247.52207600000006,4.801153799999999,7.6439359599999985,1.31686428,1
9021,164.64,29.893057600000002,241.00402848000002,4.798444479999999,8.86918276,1.3003814,1
9022,287.32,36.743331600000005,192.88022104,6.23236092,15.783891599999997,1.3055315199999997,0
9023,159.68,30.7216356,298.43276000000003,3.5136415200000006,7.27236772,1.3252932000000002,0
9024,151.56,19.2248804,82.94430999999999,5.758195680000001,5.65932668,1.28595368,0
9025,86.08,34.001474399999985,30.64362400000001,4.07604632,9.17708628,1.2160536,0
9026,267.12,36.383073599999996,55.2633836,4.407663319999999,10.734279999999998,1.3558701599999998,0
9027,118.92,33.62,118.58408680000001,4.147390680000001,9.16948636,1.29766144,0
9028,300.56,32.794437599999995,186.15225199999998,4.81143684,10.14521128,1.30997928,0
9029,262.72,28.827068000000008,137.61938399999997,4.73057192,8.246154800000001,1.3581200400000002,0
9030,361.96,26.643915599999993,94.8163832,3.903664160000001,6.306132359999999,1.3310924400000002,1
9031,242.24,24.89709944,118.20189599999999,4.463588240000001,5.33378789556,1.2961964400000001,0
9032,67.48,35.1015488,276.29688000000004,4.853778360000001,11.179123640000002,1.29465468,0
9033,395.68,22.21177,278.641704,5.2747578,6.961304760000002,1.3115668399999998,0
9034,161.44,22.874706520000004,165.749508,5.017260079999999,6.1320444279999995,1.3116632,1
9035,412.72,31.77629559999999,106.70608840000003,3.53958264,7.374976600000004,1.3126445999999998,1
9036,19.92,28.873916919999996,75.2332476,4.3558626,6.68625582564,1.3245765999999997,0
9037,226.68,17.924057599999998,143.55914559999997,3.4935666800000007,3.4215614800000007,1.2756808799999997,0
9038,98.8,23.202156399999993,148.84263199999998,3.7436490399999998,5.07861496,1.3580008399999997,1
9039,32.8,28.802725600000002,278.255276,4.72081684,8.10956348,1.292688,0
9040,312.6,23.69380572,223.275968,4.22829504,5.2008428242,1.3120553999999998,0
9041,223.16,24.358943200000002,215.889912,4.2206524000000005,5.82322692,1.3346652399999999,0
9042,497.32,38.61954679999999,23.826780800000005,3.6967872799999997,10.11093544,1.35059388,0
9043,410.52,28.838306000000006,310.83587600000004,4.22108424,7.542594399999998,1.2959792,0
9044,363.84,26.59038772,256.8207952,4.1636336400000005,6.66326372,1.3273838800000002,0
9045,351.44,29.5165728,248.08318400000007,3.1299655999999993,6.1924041999999995,1.325933,0
9046,145.64,32.485462000000005,188.43890000000002,3.8339863599999995,8.295077720000002,1.36056756,1
9047,369.68,15.523472719999997,228.88170800000003,6.13257336,5.6368318353600015,1.3545161199999998,0
9048,425.52,42.250200400000004,308.31135159999997,3.2087464,10.306477160000002,1.308786,1
9049,81.76,28.02188559999999,172.543204,3.8807874399999998,6.694260640000001,1.3122269599999998,0
9050,78.0,23.639814400000006,81.30504479999996,3.2853176800000004,4.724707319999999,1.2758586,0
9051,121.84,34.1639552,282.3581040000001,4.996164080000001,11.15278852,1.3096703200000002,1
9052,200.76,28.2577716,146.26846111999998,4.2736798,7.463273079999999,1.2936590799999999,0
9053,66.52,23.416921479999996,198.71268279999995,4.41510104,5.75526888,1.32116628,0
9054,111.84,39.195665600000005,40.333621199999996,3.9849611999999994,10.8824996,1.29448816,1
9055,226.24,14.091156399999997,169.761444,4.58920924,2.58065013832,1.29164288,0
9056,278.96,28.298788,297.84914799999996,6.3687258,11.05713344,1.3390994800000002,0
9057,281.52,30.437685999999996,110.32796703999996,3.11819164,6.521379800000002,1.36731332,0
9058,491.6,41.751854800000004,186.10459600000002,4.7092764,13.977940439999998,1.33103128,0
9059,11.04,22.2853072,169.55495599999998,4.33171268,5.25871424,1.30139352,0
9060,95.6,26.627337599999997,254.16408800000008,5.32186252,8.805955480000002,1.2859540400000002,0
9061,238.76,26.3700732,126.6152016,4.00895256,6.38793188,1.2840579200000002,0
9062,136.44,21.089136800000006,190.74464000000003,4.965363920000001,5.795161959999999,1.1524611599999997,0
9063,28.44,13.437689160000005,291.75781599999993,6.514538640000001,3.2288618003999994,1.3444556000000003,0
9064,448.76,29.786940799999993,164.89873527999993,3.4191374000000003,6.876753880000001,1.36573824,0
9065,115.68,30.17534959999999,66.19448079999998,4.0542175600000006,7.781156759999999,1.17143368,0
9066,478.2,30.436017999999994,285.89878400000003,5.25076652,9.891501040000001,1.3664448800000002,1
9067,369.76,37.211304399999996,272.67658400000005,5.973027640000001,15.084611999999998,1.36464932,0
9068,143.2,34.640366799999995,74.5060012,4.557599119999998,10.30555076,1.29143508,0
9069,23.36,16.670456919999996,167.67936799999998,5.0185502799999995,3.5264683349200006,1.29846224,0
9070,54.44,19.488730399999994,145.302428,4.311490880000001,3.7387719319999997,1.30394612,0
9071,302.68,31.903096399999995,220.26025600000008,3.280387400000001,7.156143119999999,1.30140872,1
9072,16.8,16.931637480000003,119.79375119999997,6.4653013600000016,2.84472613704,1.22534304,0
9073,32.96,29.873153199999997,77.70980888,3.60310616,6.543338360000002,1.3016443199999999,0
9074,133.76,33.822078000000005,338.2159680000001,3.40253448,7.9723376,1.2993124799999998,0
9075,54.0,29.296696559999997,282.34887408000003,3.22890084,6.1930974800000005,1.3190253199999997,0
9076,195.44,22.651769999999996,24.096057600000005,5.007464080000001,6.134440119999999,1.3651233999999997,0
9077,109.16,39.42575479999999,50.10213319999999,4.119735960000001,10.4878774,1.3013704,0
9078,19.68,17.34256924,226.74816047999994,6.925517359999998,5.3646793274,1.3569623999999996,0
9079,372.04,30.742136000000002,289.66293199999996,6.844299719999999,14.332765160000001,1.31494108,0
9080,293.96,25.210926399999998,317.18291200000004,4.889785519999998,7.09721376,1.3016749200000002,0
9081,104.6,27.57040479999999,271.99508328,5.629548640000001,9.271510319999999,1.291891,0
9082,152.56,30.758273999999993,249.93627200000003,4.55876964,8.758707680000002,1.2551683200000001,0
9083,186.72,20.365320399999998,105.13079399999998,4.060376680000001,4.3788572,1.27935876,0
9084,113.0,35.8301064,247.30718399999998,3.3626816799999997,8.63902648,1.29979204,0
9085,56.72,21.9727888,91.28022879999999,4.62431204,5.46807884,1.246191,0
9086,78.4,23.545494400000003,306.14321600000005,3.8755527200000013,5.2461948,1.32910784,0
9087,73.68,25.442563200000006,140.950156,5.5480846800000005,8.179699159999998,1.31131372,0
9088,191.2,38.795849600000004,97.94364440000001,4.201315640000001,11.35804932,1.3074294400000002,1
9089,197.96,17.036593999999994,106.28040400000002,6.107825600000001,5.394149039999999,1.33210936,0
9090,583.0,39.343672,270.790676,3.7373098,10.437281440000001,1.3130319999999998,0
9091,271.8,26.98987948,156.37135999999998,4.04081472,6.73470844,1.31481192,1
9092,93.48,29.3033952,244.034364,3.8681033200000003,7.082198199999999,1.1905498,0
9093,109.8,34.835084399999985,163.559268,2.6453377600000003,6.770053963999999,1.30852488,0
9094,24.16,20.83534816,187.58302056,6.202267000000001,4.360954501359999,1.32772696,0
9095,242.96,29.9613296,327.97015200000004,3.5533759600000008,6.844033519999997,1.26834616,0
9096,69.28,15.125425600000002,283.53540399999997,5.612388199999998,3.45978608928,1.2740874400000002,0
9097,48.0,27.23020200000001,277.03203599999995,4.32116476,7.03929984,1.2403045599999998,0
9098,552.32,39.414608799999996,277.04921200000007,5.942507640000001,16.327911999999998,1.36236748,0
9099,108.28,23.336960799999996,229.03731200000001,4.400498719999999,5.70859252,1.29733044,0
9100,96.52,29.307057599999997,77.34934679999999,3.7370938800000006,6.91344544,1.3578727600000002,0
9101,76.92,17.3994052,271.7999960000001,4.55804708,3.7674434319999994,1.3591971600000001,0
9102,112.2,12.804729479999999,200.86260000000001,7.8907525199999995,2.54403946464,1.3074432800000002,0
9103,203.24,25.4950164,266.89729600000004,3.549720760000001,5.485498280000002,1.3455519200000001,1
9104,173.84,27.5376024,335.145268,3.6306184000000004,6.234433879999999,1.30557704,0
9105,261.32,30.200219599999997,274.300576,4.363850959999999,8.259960520000002,1.3128108,0
9106,401.88,44.1149932,177.870972,4.637238920000001,14.7005984,1.3093717600000003,1
9107,157.6,30.3324876,311.84424400000006,4.09532124,7.828431839999999,1.3590921599999999,1
9108,122.44,22.10117924,114.21755199999998,3.6500963199999994,4.679239611999998,1.18009296,0
9109,96.84,31.539746399999984,257.21763599999997,3.632705440000001,7.548092399999999,1.2763425200000003,0
9110,15.84,20.829761360000003,284.81790800000005,4.92714968,4.6054291341999996,1.3554957199999997,0
9111,59.88,40.267748,340.686988,3.0030741599999993,9.361014240000001,1.30140724,0
9112,284.88,24.158233600000003,305.3264999999999,4.7244883600000005,6.37629448,1.3444054800000003,0
9113,318.4,17.692862279999996,156.17955960000003,6.28379412,4.409783458800001,1.30129404,0
9114,51.92,24.4792648,117.38729,5.754400120000001,7.415184919999999,1.1476038000000002,0
9115,116.76,35.0529716,310.04347200000007,3.2866012000000002,8.160530360000001,1.29680964,0
9116,333.48,37.4655516,108.31383439999999,4.37566312,11.271325560000001,1.33158728,1
9117,230.72,29.19572239999999,201.51690400000004,4.589475920000001,8.116874679999999,1.3046555999999998,0
9118,600.2,27.236536799999996,234.10681999999989,3.0028766,5.474777920000001,1.33942416,0
9119,51.08,17.514313199999997,274.75155199999995,5.190026400000001,4.375309680000001,1.28705744,0
9120,476.8,31.95405679999999,297.60438400000004,4.0808882,8.399257440000003,1.3202977999999999,1
9121,198.12,32.69050479999999,195.92518800000002,3.8970443599999998,9.641884680000002,1.3029229599999999,0
9122,42.08,19.62866652,56.530896000000006,7.381716160000001,7.3021299282799985,1.13194152,0
9123,45.4,17.718001599999997,265.10971600000005,4.86810332,4.27541492,1.3503470000000002,0
9124,79.16,36.81835480000001,208.59015196000001,3.58162816,9.21647292,1.25055804,0
9125,291.56,30.9868416,66.756518,3.7302229599999994,7.4822394,1.3667001999999997,1
9126,147.88,27.575249600000003,274.450984,3.9904207199999995,6.841017999999999,1.3144584000000001,0
9127,430.16,23.08015976,77.2110876,6.15692632,7.803833152120001,1.3295906799999997,0
9128,14.32,15.116102560000002,98.99999399999999,4.6113159999999995,3.3124433080000006,1.3325158799999999,0
9129,269.36,30.432480400000003,296.35564,3.86376676,7.44549732,1.3382253999999998,0
9130,321.96,28.20881839999999,347.189624,4.894882319999999,8.28924608,1.3198629200000003,0
9131,206.84,30.863777599999995,24.479906879999994,4.425033120000002,8.554911039999999,1.35360584,0
9132,30.4,49.339175999999995,179.857192,4.295819079999999,15.08802292,1.1781130000000002,0
9133,74.48,12.0247546,57.51300999999999,6.506823399999998,2.7443318296399997,1.3077025599999998,0
9134,322.68,34.103386799999996,162.26736,5.432762839999999,12.18843932,1.34034248,1
9135,171.48,32.9459728,313.148326,3.5635826399999995,7.8522584,1.3668727999999999,1
9136,73.04,27.1162892,134.59057199999998,4.85148112,7.71563116,1.23103452,0
9137,61.84,36.55457199999999,268.13078696,3.1117595600000003,8.37864392,1.3014793599999999,0
9138,60.36,22.22690388,158.63516079999997,4.549333239999999,6.124118520000001,1.3094352800000002,0
9139,385.92,34.689111999999994,83.8438008,5.024485000000001,11.350638639999998,1.32768116,1
9140,268.88,24.833726400000003,244.89705799999996,3.4386094800000007,5.24220912,1.2908827999999999,1
9141,31.48,26.959897200000004,316.52355208,5.965018679999999,9.585990680000002,1.23918572,0
9142,205.08,28.219384399999996,314.85863599999993,5.169228840000001,8.789135880000002,1.3114102000000003,1
9143,198.52,33.147243599999996,298.70759671999997,4.654550120000001,9.922506680000001,1.29587808,1
9144,695.32,30.82903519999999,211.307572,3.475857439999999,7.070297040000001,1.3436278400000004,0
9145,69.0,34.60417347999999,164.0832452,6.342541159999997,7.925506637639999,1.3053296000000003,0
9146,156.12,32.001828399999994,175.05447999999996,3.74106996,7.97081728,1.3408014,1
9147,54.08,30.11335348,317.36551799999995,5.136761839999999,9.830955799999998,1.28871132,0
9148,160.36,26.78908520000001,318.69148,4.773401200000001,7.520835040000001,1.13660912,0
9149,260.56,25.258810000000008,162.39797199999998,4.28859464,6.258049280000002,1.30627844,0
9150,52.76,22.554499200000006,237.39044799999996,3.271732239999999,4.37201912,1.3559629999999998,0
9151,197.72,34.1302592,68.9763288,4.753462160000001,10.341329080000001,1.3046864,0
9152,129.32,22.0573272,121.04610480000001,4.84997156,5.66160344,1.14856256,0
9153,193.72,27.568725599999993,190.57691720000003,4.71571868,7.95488884,1.30418252,1
9154,42.6,19.1392572,189.03164000000004,4.88865796,4.730922360000001,1.2954907199999999,0
9155,69.92,31.285394799999985,71.245126,4.508336079999999,8.8324034,1.25368416,0
9156,89.16,31.644637999999997,46.05767448,3.849913240000001,7.879906999999999,1.3402844000000003,1
9157,233.2,33.12411588,159.48739160000002,2.8741736,6.693634360000002,1.3087110800000001,0
9158,189.24,22.7300652,126.71069200000002,3.8880294399999995,4.83162008,1.28689652,0
9159,183.88,29.922958800000007,266.9057364000001,3.3737928399999997,6.7844284,1.3340978,1
9160,112.44,34.44733839999999,150.29588800000002,4.56142908,10.14576808,1.2529930799999998,0
9161,227.48,36.858875600000005,87.93386439999999,4.78261728,11.711408120000002,1.30232372,1
9162,196.44,34.44909439999999,276.7306919999999,4.19585732,9.529328199999998,1.30036636,0
9163,231.84,29.974211999999998,295.7895244,3.6877383199999993,7.112937119999998,1.2748654000000001,1
9164,122.6,24.559903999999996,232.80002080000003,4.192858960000001,5.92943344,1.2961531199999998,0
9165,584.96,34.809790400000004,103.2584496,4.25180268,9.8087562,1.3234358,0
9166,244.76,38.23223959999999,45.99888080000001,3.583334040000001,9.779739320000001,1.3648202400000002,0
9167,171.48,39.2967768,168.851976,3.1815741600000007,9.219593880000001,1.3001162800000001,1
9168,101.04,31.005977199999982,330.479052,4.5606056,8.835743760000002,1.36458264,0
9169,349.88,31.09127359999999,90.6417248,3.8873382800000003,7.809239919999999,1.3316305200000003,1
9170,219.32,15.849429839999997,119.35288800000001,4.582023240000001,2.54918836032,1.31311192,0
9171,41.44,15.9884292,200.91434719999998,7.300110239999999,4.1277328642399995,1.11755708,0
9172,96.64,35.083375200000006,121.9089408,4.610655759999999,10.706786080000002,1.2604919600000002,0
9173,257.44,34.968823199999996,86.43383199999998,3.7477660800000008,8.85126408,1.3565728799999999,1
9174,87.92,11.046599159999998,102.83821400000001,6.285309080000001,2.29907471424,1.30736952,0
9175,80.84,32.0636972,118.92932880000001,4.80299812,9.67261916,1.32807388,0
9176,22.6,13.98107508,148.13083319999998,7.962356279999999,1.5613876245200005,1.2940980000000002,0
9177,198.84,27.340182799999997,229.26707199999998,4.28939144,6.74698412,1.27973592,0
9178,373.8,33.5300716,168.22359599999996,4.30778136,9.363712919999998,1.27757584,1
9179,170.16,22.19479571999999,99.7004644,5.366943120000001,5.853424951999999,1.3119608799999998,0
9180,147.64,27.789912799999996,242.92573199999995,5.384335999999998,8.2868726,1.30241828,1
9181,150.52,29.79089,311.940304,3.2176413599999996,6.38292136,1.25783264,0
9182,353.84,25.7253532,325.64519688,4.5665070000000005,6.71402076,1.3560359999999998,0
9183,95.84,20.4695292,158.56544,4.42230788,4.74036596,1.3084544000000002,0
9184,327.04,35.27429359999999,327.245724,4.22352868,9.894565879999998,1.2878812000000002,0
9185,43.68,26.139549880000004,234.5322680000001,4.5804194,6.529670239999999,1.34998376,0
9186,261.04,19.2201552,257.11304400000006,3.78630924,3.808260480000001,1.30383524,0
9187,191.28,29.765947200000006,137.85272799999998,3.0798004399999996,6.368203360000001,1.35324236,1
9188,441.12,30.7567544,163.81602759999998,4.752409119999999,9.09448364,1.36899012,0
9189,271.68,20.9098116,297.48301200000003,6.5982538,7.45479688,1.2902856399999998,0
9190,141.84,36.905847200000004,94.5123756,4.6937184400000005,11.5696806,1.21666948,0
9191,476.28,23.3894264,285.89381599999996,3.9472020800000003,5.2464524400000005,1.31915512,0
9192,73.16,35.313011599999996,112.84400304,3.9794665200000003,10.116100280000001,1.36539344,0
9193,442.48,33.4736136,233.01386399999998,4.8966512799999995,11.52077244,1.3579950800000002,1
9194,182.12,46.52132480000001,347.761068,4.58929996,15.515633600000006,1.30537348,0
9195,306.12,43.82753439999998,71.47830035999999,4.07009368,12.58608952,1.30303004,1
9196,524.72,21.507574799999997,208.40985200000006,4.005066079999999,4.76552024,1.3653323200000003,0
9197,77.12,25.258861079999996,46.52563359999999,5.19079452,7.38472468,1.29219432,0
9198,30.08,24.565446,261.69681999999995,4.541127040000001,6.316763560000002,1.3427741999999998,0
9199,415.64,26.366176,298.737716,3.678512599999999,5.855700760000002,1.3191026800000003,1
9200,362.48,27.202840799999993,239.55578912000004,3.6826349200000004,6.172165880000001,1.36938608,0
9201,58.28,21.025912,214.144108,5.899402919999999,6.5560496000000015,1.2838867599999997,0
9202,82.84,33.851990400000005,326.07256799999993,4.377312280000001,9.658441320000001,1.3146855199999998,0
9203,78.48,25.1290676,229.8421388000001,4.53814308,6.52464984,1.36570644,0
9204,486.52,48.419914799999994,245.510288,4.00210892,14.374600800000003,1.3114519599999996,0
9205,107.4,26.525076,191.2057088,4.758859999999999,8.067027028,1.3070195199999999,0
9206,298.96,49.092678,192.09360400000003,3.9351097600000005,14.649538799999998,1.2931434400000001,0
9207,57.32,22.035487719999995,174.38683799999998,6.642686520000001,8.219241344,1.30397964,0
9208,29.96,27.328702,107.0607576,4.7987396,7.86011476,1.2816463200000001,0
9209,221.6,30.317147999999996,28.508343279999995,3.696100320000001,7.213613640000001,1.32923148,0
9210,317.04,23.539763760000007,75.6,4.255313720000001,5.478318879999998,1.2837906,1
9211,44.68,19.678243879999997,289.956948,5.943437640000002,5.378441699519999,1.2858267199999998,0
9212,708.92,39.5878328,116.39633332000001,5.128756840000001,13.678249240000003,1.3421443199999998,0
9213,285.36,21.834858,112.12516,4.5022582400000015,5.3046734,1.3360765600000002,0
9214,345.88,32.71706199999999,235.27114,4.20072836,9.063502400000003,1.32045104,1
9215,283.04,33.842884399999996,194.40525200000005,3.3819569199999995,7.989381120000001,1.3395134799999997,1
9216,270.72,30.725121999999995,245.44335200000006,4.441540720000001,8.474448160000001,1.3044590399999998,1
9217,15.72,46.8572136,184.89752000000001,4.48677956,15.2326788,1.27437368,1
9218,330.48,29.801257200000006,48.665659999999995,5.149425480000001,9.376178080000003,1.3680092799999999,0
9219,342.08,17.15003136,115.37399759999998,5.59369856,4.475165367999999,1.28265028,0
9220,118.48,23.559285999999993,112.89884439999994,2.9334212,4.443328536,1.2564190399999997,0
9221,138.6,30.887290799999988,195.42085200000002,4.386016000000001,8.51758472,1.3437233999999998,0
9222,552.84,18.8808388,112.446446,3.80189004,3.732157160000001,1.3280571199999998,0
9223,544.92,32.1633532,195.735548,3.9811942399999998,8.19156348,1.3487544,1
9224,17.24,17.703199999999995,173.47905999999995,5.02269476,4.69107116,1.28561588,0
9225,479.36,35.1363672,96.42889960000001,4.24983912,10.366104000000002,1.34545756,0
9226,67.96,30.844834519999996,220.78532800000005,4.453091919999999,7.57056178604,1.3026632000000005,1
9227,514.76,31.78044759999999,100.84185839999998,3.1922160399999995,6.99719728,1.3106876800000002,0
9228,452.68,43.63312960000001,100.5505044,3.09796976,10.61966868,1.3281541600000002,1
9229,427.88,38.56235720000001,336.36907199999996,3.29885872,9.386232880000001,1.31440176,0
9230,69.44,20.110426680000003,137.28776000000002,5.015582880000001,4.654809125319999,1.2997075599999999,0
9231,216.64,26.286094,147.805796,3.5796536000000003,5.78156128,1.1466933599999998,0
9232,101.0,15.640034999999996,57.282258799999994,5.5178517199999995,4.068553679999999,1.3225436400000001,0
9233,68.4,23.423805999999995,86.049188,3.614620199999999,4.957276960000001,1.3120065200000002,0
9234,248.92,28.794678799999996,239.47390335999998,5.753119760000001,11.232689760000001,1.33164164,0
9235,215.44,31.212360399999998,174.25141064000002,4.722547,9.1453694,1.3515912800000003,0
9236,249.64,36.348910399999994,319.671524,3.151353040000001,8.337378440000002,1.3674441199999998,0
9237,24.24,28.456031999999997,150.44661200000002,4.0355566,7.08375312,1.3057200000000002,0
9238,65.72,25.877606800000002,131.22474400000002,4.37856128,6.620556640000001,1.10626996,0
9239,265.32,24.993171200000003,192.77566399999995,4.44362716,6.384352000000002,1.34693952,1
9240,59.76,14.380574679999995,114.93509519999999,5.94084452,2.5958676022800002,1.3053554399999996,0
9241,297.28,28.445496399999996,40.558448000000006,4.05082296,7.18502584,1.29016644,0
9242,348.84,20.274757200000003,108.55595,6.981611919999999,7.621846799999999,1.2787964799999998,0
9243,390.32,30.584939600000002,30.127037599999994,3.469412759999999,6.962038680000001,1.36937976,0
9244,154.28,29.89452960000001,188.14070800000002,4.02328772,7.3336670800000014,1.32553332,0
9245,10.36,19.15956132,282.021184,6.96648312,3.0736121714,1.13954384,0
9246,232.48,39.064279199999994,273.07211599999994,4.86894284,13.008904639999999,1.28131268,0
9247,115.16,15.926968839999997,246.97395999999998,3.9826036,3.2022089240000002,1.2963387599999998,1
9248,327.28,39.68187839999999,215.56776399999993,4.0097716,11.198146920000001,1.3625296,0
9249,163.92,28.370382400000004,134.43855200000002,4.3250537200000005,7.506731440000001,1.3099592000000002,0
9250,409.92,38.826090399999984,236.01521199999996,3.1832152800000006,9.219364840000003,1.3210836800000003,1
9251,79.8,19.797901359999997,215.997872,5.633529159999999,5.752705240000001,1.2844932000000007,0
9252,98.52,28.703413999999995,201.727872,4.02568324,7.13876268,1.11505628,0
9253,331.16,23.0980416,69.4907412,6.3382992400000004,8.18362004,1.33001536,0
9254,74.2,27.966685599999995,214.52842799999996,5.194077360000001,8.691605639999999,1.2946608,0
9255,339.88,40.8293148,260.72518800000006,3.0964464799999996,9.704786840000002,1.3087771199999998,1
9256,387.2,34.9607772,127.60383600000003,4.45006316,10.270468200000003,1.3054395599999997,0
9257,326.52,26.385068799999996,140.12094888000001,5.555238720000001,8.724034319999998,1.32118644,0
9258,95.88,28.6246752,284.264716,5.019846240000001,8.7139868,1.2387624000000002,0
9259,381.88,28.748271200000005,77.35495088,5.20009848,10.206037240000002,1.3550206400000002,0
9260,146.32,24.185900399999994,166.30167847999996,6.303308120000001,7.824233639999999,1.3633264,0
9261,247.4,31.4427276,227.48366399999998,3.51321136,7.495222160000001,1.2801905599999999,1
9262,46.44,21.72714988,99.99507608,3.7987447199999997,4.802996396,1.3380684,0
9263,17.52,18.78812052,167.58795,3.3020862400000004,3.0009075999999997,1.34226536,0
9264,260.08,31.060931599999986,256.9843679999999,4.10162852,8.1345606,1.3045657199999996,1
9265,443.08,30.504681999999992,272.778288,5.30976404,10.0505782,1.34398172,1
9266,88.28,19.809061999999997,283.381172,5.488644839999998,5.132005754119998,1.29483148,0
9267,256.96,46.315528400000005,301.260188,4.49624992,15.010355919999995,1.2802420400000003,0
9268,418.84,30.787099200000007,203.65622,5.56323048,11.117228399999997,1.3144784,0
9269,709.16,29.6428864,126.61045200000001,5.597656000000001,10.242245279999999,1.33823416,0
9270,283.6,40.0788452,118.84716479999999,5.19291704,14.098428680000001,1.3019192400000004,1
9271,305.96,12.928153119999998,136.74165999999997,4.94118312,2.3498294457199997,1.30007748,0
9272,140.4,27.945893599999994,343.23885199999995,5.0382073599999995,8.40727024,1.3642844400000005,0
9273,199.6,32.7632044,219.68108840000002,6.518344440000002,8.0749109058,1.3342593600000001,0
9274,431.6,28.6574132,199.86111463999998,4.085728360000001,7.2855699199999995,1.3234747199999999,0
9275,174.68,8.165145319999997,112.33739600000001,6.6843102,0.9787567744000001,1.2783414000000002,0
9276,45.76,23.762382000000002,169.040196,5.455059639999999,7.26608096,1.2730582799999999,0
9277,259.88,42.096868400000005,73.7520288,3.818417839999999,11.633720960000003,1.2895602800000001,1
9278,423.96,37.0322476,183.45066800000004,4.0161736,10.272056520000001,1.3195318799999998,1
9279,264.4,21.4861816,96.0313292,5.56499748,6.371038520000001,1.29058296,0
9280,96.04,28.00473399999999,317.0776024799999,3.9431783199999995,6.7730090800000005,1.1146797599999998,0
9281,167.08,40.035417599999995,67.0349684,4.577228399999999,12.887941439999999,1.26426084,0
9282,292.96,14.1350632,68.2708524,4.592211840000001,2.8042299745999997,1.3345724799999996,0
9283,685.44,28.477617999999993,25.356142799999997,4.12927932,7.22154868,1.3481044800000004,0
9284,394.6,26.072446799999998,141.14893599999996,5.968835640000001,9.20748744,1.28900892,0
9285,219.36,22.487329200000005,221.933892,4.9307377599999995,6.045782759999998,1.29993516,0
9286,306.2,28.072752400000002,294.390244,5.064718279999999,8.43458288,1.3013504400000004,1
9287,136.76,26.431837199999997,142.40289599999997,5.33721092,8.21216088,1.29608712,0
9288,373.68,32.7528532,109.32682360000003,5.07767,10.644946399999998,1.3588221200000001,0
9289,48.76,14.993034559999998,342.325208,4.714599,2.509797432,1.27369272,0
9290,65.16,20.567909440000005,80.0349044,6.511496319999999,6.775964876,1.2574971200000002,0
9291,218.64,32.90143439999999,301.79827200000005,3.4707439199999994,7.71519648,1.3088705599999997,0
9292,239.92,29.494695999999998,141.53516000000002,5.7745256,10.581107600000001,1.3129123199999997,0
9293,378.24,18.377974119999998,199.28588000000002,6.96137564,6.322339159999999,1.3162973999999996,0
9294,48.84,18.95333612,121.87115560000001,4.4622776,4.179297999999999,1.2808361200000002,1
9295,34.28,25.741398399999994,130.47339600000004,3.76255184,5.81273808,1.1542383999999997,0
9296,239.08,33.45640560000001,212.20772799999995,3.7808270000000004,8.448860960000001,1.27482744,0
9297,616.4,44.19564480000001,263.6687732,5.672781440000001,17.622700800000004,1.3206034,0
9298,414.76,24.338880919999998,230.16022000000004,3.1046242800000012,4.822224419999999,1.30632164,0
9299,119.48,16.8959236,307.3209279999999,7.420737040000001,6.5197532,1.21546216,0
9300,395.0,34.92922279999999,254.780472,4.16053344,9.682021439999998,1.3114637199999999,1
9301,355.36,24.1671272,271.127952,6.81786824,9.849764920000002,1.3175798,0
9302,533.32,36.0309536,147.945272,4.0995444,10.02221068,1.3274642799999998,1
9303,117.56,33.89502759999999,68.1882588,4.1161196,9.83406856,1.35161504,0
9304,131.92,18.8904236,135.19801199999998,4.561526919999999,4.3797314,1.2780254399999997,0
9305,260.92,19.6660924,277.7298,5.834211079999999,6.01659352,1.34278736,0
9306,414.92,27.235827999999998,112.204584,5.081136959999999,8.19222656,1.32466656,0
9307,28.64,37.65968399999999,170.62695600000004,3.7279387199999996,9.82373732,1.3227440400000001,0
9308,14.44,27.1847048,113.15546080000001,4.08837296,6.72021212,1.3513389600000003,1
9309,487.36,35.45951719999999,92.69206199999999,4.94866148,11.77198052,1.37021632,0
9310,161.56,23.549061079999998,178.10049999999995,4.91038204,5.97970484,1.3269066,1
9311,100.92,29.708718400000002,30.662059680000002,3.1964786400000005,6.671802199999999,1.09708728,0
9312,140.2,23.040326399999998,216.71632448,4.77632356,6.132180999999999,1.3182900000000002,0
9313,52.44,30.516968399999996,85.01218480000001,4.0049784399999995,7.7169801200000006,1.3125999600000002,0
9314,239.36,20.59838984,222.6575592,3.3119014799999995,4.0585233578799995,1.30138328,1
9315,496.48,29.496705199999994,231.883896,6.30295916,11.70903132,1.3287922400000003,0
9316,272.52,28.082290399999998,91.71197680000002,5.8225443199999996,10.917124,1.27544636,0
9317,134.68,30.792488400000003,111.75018768,6.260207120000001,12.742185879999997,1.26273944,0
9318,216.8,28.936666799999994,114.10882479999998,4.8864629200000005,8.648864119999999,1.2635460399999996,0
9319,21.04,24.495706,269.6435428,2.77572144,4.270597599999999,1.3082714400000004,0
9320,14.24,37.4344988,120.24574080000001,4.34589712,11.024229319999996,1.22683312,0
9321,135.68,15.520543,163.88699839999998,3.36948624,2.64933668,1.29842164,0
9322,170.48,32.3993484,81.06649679999998,4.034229839999999,8.517922559999999,1.2639297999999999,0
9323,20.68,28.942305999999995,152.69325600000005,4.151767319999999,7.4169198000000005,1.30605028,0
9324,20.92,31.515966839999997,290.367276,4.05026964,7.765375639999999,1.3502349999999999,0
9325,292.84,47.57946919999999,305.0540479999999,3.4625233200000003,12.788496720000001,1.30785404,0
9326,405.8,42.508938400000005,272.359696,5.603601839999999,16.90569,1.3661393199999998,0
9327,117.52,16.695867759999995,118.8708188,5.33876328,5.334906179760001,1.2532006399999998,0
9328,395.72,33.44117119999999,228.99603200000004,4.31893484,9.211998719999999,1.3151568799999995,0
9329,115.6,16.9967444,79.20959319999999,3.95464812,3.30071772,1.3394629599999999,1
9330,125.4,29.452969199999995,275.9448616,5.468630520000001,9.86965872,1.2823965600000002,0
9331,37.6,18.34264116,162.971696,5.97434564,4.910721200000001,1.3427722000000002,0
9332,117.76,37.94866199999999,52.779772,4.075672719999999,10.185136600000002,1.3013991200000001,0
9333,221.4,26.26932412,68.64331399999999,5.265470400000001,7.34967836,1.36831136,0
9334,336.48,32.056302,176.30393999999995,4.45128584,9.12643656,1.2956198399999999,1
9335,276.2,31.244423719999997,152.47893200000001,4.55708032,7.218591098679999,1.28871496,1
9336,103.92,20.544665879999993,310.2408359999999,5.12065924,5.120553879999999,1.3352177999999995,0
9337,218.24,36.6559944,76.54192600000002,6.0804444,15.075921240000003,1.3349930000000003,0
9338,82.52,23.058481999999998,46.773307200000005,3.7268802000000005,4.922195839999999,1.10596764,0
9339,74.68,33.31958879999999,268.74371160000004,3.3654743199999997,7.708868040000001,1.1086039200000002,0
9340,130.8,32.75133959999999,287.00470848000003,3.8511997599999996,8.297648200000003,1.2951366000000002,1
9341,244.16,29.658607600000003,223.53453599999997,4.879933999999999,8.89857988,1.3470661200000003,0
9342,240.36,11.615236119999997,143.84879999999998,4.18075972,1.9896175520000003,1.27517144,0
9343,157.4,30.168330399999995,243.541764,4.97360564,9.30609496,1.35940128,1
9344,181.72,34.504431600000004,117.33769400000003,3.60355468,8.39470336,1.2796643200000002,1
9345,449.68,27.6235132,345.674772,3.914841279999999,6.5916556,1.31806392,1
9346,164.68,32.2653996,152.0383392,4.75695464,10.19339672,1.24388312,0
9347,495.6,39.21857080000001,245.00333999999992,4.365613440000001,11.57548836,1.334209,0
9348,347.4,37.70819039999999,313.7167160000001,5.00676268,12.74384448,1.3531774,0
9349,576.52,32.33612159999999,152.06999200000004,4.39068568,9.07853948,1.3504714399999997,1
9350,444.6,29.020607999999996,280.429444,3.2281455200000004,6.248422880000001,1.3575282800000001,0
9351,69.44,22.638081200000002,212.878076,3.9317102000000004,4.659115052,1.3117876399999997,0
9352,217.44,38.059746399999995,131.738324,4.462945640000001,11.613212039999999,1.3035672,1
9353,134.24,17.993741200000002,85.20165519999999,3.87783408,3.5433050400000003,1.1866084799999999,0
9354,388.12,28.643796399999996,166.8294,3.0291359599999996,5.932528280000001,1.2828438800000002,1
9355,269.6,33.16689359999999,164.56273199999998,3.8561766,8.451932800000002,1.31427036,0
9356,342.16,18.610866,342.60824799999995,4.946179519999999,4.066899439999999,1.3157553999999998,0
9357,88.36,22.476149599999996,306.304396,3.65625744,4.8533878734,1.31965492,0
9358,412.76,36.5374064,256.30312264,5.136304720000001,12.608343960000004,1.36354672,0
9359,66.2,32.3352704,240.00984400000002,4.928018600000001,10.08291636,1.3431942399999997,1
9360,80.76,25.0570244,84.74780679999998,5.130390160000001,7.35119912,1.2311178,0
9361,37.56,21.085969999999996,321.50280000000004,3.7950402799999994,4.541826788,1.27641312,0
9362,97.24,27.563363199999998,176.831836,4.22441624,7.0693854,1.2776984,0
9363,182.48,20.133375479999994,119.09246000000003,4.19939836,4.640300948000001,1.32152896,0
9364,177.84,10.51603468,133.977596,5.6270792,2.06880576304,1.3124292,0
9365,130.6,31.653279600000005,46.014430399999995,4.0833714,8.29812528,1.29759816,0
9366,355.12,23.946604560000004,232.253772,3.1565265200000003,4.694518876,1.2863156,0
9367,193.04,30.224283999999997,116.1797136,3.1972067199999996,6.5712078,1.2936561600000003,0
9368,101.64,31.240787599999997,209.52861200000007,4.53382984,8.916847080000002,1.276396,0
9369,347.12,34.9977772,27.33443048,5.2620805200000005,12.06698852,1.33583148,0
9370,335.24,31.8244424,44.08437608,4.327362439999999,8.719879279999999,1.2798834,0
9371,170.72,39.806415999999984,62.889438799999986,3.58402628,10.10685072,1.2955782000000002,1
9372,191.8,16.262408159999996,80.87830760000001,5.864440799999999,4.322200079999999,1.3553387600000002,0
9373,121.48,32.3365376,202.939164,4.32202564,6.41476312,1.2591414,0
9374,309.48,40.415822399999996,155.477756,3.155897,9.66350876,1.3101753200000001,1
9375,177.6,24.699858799999994,89.6672036,3.5623867600000008,5.28483888,1.2526604399999999,0
9376,202.6,21.5458432,160.157848,5.900916519999998,5.968891680000001,1.27864684,1
9377,425.28,16.89722936,136.47479479999998,5.695624400000001,4.453310760000001,1.28802336,0
9378,423.12,32.84855079999999,214.33462,3.962643120000001,8.519578440000002,1.3076205200000002,0
9379,111.84,23.148522,135.193004,4.417911720000001,5.7048970400000005,1.29821944,0
9380,249.0,25.30532239999999,96.20274480000002,4.08385352,6.121308,1.28318148,0
9381,240.96,29.145256,128.93674000000001,4.851270240000002,8.46978636,1.3147630399999999,0
9382,78.2,33.9627304,194.791508,2.994116719999999,7.325530270919999,1.29083112,0
9383,52.28,23.48552616,193.29329720000004,7.148430319999999,5.74736573412,1.3568355200000002,0
9384,37.12,30.243035199999994,279.131152,4.664177,8.719424720000001,1.28785788,0
9385,141.44,30.102394800000003,305.996624,3.257578679999999,7.02435792,1.29574508,1
9386,89.72,37.644921200000006,42.318723680000005,2.9196544,8.28001076,1.3044135600000002,0
9387,68.44,24.3728872,225.17203199999997,5.651758800000001,7.788512959999999,1.2850081599999998,0
9388,536.28,36.43640719999999,148.974048,2.7995985599999993,7.824471680000001,1.33130708,0
9389,53.56,23.806601999999998,129.86539199999999,4.059747840000001,5.8985327199999995,1.3064764,0
9390,242.36,30.354586799999982,287.824696,5.92291316,11.29835404,1.3098416800000001,0
9391,105.84,18.451422959999995,80.7617996,6.07076324,5.226994885439999,1.1857980399999999,0
9392,94.2,29.32301399999999,176.95925599999995,4.31828844,7.731598439999999,1.15779132,0
9393,34.72,14.89598548,220.573648,6.153110959999999,4.54277064,1.2754611999999996,0
9394,231.92,28.82554439999999,162.025894,3.2453230400000006,7.2548210840000005,1.3193152000000004,1
9395,219.12,29.636559599999995,179.28678,4.10829128,7.61852056,1.3460924399999998,1
9396,446.28,30.4497728,241.8316892,5.36072216,10.715128360000001,1.3235719199999998,0
9397,461.96,36.465977599999995,272.908396,4.1738952000000005,10.293089759999997,1.3117716400000001,1
9398,245.6,30.199922399999995,159.75347600000003,5.838689560000001,10.7872404,1.3170342800000003,1
9399,369.96,35.525876000000004,225.38523200000003,3.7095960799999994,9.068306720000002,1.32718776,1
9400,201.44,30.1355208,350.80959999999993,3.51500168,6.950186280000001,1.3334846000000002,1
9401,450.04,18.597381199999997,166.9677,4.558087639999999,4.02208308,1.3165642,0
9402,51.2,29.777616,83.9602348,4.532927279999999,8.30453784,1.2954145200000002,1
9403,17.08,38.15852759999999,68.57234199999999,4.41306856,11.471941519999998,1.28930992,0
9404,95.32,19.677023599999995,118.089264,4.30739084,4.308992240000001,1.09970216,0
9405,268.44,39.34810519999999,62.16938384000001,3.6949066000000013,10.42848424,1.3516774800000002,1
9406,61.44,28.157935600000002,315.220832,4.31954728,7.38114672,1.2543631599999998,0
9407,148.4,30.126333199999994,256.60438600000003,4.10967612,7.8253327200000005,1.30052204,1
9408,221.64,30.13290799999999,179.23398,4.46896016,8.356183960000001,1.3462141600000002,1
9409,118.68,29.504032400000007,210.37806,4.50809016,8.132620999999999,1.3665086000000002,1
9410,39.92,26.339585599999996,114.46798960000002,3.98681528,6.311580239999999,1.2842687599999996,0
9411,427.4,33.590541599999995,169.54561999999999,4.34213872,9.4789764,1.3434665199999998,0
9412,274.52,40.6324296,87.97671544,4.426400879999999,13.13203564,1.3275821200000002,0
9413,172.68,25.5111572,111.348054,4.52343128,6.668174439999999,1.2114831999999998,0
9414,474.6,23.27557548,121.626808,3.5126000400000006,4.817191884,1.3221344400000001,0
9415,117.08,30.825280000000003,323.77918399999993,3.675184039999999,7.34405788,1.29369984,0
9416,91.48,26.069897199999996,273.862464,6.621602800000001,10.448414559999998,1.2912233199999996,0
9417,172.92,32.184699599999995,180.32273120000005,4.17371156,8.6614234,1.36624496,0
9418,190.68,24.423053999999993,209.53784800000003,3.72867312,5.302446480000001,1.30936308,0
9419,358.92,34.0853292,29.935909279999997,3.49142436,8.192122520000003,1.3312716,0
9420,470.12,30.3431388,314.54537999999997,3.57755736,7.04884936,1.3684395599999999,0
9421,356.32,35.81527839999999,249.08274000000006,3.5967292399999997,8.95615696,1.31628152,0
9422,315.12,27.9662548,107.4660436,5.8973770000000005,10.062334239999998,1.2948601599999998,0
9423,294.56,22.545534799999995,207.11626800000005,3.5699127599999994,5.2488851599999995,1.28764476,0
9424,51.68,37.1635856,173.242544,4.70004716,11.722810959999999,1.3392246,0
9425,68.12,36.0969832,199.61425199999996,3.3011374399999993,8.591075520000002,1.2954953599999999,0
9426,392.12,35.1033836,76.77457319999999,4.262989919999999,10.0670372,1.3644630800000002,1
9427,54.24,22.496922799999997,176.00593448000004,4.0863056,4.22909564,1.1014166,0
9428,371.76,33.7679176,238.27818400000004,5.63511296,12.856818999999998,1.32257436,0
9429,312.84,25.578076800000005,135.8202088,5.40825724,8.195148919999998,1.32602208,0
9430,134.4,26.1448632,169.48304168,5.32167624,4.517070207279999,1.2996762800000001,0
9431,365.24,30.430101599999997,175.50730399999998,7.22145068,14.985512040000001,1.32103316,0
9432,455.04,37.53567439999999,23.254725919999995,3.25593612,8.95869484,1.37056324,0
9433,247.92,26.733975599999997,64.64024472000001,5.66980156,8.857230599999998,1.3648494000000002,0
9434,431.24,10.743914799999997,225.73739599999996,5.094481719999999,1.14206005844,1.32456752,0
9435,300.92,15.8657144,288.737392,5.04659184,3.527178840000001,1.32286992,0
9436,146.44,31.598140000000008,163.04151599999997,5.2795089200000005,10.45026464,1.33245612,0
9437,94.92,25.675273200000003,101.68364879999999,4.603292,6.809352920000001,1.2975028399999997,1
9438,32.36,26.793328519999996,167.4384892,3.28674392,5.324586039999998,1.3023488399999996,0
9439,648.8,21.999121999999996,177.40426,4.447390160000001,5.351840359999999,1.3322594800000003,0
9440,230.88,33.65176559999998,112.041584,4.09716636,9.00732876,1.36608448,0
9441,195.96,28.64936399999999,108.64203280000001,4.181442959999999,7.345403879999997,1.2635810800000002,0
9442,260.52,27.901863999999996,94.86854559999998,3.8686135200000007,6.579669679999999,1.31430784,1
9443,400.36,32.991089200000005,112.84022200000001,3.8823908399999993,8.48617576,1.3279159199999997,1
9444,102.56,23.772454800000002,128.16882799999996,4.07587192,3.3630122618000002,1.27703136,0
9445,349.0,30.724624,215.56593599999997,4.37241208,8.327428840000001,1.3112154,0
9446,601.44,21.095740799999998,311.18518720000003,4.4570598,5.02559168,1.34336736,0
9447,233.8,23.7903556,226.76082399999999,4.248771039999999,5.688716079999999,1.3089421200000002,0
9448,66.6,19.8515764,183.40199600000003,4.64808516,4.809017000000001,1.23477676,0
9449,365.56,30.445471600000005,132.70211600000002,4.63992364,8.7864056,1.3070544399999997,0
9450,340.84,28.07466319999999,108.25623280000002,4.7171474799999995,7.9910696,1.3312346799999997,0
9451,22.6,33.2446664,258.65498,2.7026535999999997,6.63855036424,1.1276250399999999,0
9452,307.36,33.56681799999999,287.99706912,5.194429680000001,11.22730932,1.3171688400000001,1
9453,425.36,23.925206800000005,179.72302799999997,3.8731445600000005,5.35301208,1.3214342,0
9454,52.16,22.513065999999995,174.80254000000002,4.024472360000001,5.093132959999999,1.2470240399999997,0
9455,102.48,14.942032800000002,285.54958400000004,4.5068547599999995,3.03124552,1.2738987600000002,0
9456,51.88,28.238264399999995,172.13547999999994,4.857771839999999,8.216572239999998,1.2911706800000002,0
9457,375.24,26.827965199999998,249.875832,3.439205039999999,5.84770604,1.3115272000000002,0
9458,589.72,44.06516520000001,271.393232,4.5569482400000005,14.455634400000001,1.3625415199999997,1
9459,237.24,36.439422,90.46561799999999,5.241789399999999,12.884322999999997,1.30452968,0
9460,244.32,34.488772399999995,180.403956,3.9736570799999997,9.25345528,1.2999398399999997,1
9461,317.88,40.2760048,241.80299599999998,4.27004396,11.9899636,1.2934595999999998,1
9462,197.12,32.22948280000001,156.21956400000002,3.73601928,8.036213879999998,1.2953006,1
9463,171.68,16.178551999999996,123.8748,4.359637280000001,2.4345322040000004,1.3024389599999997,0
9464,679.8,31.174807599999987,198.519172,4.54378012,8.85669164,1.3228183200000003,0
9465,350.76,34.5928464,267.1098,2.88296048,7.471275279999998,1.31072472,1
9466,87.32,35.3948992,238.39007052,3.0488016799999995,7.704441879999998,1.30264172,0
9467,293.4,39.73254639999999,317.2710234000001,4.420467239999999,12.247179599999999,1.3682218400000001,1
9468,416.64,14.457602280000001,162.2161512,4.128020960000001,2.6671301599999997,1.29513112,0
9469,262.08,34.879631999999994,114.0253272,3.41875624,8.19790016,1.30403076,1
9470,327.24,38.2136424,276.08763744,3.8145259999999994,10.21792628,1.3091847200000002,0
9471,284.84,22.724222000000005,278.87588400000004,4.34883012,5.491553559999997,1.3326719200000001,1
9472,82.52,23.281945999999994,163.35964799999996,5.816248839999999,7.44988284,1.0985590799999998,0
9473,213.56,27.90257839999999,140.55337600000001,3.19734056,5.85529812,1.27473264,1
9474,70.84,36.0296152,249.136708,4.79651868,11.547739319999998,1.2960930400000004,0
9475,678.56,36.101682399999994,351.30229199999997,4.8987478,11.730078640000002,1.32122544,0
9476,21.68,19.496417279999996,227.098872,3.36841208,2.932930356,1.2877516400000002,0
9477,330.8,27.908250799999998,305.70743200000004,5.179395920000001,8.599992120000001,1.3139733599999996,0
9478,105.6,19.204333199999997,48.8543864,3.7183120000000014,3.9008441200000004,1.3613039200000001,0
9479,160.68,24.891955319999994,268.766944,5.451756400000001,7.5162206,1.3251656,0
9480,332.2,25.63373839999999,264.6658999999999,4.938982239999999,7.274262279999999,1.3334065999999998,0
9481,112.6,22.622448,302.745308,4.1248074400000005,5.448575920000001,1.2855865599999998,0
9482,474.72,34.2273936,279.73555999999996,4.966863919999999,11.029172800000001,1.35581872,1
9483,62.32,27.3735184,176.11858400000006,5.25762736,8.60227016,1.2770874000000003,0
9484,47.52,24.0445972,271.312448,5.331573919999999,7.6652124399999995,1.28043556,0
9485,247.96,27.963864400000006,311.412384,5.2067432,8.7289,1.3169327999999998,0
9486,83.84,28.796945199999996,203.878316,3.88216132,7.177047164,1.151773,0
9487,30.72,32.0413768,105.2195416,5.203764560000001,10.474489,1.2919610799999999,0
9488,302.68,30.87036799999999,306.9053969599999,3.4185149200000002,7.062611200000001,1.3066371600000002,1
9489,92.24,23.545362120000004,105.03110600000002,4.469073679999999,4.942335121199999,1.2852819199999999,0
9490,204.48,14.444350559999998,225.61020400000004,4.15341912,2.2807358227600005,1.3587511999999997,0
9491,263.72,28.81776239999999,189.04125599999995,4.614572280000001,8.061588799999999,1.3058767199999997,1
9492,57.68,27.51337759999999,88.3517128,4.48211908,7.3808464,1.3627644800000005,0
9493,77.24,31.760811999999987,277.25580800000006,4.87959032,9.78281784,1.3103354000000003,1
9494,353.96,30.374619600000006,168.89966399999997,2.8597567600000002,6.149279600000001,1.2901179999999999,0
9495,149.2,35.6484612,227.85474799999997,3.5998230799999997,8.971561439999999,1.284008,0
9496,20.8,31.974547199999996,96.19616480000002,3.79693112,7.9417275599999995,1.2829550799999998,0
9497,149.92,37.13000079999999,137.65992399999996,3.6255888000000005,9.48172508,1.3232636,0
9498,286.48,35.211478,88.19128839999999,4.70127592,10.9623888,1.30347984,1
9499,513.6,48.524760799999996,81.74232784,4.47854104,16.875424399999996,1.3233293599999998,0
9500,323.08,23.16380400000001,181.19563200000005,6.45439752,8.45697856,1.32407336,0
9501,22.16,28.032409200000007,59.2519012,5.335194040000001,8.918878120000002,1.1088878000000004,0
9502,192.88,23.16902308,104.295358,4.4620551200000005,6.057829785599999,1.2656272400000002,0
9503,132.48,25.812068,171.34731599999998,3.77828308,5.825994079999999,1.30088956,1
9504,382.36,42.20040119999999,204.39290799999998,3.4682789199999995,10.86910876,1.31896332,1
9505,579.76,27.35144719999999,101.86463360000003,4.02142748,6.669633239999997,1.3229474,0
9506,410.0,28.3953608,317.32648895999995,4.642077319999999,8.45140132,1.3294627599999997,0
9507,384.28,35.92853279999999,142.115436,4.075544440000001,9.934910879999999,1.3266875999999999,1
9508,168.12,40.38944639999999,151.44594399999997,4.5831712399999995,12.759531879999999,1.3543197599999999,0
9509,15.96,35.142118119999985,132.9564444,5.1124138,5.183346686,1.33098712,0
9510,138.48,22.7433924,306.64578399999994,3.7737104000000006,4.866313680000001,1.1030920399999997,0
9511,98.32,22.261678000000003,141.64814,4.235741839999999,5.166740999999999,1.30644248,0
9512,434.4,43.363243999999995,190.16933200000003,3.71731224,11.764359479999998,1.3076899599999998,1
9513,87.44,22.8289884,76.71135639999999,4.6253738,5.951419947840001,1.312974,0
9514,10.0,16.872161199999997,219.97395879999996,5.178520120000001,3.1075209434,1.3503384,0
9515,463.32,34.812458400000004,245.96159456,5.0424783600000005,11.446148960000002,1.34601008,0
9516,91.6,30.8342076,265.75303999999994,4.5688308,8.845410200000002,1.3216518,1
9517,186.12,33.5502308,187.001588,4.18303824,9.180448999999996,1.3009042400000002,1
9518,23.48,18.4589388,87.2457836,4.463948600000001,3.9443157239999995,1.35757052,0
9519,42.6,19.155631599999996,284.74875199999997,5.014046199999999,4.9344519600000005,1.3610921200000001,0
9520,140.68,21.673555600000004,112.30600000000003,3.8669733600000007,4.35946526,1.3235780400000001,1
9521,98.56,23.08974924,248.448308,5.431205720000001,6.1341448124800015,1.3501356800000002,1
9522,9.84,10.794366519999999,168.46259400000002,3.969171320000001,3.1433775172000002,1.1299852799999999,0
9523,155.96,25.638667599999994,164.97664824,4.712984680000001,6.954105440000001,1.2373241600000002,0
9524,164.44,16.945296,52.9977096,4.173007800000001,3.45504276,1.319728,0
9525,102.16,30.187022000000002,108.66897800000001,3.4593507600000004,6.862567640000001,1.3288755600000002,1
9526,273.76,29.972575599999985,102.5320608,3.7501542000000008,7.27173768,1.2757879199999997,0
9527,83.64,26.562286680000003,85.34174320000002,4.84530992,7.3335332000000015,1.3423381199999997,0
9528,173.72,31.224764799999992,268.41713599999997,4.06449252,8.10336048,1.2970964,0
9529,99.64,20.674483599999995,72.5520284,4.00422056,4.4681432,1.23687112,0
9530,301.24,31.483740920000006,142.5661248,5.36169532,10.108326879999998,1.3063812799999999,0
9531,216.2,35.664813999999986,268.8015160000001,3.0214297599999997,7.94122792,1.2767504399999998,0
9532,107.56,31.16590744,206.426256,3.69229512,7.844767196519999,1.3008703200000002,1
9533,196.56,21.651926399999997,171.17595599999996,4.64867164,5.601855959999999,1.3376258799999996,0
9534,279.32,24.407418399999997,235.5667456,3.7509011999999995,5.407408,1.3295477600000003,1
9535,238.64,41.6409364,305.805044,5.99314596,17.7364316,1.3139996399999998,0
9536,10.4,12.454362759999999,252.91335000000007,6.327252759999999,1.0297158318,1.2751489200000001,0
9537,122.24,29.44983759999999,116.66904976,4.312449920000001,7.831806639999999,1.1541743599999998,0
9538,558.0,47.793184800000006,151.40528776,3.6275966399999997,13.935973240000001,1.3497130400000001,0
9539,81.68,25.332038,310.02572,6.01254848,9.056327479999998,1.3667523600000002,0
9540,339.92,21.4132444,197.66818400000002,4.0143488000000005,4.5092000400000005,1.28409932,0
9541,534.36,40.077406800000006,267.015208,3.9360253600000004,11.165397320000002,1.31983532,1
9542,282.12,34.064071199999994,218.010892,3.5125349999999997,8.202568840000001,1.30935756,1
9543,176.48,34.44099400000001,322.28642400000007,4.751198679999999,10.632644559999996,1.3369202800000002,0
9544,635.12,29.900834399999997,147.67456400000003,4.71788008,8.73210052,1.3325132400000002,0
9545,19.08,29.258716800000002,229.54364800000002,4.0575871999999995,7.584855636399999,1.2792439199999999,1
9546,125.6,30.518364800000004,214.77192,4.7008905599999995,8.904607360000002,1.3446082399999997,0
9547,130.08,39.19857439999999,344.9394960000001,5.2067616,13.941167599999998,1.28733028,0
9548,440.24,14.63179852,135.66854400000003,7.48716872,3.1987711069999993,1.32177036,0
9549,612.4,24.877770799999993,122.35977600000002,5.23538184,7.39597844,1.3437764799999998,0
9550,149.2,24.6370256,55.07264647999998,3.5655749199999995,5.2496304,1.32256632,0
9551,157.44,37.5259708,197.41489599999997,2.8853290000000005,8.23787388,1.3017010399999998,0
9552,62.36,31.407665199999993,196.66988799999996,5.9438802,11.959985519999998,1.2593678000000001,1
9553,364.8,26.358122399999992,299.41789200000005,5.339950720000001,8.276927279999999,1.3162024000000003,0
9554,233.96,12.64734536,70.28699,4.671852680000001,2.7829059559999996,1.2753424800000002,0
9555,274.64,37.4070076,314.21459168,5.264898320000001,13.280570999999998,1.3080768,1
9556,420.0,37.75908999999999,128.196968,3.9035509200000003,10.24159216,1.3342209200000001,0
9557,67.8,30.553683600000003,142.917056,5.462465879999999,10.40868616,1.2563638799999999,0
9558,40.28,35.09622079999999,219.54774799999996,4.488723600000001,10.50544292,1.20244164,0
9559,279.48,25.384510800000008,315.605504,3.98412664,5.910385160000001,1.30056656,1
9560,204.2,34.13855319999999,89.85005640000003,3.0965986799999996,7.71993076,1.3626895200000002,1
9561,9.4,11.89482632,351.0,4.731910920000001,2.5094444395599997,1.24145536,0
9562,27.96,20.80340412,57.954883999999986,6.578118679999999,6.47716592,1.2954919600000003,0
9563,42.92,35.384445199999995,45.03843508,4.12246536,9.651986560000001,1.28238872,0
9564,42.2,32.8752296,100.68508160000002,5.81983136,12.896616039999996,1.28692952,0
9565,259.76,30.266720400000008,231.71891600000004,4.14148728,7.9005392,1.3472764000000002,0
9566,168.68,16.84100216,78.5897912,6.94427288,5.670658774760001,1.2978240399999998,0
9567,235.2,27.652613760000005,109.1319552,3.393324560000001,6.292789240000001,1.3493489199999993,0
9568,110.48,27.029058799999998,266.3693879999999,5.975495999999998,9.697942280000001,1.3463926800000001,0
9569,251.04,9.831605920000001,94.6626,7.141418240000002,3.12129342592,1.36319108,0
9570,85.08,20.9337396,291.372024,6.92790304,8.88069376,1.34213688,0
9571,44.6,27.075576800000007,329.750338,3.4727292,6.012302439999998,1.1093852000000002,0
9572,21.92,39.99811759999999,132.472616,3.6058604399999994,10.498435519999997,1.2270715599999995,1
9573,726.04,13.170578119999998,117.895206,3.47197468,2.456497824,1.3416082400000002,0
9574,382.68,31.793851600000007,269.18286800000004,5.97754484,11.9342532,1.33324512,0
9575,104.52,28.713476,53.08646799999999,4.3517068,7.5824678400000005,1.29471724,1
9576,226.68,18.08463972,143.80199199999998,3.89276584,3.7665813477999994,1.31889608,0
9577,246.36,16.54342372,99.6283412,6.0603643200000015,4.49897459084,1.3315109200000004,0
9578,227.48,35.18022800000001,260.1622919999999,5.32427624,12.330231999999999,1.31206952,1
9579,119.72,27.0353028,124.93027599999999,3.6668584400000004,6.136288519999998,1.3628037199999996,0
9580,241.92,33.1112472,182.887344,3.47045376,7.80666228,1.3179960799999997,0
9581,231.84,16.191497119999998,235.383392,5.901493599999998,4.565488640000001,1.3054540000000001,0
9582,83.6,30.189462000000002,248.49790800000002,3.797204760000001,7.339750639999998,1.2782698399999999,0
9583,498.76,20.167273999999992,236.7239600000001,5.041847519999999,5.249380839999999,1.3191890000000002,0
9584,77.52,19.472097599999998,85.5142152,6.011370920000001,5.898037039999999,1.2760157599999997,0
9585,296.48,24.9387816,94.39102008,6.1907387599999995,9.315198639999998,1.28659212,0
9586,107.24,22.454432800000003,191.85599600000006,5.21448036,6.401700160000001,1.3132019599999998,0
9587,415.0,33.6403884,158.538868,4.3511176,9.42071,1.33056204,1
9588,320.24,25.75111988,196.536212,3.2177952399999996,5.268481524,1.32574444,0
9589,286.32,41.38595159999999,288.181252,4.02647652,11.88950472,1.3621525199999995,1
9590,322.64,37.468129999999995,157.85576799999998,3.9884526399999998,10.276657880000002,1.3095132,0
9591,372.92,41.3837012,282.65484399999997,5.516735960000001,15.964589600000002,1.33655064,0
9592,60.44,14.4543064,197.71499600000007,5.292813720000001,3.472745079600001,1.3087366,0
9593,417.96,42.31578799999999,31.581139120000007,3.7806102399999997,11.627157440000001,1.3705077999999997,0
9594,128.72,14.114079399999998,137.361448,5.193193479999999,3.2594956319999993,1.3111656399999998,0
9595,54.12,37.94545239999999,91.8034292,4.99779076,13.702179360000002,1.3073199200000005,1
9596,181.4,15.718777320000001,329.844926,5.13407388,4.4149376,1.323543,0
9597,60.56,28.30063252,168.66910808,2.8205252,5.40790824,1.2554259599999997,0
9598,367.0,19.254550399999996,118.65168399999997,4.58309896,4.47275248,1.3217022,0
9599,370.56,35.22907,25.64258119999999,4.18424628,9.79912896,1.3291992400000001,0
9600,96.6,29.161472800000002,148.30778800000002,3.2201431600000006,6.165882240000001,1.3062394,0
9601,185.04,12.931561239999997,277.09094,6.821065600000001,4.546024655319999,1.3357104000000002,0
9602,116.48,33.78750039999999,91.03281640000002,5.721418959999999,12.527652600000001,1.2492944799999999,1
9603,85.08,24.046949999999995,171.297644,3.8622386799999986,5.3175264800000015,1.3131213200000003,0
9604,483.52,36.9372816,148.18785999999997,4.671118519999999,11.567103679999997,1.33144516,0
9605,164.84,24.900980000000004,92.5735756,3.7346088399999995,5.496112479999999,1.2885310799999998,0
9606,203.4,29.810908799999996,128.46272800000003,4.724996040000001,8.663886560000002,1.3558262799999996,1
9607,142.68,30.65830052,223.558638,2.6668926400000004,6.05725644,1.30593716,1
9608,25.68,18.1898308,105.92551399999998,4.6218908800000005,4.0000272,1.1505446400000001,0
9609,680.12,30.56918080000001,249.651948,3.08545792,6.521696919999999,1.3246575199999997,0
9610,224.68,26.30208440000001,179.91652399999998,5.88161456,9.08590148,1.3011709600000003,1
9611,91.76,29.70333692,298.5876839999999,3.18234084,6.13287674,1.3534323600000002,1
9612,135.56,33.1598992,108.387984,4.8295224,10.244272399999998,1.2939118799999998,1
9613,367.56,27.26752399999999,183.97446800000006,4.78063656,7.753315839999999,1.2772874,0
9614,49.88,26.1721744,149.381676,4.22457412,6.47494176,1.3169448799999999,1
9615,530.0,25.788630400000002,145.37774336,3.9749347999999993,6.0939156799999985,1.36965524,0
9616,299.2,29.729806000000004,237.60146,3.2012052000000004,6.49071868,1.2807614,1
9617,156.36,24.070679200000004,268.4614639999999,6.002001720000001,8.455682359999999,1.2888360399999998,0
9618,102.12,19.335044160000002,118.840202,6.904882919999998,7.16537604,1.2589806000000001,0
9619,94.8,19.8742276,196.28504400000003,6.09225096,6.39913132,1.3127869199999997,0
9620,648.12,34.130232,299.17473200000006,4.20808188,9.717963880000001,1.33831696,0
9621,119.36,27.120422400000002,132.553452,5.71295904,9.238373079999999,1.2953040000000002,0
9622,125.64,31.31972839999999,295.92414,5.99655956,11.904158,1.30431648,0
9623,52.76,15.99105672,112.39265000000002,6.329664,4.23570955204,1.3111365199999998,0
9624,88.2,19.645029599999994,113.5724068,4.86308636,4.531246359999999,1.2853322399999998,0
9625,98.84,45.49561280000001,141.572944,3.1491114000000007,11.0898902,1.2960878,1
9626,468.32,38.823647599999994,336.48100000000005,4.2717288,11.496504559999998,1.3646196400000001,0
9627,107.48,27.72744,255.70953999999998,3.96748992,6.727171759999999,1.3585098,1
9628,210.44,21.750276560000003,225.05851599999997,4.39534584,4.0085571188,1.3024323999999998,0
9629,316.8,37.9907872,249.86595600000004,3.2072841999999993,8.991857320000001,1.3099157999999997,1
9630,279.96,25.70229639999999,260.77842,6.675138400000001,10.34630396,1.3152359599999999,0
9631,210.76,15.116072959999997,159.443018,5.760111720000001,4.818151061,1.3230675599999997,0
9632,136.72,21.286023359999998,130.6423728,4.2671806000000005,4.956299135999999,1.3102998000000001,0
9633,66.76,32.08297159999998,160.377288,4.85237772,9.89377724,1.2807267999999998,0
9634,330.64,28.068967599999997,91.0756244,4.55680184,7.652817679999999,1.3303149599999997,0
9635,358.24,35.37862119999999,240.700896,5.217359,11.96058168,1.3113433600000002,1
9636,194.56,22.848959999999998,323.479834,3.5807576000000005,4.7134873200000005,1.10413644,0
9637,73.08,25.269773999999998,173.89435184,5.23498828,7.53154808,1.33794576,0
9638,21.0,27.403375199999996,210.662784,5.62272876,9.03420972,1.28698888,0
9639,41.2,32.7446436,75.83330880000001,4.4180904,9.0986668,1.2831179199999994,0
9640,105.76,30.076868399999988,102.34696960000002,5.210395600000001,9.696876,1.1442076400000003,0
9641,136.72,41.972339999999996,302.12181644000003,4.8958244,14.400939799999998,1.31059232,1
9642,176.36,37.161476,313.49878000000007,4.186272280000001,10.727736239999999,1.3618958399999996,0
9643,112.68,23.56054479999999,252.27106,4.39966492,5.704059080000002,1.2592156,0
9644,334.04,22.26388052,234.38353599999994,4.298668840000001,5.417136080000001,1.28924248,0
9645,272.2,38.43741359999999,206.53206799999992,3.4955823999999995,9.684552879999998,1.3002153199999997,1
9646,92.24,26.493766920000002,300.485672,6.02336764,8.337240556520001,1.3459043200000003,0
9647,205.48,18.938796960000005,71.30641080000001,4.4134618,4.4333987652,1.31421276,0
9648,123.6,27.772422799999994,47.463381600000005,4.4012918800000005,7.225092808,1.25281068,0
9649,155.76,34.13907159999999,190.32244000000003,4.75555988,10.490952200000002,1.3427939999999998,0
9650,604.88,31.393340399999996,190.94369200000006,5.21211884,10.252835399999999,1.3218875600000002,0
9651,44.04,16.9085936,71.676764,5.9198064399999994,5.025932,1.27139496,0
9652,217.2,35.102063599999994,129.681908,3.8447211599999997,9.121587839999998,1.3303946,1
9653,100.56,33.40729879999999,139.883296,3.5867170799999997,8.078194799999999,1.2911838799999997,0
9654,71.12,21.469907599999996,302.0184399999999,5.045599200000001,5.720468399999999,1.29117588,0
9655,437.16,33.70052719999999,160.70789599999998,4.34464676,9.541105119999997,1.3328965600000005,1
9656,271.88,27.3152384,299.03638479999995,3.2246929599999987,5.686416719999999,1.3037878800000002,1
9657,215.36,32.16777920000001,84.88759920000001,3.6155920399999997,7.741041399999998,1.1633838400000003,0
9658,170.72,26.424627600000004,283.98068799999993,6.09550712,10.143736,1.3457313199999998,0
9659,124.36,14.958906119999995,204.14698400000006,6.952162639999999,4.24781841584,1.3078674000000001,0
9660,433.36,40.40296439999998,296.5060759999999,4.4092875199999995,12.423181599999998,1.34012832,0
9661,98.96,27.444628520000006,208.525512,3.2199282000000005,6.17560084,1.29611388,0
9662,402.8,25.938573999999996,150.3603004,5.387103880000001,8.36418584,1.32620848,0
9663,271.92,26.417008799999998,187.04254,3.3916158799999994,5.62758832,1.3043324400000003,1
9664,124.12,20.501147999999997,138.892236,3.164476319999999,3.7693957240000002,1.3111989200000003,0
9665,79.2,21.901959599999994,201.77783200000002,3.5801941199999994,4.71422584,1.2710090799999998,0
9666,634.0,32.1482612,248.31267599999998,3.0641389600000006,6.895525800000001,1.3325144800000002,0
9667,136.64,33.773391999999994,326.7844360000001,4.908946920000001,10.640583880000001,1.1636659200000001,0
9668,556.72,32.9306736,95.20277240000001,5.645044200000001,12.63449452,1.3352359599999997,0
9669,827.36,21.636017199999998,71.4299904,3.5854928,4.218935160000001,1.3405179600000003,0
9670,189.6,21.506573600000003,94.1177012,6.181555079999999,7.493565279999998,1.28569504,0
9671,203.08,32.4344704,277.19996000000003,3.87567308,8.145430759999998,1.27754032,0
9672,302.48,40.019008799999995,62.86920040000002,3.445166680000001,10.07929928,1.3298231999999999,0
9673,390.76,33.08400119999999,73.9648556,4.51044936,9.60085692,1.34601224,0
9674,137.84,34.27234680000001,114.38256507999999,6.1537907600000015,15.027102200000002,1.26307696,0
9675,327.68,15.226270279999994,187.62178,6.010203639999999,3.9164112,1.29925916,0
9676,520.28,41.1875672,225.65037999999993,5.198033480000001,14.883920799999999,1.3141600799999995,1
9677,114.92,16.046435759999998,241.36738800000003,4.39317724,3.49559066568,1.2998849199999998,0
9678,221.96,28.703602800000002,315.29625599999997,4.6156673999999995,8.00469176,1.2798348,0
9679,289.36,16.24087448,124.481936,3.8630542,3.1428343360000004,1.33451772,1
9680,410.0,41.37972279999999,335.5558959999999,4.855646999999999,13.720475799999999,1.3117759599999999,0
9681,589.52,34.560892399999986,342.56956800000006,4.95553444,11.20737904,1.32013804,0
9682,222.92,26.496108000000003,89.204254,5.505821839999999,8.54910872,1.3036094800000004,0
9683,493.24,19.493275199999996,231.61294799999996,5.92879632,5.7773651599999996,1.3284127600000002,0
9684,167.84,30.1074916,295.300912,4.420966920000001,8.722656200000003,1.2975084800000003,0
9685,400.12,33.1760404,185.406996,5.01461548,10.84478808,1.31210836,1
9686,129.2,31.239613199999994,299.55319199999997,4.098367119999999,8.1542196,1.2781428400000003,0
9687,117.4,31.75286159999999,104.83164240000002,3.19616804,7.0207468,1.3451490799999999,1
9688,132.76,22.377115879999998,96.91893639999998,4.73131564,6.34121700872,1.2931734,0
9689,85.64,31.853034799999996,266.8759759999999,4.20588236,8.566255840000002,1.2975382400000006,0
9690,230.52,29.52963920000001,294.593584,4.2442673200000005,7.7482042400000015,1.2940842399999999,1
9691,210.32,44.82107719999999,39.05760240000001,2.9550710000000002,10.569323920000002,1.3023202,1
9692,197.6,29.72306120000001,310.98087999999996,4.370123400000001,8.040183160000002,1.2771850400000004,0
9693,56.56,25.097985600000005,325.765832,5.4129278,7.78338544,1.1814040000000001,0
9694,427.04,28.025335600000002,67.35475840000001,4.12733716,7.051094720000001,1.3528854000000003,0
9695,104.8,30.647223600000007,267.68478799999997,5.427748,10.028926799999999,1.30487984,0
9696,599.36,35.5968876,65.47708759999999,6.481805840000001,16.310571599999996,1.3453542400000003,0
9697,215.52,34.78623720000001,177.87614711999998,4.01481036,9.24638852,1.35605616,0
9698,225.4,34.002353199999995,204.16416400000003,4.82433828,10.11137864,1.3401851999999999,1
9699,604.44,35.55745279999999,299.715152,4.26444212,10.15137332,1.32197276,0
9700,245.72,25.897198000000003,285.855272,6.159144319999999,9.338254560000001,1.29977024,0
9701,145.2,34.63468559999998,284.34904000000006,3.7193956000000004,8.7459798,1.36689696,1
9702,74.92,34.509038000000004,184.77647200000004,3.3316057599999986,8.02951544,1.2495709999999998,0
9703,103.0,17.641212399999993,151.67156400000002,6.176664360000001,5.124322279999999,1.3200508,0
9704,11.88,32.1191532,101.40998360000002,5.772559680000001,11.891643399999998,1.2641720800000003,1
9705,54.68,27.7448152,250.42897999999997,4.88085052,8.109847879999998,1.3432175599999996,1
9706,250.48,42.77053679999999,197.228268,3.172156319999999,10.531164960000002,1.29559732,1
9707,256.88,25.228074000000003,74.5878372,5.099207000000001,7.35901936,1.2711637600000005,0
9708,59.72,31.34010159999999,99.85091480000001,4.22313716,8.37001164,1.3545558800000002,1
9709,137.56,30.959879999999995,331.18617600000005,4.632848399999999,8.936186359999999,1.3527008399999998,0
9710,187.0,28.188445199999997,211.54147599999996,5.42519668,9.06797732,1.2432384,0
9711,147.16,23.905629599999997,280.40381599999995,6.4633990400000005,8.88050524,1.1386863200000001,0
9712,564.76,25.210448,202.47296800000004,5.297499160000001,7.662427120000001,1.3663911600000003,0
9713,81.92,16.8157368,278.61089999999996,4.9649382,3.56793807848,1.32154988,0
9714,112.6,17.484791360000003,260.3617320000001,3.14679948,2.982347872,1.2333233599999998,0
9715,61.64,16.547110240000002,247.83657559999995,5.06078968,3.87691276,1.3381472800000003,0
9716,353.84,36.78321319999999,146.11015200000003,3.4624738800000006,8.991422839999998,1.3122943999999999,0
9717,137.08,26.391214399999996,241.51828400000002,5.292401279999999,8.13301144,1.3671460799999997,0
9718,20.44,18.36598908,204.008252,3.3281659599999993,3.60721188,1.2863117200000003,0
9719,292.2,34.78666519999999,291.52918400000004,3.2658724400000008,8.05723872,1.30373712,0
9720,141.28,26.5040548,245.14355600000002,4.55154908,7.21356192,1.32092048,0
9721,127.36,20.2139776,92.09458400000001,4.26199108,4.513129,1.3181734399999998,0
9722,61.6,19.0687652,249.491256,5.82258324,5.74959892,1.2623986799999998,0
9723,312.64,19.432518,81.4896108,4.98444536,4.9001889200000015,1.3093750800000001,0
9724,161.76,34.591637999999996,98.60847759999999,3.9148812000000004,9.02346048,1.3611506800000002,0
9725,85.4,23.575608399999993,303.4738988,5.674466040000001,7.386330239999998,1.3635209200000002,0
9726,170.52,31.0973504,292.34282800000005,3.70696912,7.503834,1.2614371199999999,0
9727,43.32,41.065385199999994,249.18433600000003,4.159709240000001,12.09066,1.2374896800000001,0
9728,129.16,23.6647584,263.16317920000006,5.855026079999999,7.7230349999999985,1.1533998799999996,0
9729,615.08,46.0763848,204.14957599999997,4.52634012,15.280368799999998,1.33302508,1
9730,287.32,28.876733200000004,325.24575968,4.086653759999999,7.338818040000001,1.2897617999999997,1
9731,79.64,30.35019999999999,25.312616399999992,5.516356279999999,10.418484840000001,1.3559022,0
9732,181.52,26.953831199999996,306.613736,4.62949516,7.46825964,1.3421374800000003,0
9733,294.96,33.647974799999986,222.14497999999995,3.10017048,7.465361839999999,1.3046891200000001,1
9734,138.68,32.67606919999999,113.606664,3.823392319999999,8.200594,1.3051626799999996,1
9735,180.88,32.5144484,133.0496888,4.66680284,8.50442152,1.29519,1
9736,69.64,38.35166280000001,183.773748,3.2050023199999997,8.9187878,1.3354763999999997,0
9737,493.4,38.6628988,161.75786,3.1287620000000005,9.10617568,1.3452964799999998,0
9738,138.4,21.3454592,283.008056,3.9901069600000016,4.5122846,1.3005452400000002,0
9739,34.72,13.652586920000003,289.103886,5.9309692,3.6508623176399992,1.3278847200000001,0
9740,38.4,11.676804439999996,258.78781,6.6047980399999995,2.61569763436,1.3413716,0
9741,388.8,29.183829599999996,256.42345376,4.133930639999999,7.464684680000001,1.32816572,1
9742,207.16,25.258692799999995,149.8710688,5.24265348,7.664862120000001,1.29411008,0
9743,47.92,26.1542548,117.91578800000003,4.33535608,6.6549843200000005,1.2864931999999996,0
9744,128.12,33.710844800000004,86.61820479999999,5.122770280000001,11.17657592,1.36460408,0
9745,241.96,16.598143879999995,71.75520239999997,6.39111044,5.910460191640001,1.3378429999999997,0
9746,124.36,22.999199600000008,280.2313639999999,5.2323632799999995,6.614104280000001,1.2888180799999998,0
9747,447.6,32.814526400000005,313.22798896,4.6545614,9.83475476,1.32362088,0
9748,297.12,19.76708212,160.8830872,5.73648352,5.166217564760001,1.32489352,0
9749,551.8,25.10911468000001,194.72258799999997,5.617935280000001,7.005742240000002,1.3659071199999997,0
9750,295.84,33.42239119999999,126.48717719999999,2.868976000000001,7.013745560000001,1.2939551999999999,0
9751,187.48,31.3339168,110.61441280000001,5.3319808,10.8928556,1.3005351599999997,0
9752,181.36,22.472808800000003,276.52676799999995,6.643110439999999,8.4044484,1.3348898399999998,0
9753,251.24,30.690174399999993,154.066212,4.1493172000000005,8.0003838,1.30124772,1
9754,74.84,21.58781028,90.06533239999999,5.0601767199999985,5.857413444,1.1502006400000004,0
9755,175.04,29.883347999999998,224.29012000000003,6.094414760000001,11.50411032,1.14868404,0
9756,140.4,28.333887199999996,117.25773599999998,4.15937328,7.234138479999998,1.2956847599999997,0
9757,355.08,23.430111080000007,83.41020160000002,4.80802876,4.817586911839999,1.2858061199999997,0
9758,150.32,26.150890399999998,170.353716,3.9244122800000003,6.077006879999999,1.3001662000000003,0
9759,128.24,28.0626852,311.803052,4.388855359999999,7.4051054,1.1342407999999997,0
9760,232.24,28.205272799999992,54.57921783999999,6.10174928,10.626469359999998,1.36737764,1
9761,298.72,39.90577119999999,324.078552,5.752588239999999,16.640268799999994,1.3676974800000001,0
9762,96.48,29.20706640000001,233.72825600000004,4.944918080000002,8.93019128,1.2595776800000003,0
9763,123.6,16.343079359999997,236.22177600000006,4.055386040000001,3.2413380719999996,1.3062283599999998,0
9764,394.36,32.9670264,218.750172,2.996636200000001,7.155878760000002,1.32082404,1
9765,264.76,25.953081200000007,268.41040799999996,6.851434960000001,11.62728912,1.30926328,0
9766,430.72,30.632931999999993,268.950548,4.585427400000001,8.978769199999999,1.3194712000000002,1
9767,458.88,37.298595600000006,162.55365239999995,4.6726556,11.64633436,1.34599976,0
9768,185.64,35.67359919999999,93.77835240000002,2.993674640000001,7.9445268,1.29343028,0
9769,387.96,32.0607528,225.3885,4.14337472,8.545110319999997,1.3211052799999998,0
9770,38.88,24.350423600000003,252.42193199999994,5.17420004,7.172192759999998,1.34744236,0
9771,69.08,22.2550236,241.44785600000003,4.3624294400000005,4.57107371036,1.2701988800000001,0
9772,196.2,24.2188348,165.991648,4.88464572,6.735432679999999,1.3025190399999997,1
9773,106.08,21.4465328,270.842892,5.1259682799999995,6.029023199999999,1.26522564,0
9774,12.44,38.3081108,185.93182000000002,5.382423119999999,14.018289600000001,1.18372188,1
9775,85.6,17.238521600000002,73.96936439999998,4.38923408,3.717181579999999,1.2887988800000003,0
9776,394.8,22.582160680000005,126.920356,6.45693296,8.08361344,1.3293282400000002,0
9777,88.72,21.859304919999996,249.52204400000005,4.487798519999999,4.9553068399999995,1.31609648,0
9778,87.72,25.12516239999999,208.639448,4.491195920000001,6.495089840000002,1.2359457600000001,0
9779,297.16,20.09157508,305.921568,5.6557844,5.645134479999999,1.33315412,0
9780,88.2,33.778726400000004,127.58299679999999,4.41071488,9.74097588,1.2564610800000002,0
9781,776.84,37.79211,281.37304232,5.0309836,12.891216600000002,1.32019416,0
9782,85.32,28.0541892,129.956872,4.029937519999999,6.9575409200000005,1.3029670800000002,0
9783,68.08,14.068284839999997,171.8244,4.16337508,2.741950488,1.2889788800000002,0
9784,91.44,51.3422408,251.884236,2.69822592,12.078611519999997,1.3023474400000004,1
9785,181.56,28.349290399999994,87.1414132,5.525543760000001,9.464993640000001,1.3383916399999998,0
9786,108.28,24.798255199999993,350.783456,4.590282279999999,6.454412319999999,1.28840664,0
9787,175.2,34.6205808,290.96866,6.469552559999998,15.201206319999997,1.27904248,0
9788,200.88,34.84302999999999,306.8619759999999,3.3129781600000014,8.15007316,1.3593424,1
9789,593.36,26.16733159999999,278.59384000000006,4.880910280000001,7.472659080000001,1.35128808,0
9790,817.56,41.44335319999999,212.804124,4.00051588,11.779884000000003,1.33866152,0
9791,124.72,34.56727919999999,335.698304,4.20386208,9.701031800000003,1.31259656,1
9792,12.6,17.712442,90.10904680000002,6.35082564,5.195156296,1.2502944,0
9793,278.56,27.226576,165.15050799999997,6.3036652800000015,10.670486160000003,1.3134653600000001,0
9794,624.08,29.954167599999995,59.420081199999984,3.7115353600000005,7.119556079999999,1.32543164,0
9795,238.84,30.43079959999999,291.6530144,3.00796236,6.464498320000001,1.2924131599999997,1
9796,101.04,21.405003039999997,193.4026768,4.83373832,5.434370343999999,1.279878,0
9797,203.88,21.6335184,318.2397640000001,3.68202752,4.291505079999999,1.357089,0
9798,53.32,21.94262988,33.39069768,4.250091120000002,5.10093864,1.28883296,0
9799,564.2,40.455576799999996,346.284608,3.3254881199999993,9.986601879999997,1.3237382800000004,0
9800,358.16,40.506356000000004,28.039961600000005,3.638419999999999,10.685169919999998,1.3033981200000004,0
9801,403.44,19.683537599999994,328.6626016000001,4.540588560000001,4.515587040000001,1.3138157999999998,0
9802,378.48,26.461394679999998,193.37982000000002,6.29268968,11.44797108,1.3299786800000002,0
9803,218.56,41.0729036,338.22510768000006,5.017525639999999,14.3307832,1.30597276,1
9804,67.92,18.42328508,51.0303132,5.5810010399999985,5.058135320000001,1.1766337999999998,0
9805,162.52,15.533399359999999,205.919256,4.365172719999999,3.3943775319999996,1.11817452,0
9806,63.48,29.453291200000002,217.86272400000001,3.5333323599999993,6.728761720000001,1.30122468,0
9807,140.32,20.845033599999997,47.410200400000015,5.739673280000001,6.293273479999998,1.34883056,0
9808,465.2,29.15887560000001,254.86277600000003,4.43930312,8.00284572,1.3186056800000001,0
9809,386.6,23.910741599999998,183.06414399999997,4.19855624,5.7088696400000005,1.3273501200000002,0
9810,161.24,16.90845628,276.010208,4.04480928,3.3273581519999995,1.3189132000000001,0
9811,195.12,25.924811999999992,183.97089999999997,4.15693448,6.3362545599999995,1.27963568,0
9812,81.88,12.246200039999998,125.50080000000001,4.6856932,2.3791910479999996,1.2935716000000002,0
9813,93.6,32.35400120000001,298.21597599999996,3.994135160000001,8.458199399999998,1.2908346000000004,1
9814,227.96,24.281945599999993,297.39848799999993,3.8259524799999998,5.383346519999999,1.3568302,0
9815,340.28,25.9129808,109.33298960000002,4.25009408,6.752913039999998,1.33060932,0
9816,79.12,22.17054232,155.474052,4.72472896,6.615746816,1.3130455999999997,1
9817,28.32,30.870709599999994,96.744432,3.1250357199999996,6.649256159999998,1.3515329200000001,1
9818,734.0,34.0424976,187.00227999999998,3.2967581999999997,7.8666325200000005,1.344628,0
9819,235.72,32.881498799999996,200.20818800000004,3.2347677600000004,7.397068319999999,1.31540988,1
9820,393.92,30.0408724,230.657876,3.8060425199999988,7.364386840000001,1.3636564000000002,1
9821,299.96,15.3602236,81.1673936,4.05153708,2.900680153319999,1.28966152,0
9822,251.96,17.00743200000001,326.39011999999997,6.0390408,5.5256174399999995,1.32664528,0
9823,134.96,23.917079200000003,108.41341639999999,3.54831676,4.897000760000001,1.25280716,0
9824,44.48,27.314709599999997,282.44234399999993,3.3293742799999997,5.888049280000001,1.31604612,0
9825,334.76,30.034627199999985,199.159184,3.7410940000000004,7.20505236,1.2792542400000002,0
9826,540.0,24.857426,231.46991599999998,4.9117771999999995,6.904641879999998,1.36467924,0
9827,557.92,23.3657276,182.65391200000002,3.27516916,4.586741400000001,1.3347625600000002,0
9828,77.4,17.022406800000002,163.888952,4.33043044,3.5699645600000007,1.0962984,0
9829,134.28,31.5683504,200.72358400000002,5.6207291999999995,11.520111440000003,1.2991945999999999,0
9830,203.24,29.453280800000005,300.825196,5.462014720000001,9.832293479999997,1.3097566399999996,0
9831,403.24,23.873253200000004,51.433406799999986,3.58327048,5.01901032,1.3347975200000002,0
9832,290.56,26.0643968,228.08283160000008,4.098162319999999,6.304885079999998,1.3265408799999998,0
9833,64.72,26.418438399999996,257.7168599999999,4.5051010400000004,7.01765852,1.1328827599999998,0
9834,288.64,33.74662959999999,278.4461,4.043054639999999,9.049021640000001,1.3048777599999999,1
9835,419.16,35.865745199999985,290.35555600000004,3.7433310800000004,9.15524616,1.31595252,1
9836,97.16,36.13799239999999,222.62604799999997,4.546543400000001,10.463794999999998,1.3513533999999998,1
9837,332.8,31.965349599999996,82.27198840000001,3.8769542399999994,8.113456359999999,1.3022154000000001,1
9838,209.44,32.79603560000001,89.46738336000003,4.940264719999999,11.195291600000001,1.3635642799999999,0
9839,133.16,25.279094920000002,189.57797496000003,3.786486520000001,5.785891528,1.2825059599999997,0
9840,61.76,27.198959599999995,193.07739600000005,5.07752628,8.115436960000002,1.11525368,0
9841,201.72,26.03426816,240.438276,3.8277098,5.734262191999999,1.3042568,0
9842,218.28,31.6017168,175.86599999999999,4.637038639999999,9.21231436,1.3189676399999999,1
9843,516.92,29.0993212,281.990716,4.972540599999999,8.81247484,1.3198624399999996,0
9844,124.6,29.621884920000003,127.95171696000001,3.2229467600000006,6.076494,1.2960487600000001,0
9845,56.96,15.453632840000001,188.931144,5.6047349199999985,3.7473511684399994,1.283118,0
9846,208.36,20.861053559999995,223.48145999999997,3.83631328,4.9014798520000005,1.3212955199999998,0
9847,48.72,15.87658692,196.111048,4.6341170799999984,3.4811311120000012,1.2855301599999998,0
9848,25.72,20.40153228,104.9620068,3.9814928799999993,4.393704720000001,1.2415682,0
9849,99.68,28.389575599999997,114.64860999999999,4.846641400000001,8.408192,1.2636025199999998,0
9850,49.72,27.686014400000005,148.384736,4.45242456,7.41680424,1.2735505999999999,1
9851,166.2,13.735569119999997,203.7337516,6.46601184,3.7943602234400005,1.2778259600000001,0
9852,223.36,29.376184400000003,131.41690223999998,4.1813978800000005,5.73421487276,1.2926672000000001,0
9853,537.96,36.02346359999999,315.772976,3.6760188799999995,9.1614798,1.35123764,1
9854,120.88,18.477419159999997,286.59508800000003,5.627240920000002,5.0405103434,1.3618320800000001,1
9855,566.0,25.923777199999996,282.87018000000006,4.903175920000001,7.268645760000001,1.3667888400000001,0
9856,461.84,36.9357844,198.31222400000007,4.82473152,11.980116760000001,1.31346264,0
9857,21.8,31.674838399999988,342.0078,4.5022694,9.037122560000002,1.1558440800000003,0
9858,672.56,25.5995772,92.5539848,5.36569916,7.8965108399999995,1.3691545600000001,0
9859,552.92,21.857039639999996,157.15867400000005,3.4321494000000006,4.550039191999999,1.32604948,0
9860,207.8,35.406894799999996,326.88810800000005,3.35502384,8.53685608,1.2760816400000001,0
9861,78.16,20.4169396,254.67613999999998,7.021872920000001,7.96931748,1.2912497599999997,0
9862,173.04,24.514973199999996,103.0980884,5.68152536,7.96766924,1.2934588399999998,0
9863,217.44,32.139771599999996,68.06176400000003,3.7515601199999993,7.9935373599999995,1.3662286799999999,1
9864,79.32,22.375549999999993,79.6579572,5.7288654,7.00518564,1.22449356,0
9865,163.96,25.84594828,279.83112352,4.648469080000001,6.998336519999999,1.35757236,0
9866,452.64,22.401460920000005,149.431704,7.773281079999999,2.3908863345199998,1.3177607199999999,0
9867,445.32,38.8620668,122.49877520000001,4.26493504,11.43694924,1.3283421600000003,1
9868,444.52,21.92765079999999,287.6460079999999,5.944074079999999,7.075082759999999,1.3200454400000001,0
9869,258.68,33.348760000000006,61.241983999999995,4.5554508,9.564679400000001,1.30860144,1
9870,207.08,18.41480984,146.445,6.698503680000003,6.02768513692,1.3162889999999998,0
9871,209.32,20.695590279999998,122.21283199999998,4.097925200000001,4.508249598879999,1.3545317999999997,0
9872,145.6,27.138086400000002,214.22899055999997,5.06263476,7.9090645199999985,1.3211732800000004,0
9873,377.0,34.6784748,123.31670800000002,4.65311744,10.59337396,1.3000858800000001,0
9874,267.4,28.456280919999998,72.6176572,4.687793199999999,7.956001680000001,1.3312262400000001,1
9875,85.6,8.007118639999996,214.93740000000003,3.9511990000000003,1.6398488079999998,1.2960376000000002,0
9876,259.08,12.413772799999998,188.5476,4.04720504,2.19925286,1.2109099600000004,0
9877,67.68,32.151854,64.5625872,5.40960252,10.156621480000002,1.2764787199999998,1
9878,347.24,18.29484012,343.17077600000005,4.71274724,5.13472104,1.2854627999999997,0
9879,397.24,35.5902632,172.78804,5.670367919999999,13.140223440000005,1.3085287600000002,1
9880,179.36,22.4412904,214.41946000000004,4.267536,4.760431748000001,1.3355239600000002,0
9881,288.56,24.57516360000001,198.91156799999996,3.4989386800000006,5.72826708,1.34765372,1
9882,118.32,29.731496399999997,116.03679600000001,3.7751611599999997,7.063666160000001,1.3417127600000003,0
9883,306.84,25.924309599999994,238.18006399999996,5.1699686400000004,7.744433839999999,1.3203710400000004,0
9884,198.32,25.9565192,330.987492,5.286732440000001,7.96651776,1.22427008,0
9885,369.12,29.4961464,26.266924399999997,5.5361398,9.99389144,1.32924256,0
9886,74.56,31.529660399999994,298.30934799999994,4.408420600000001,8.877123720000002,1.32958932,0
9887,50.28,33.2627776,210.66550000000004,3.2327843600000006,7.8128002400000005,1.2937714800000004,0
9888,90.8,28.147174,223.07547600000007,6.456102079999998,11.397974720000002,1.29415064,0
9889,68.52,24.449801079999997,260.73264399999994,5.1933088,6.939510639999998,1.2843546799999996,0
9890,455.76,35.074315199999994,294.248368,3.8831505600000003,9.05218408,1.31193264,1
9891,110.48,32.3700264,232.52353600000004,4.176175960000001,8.719629799999998,1.34568632,0
9892,209.76,23.382843200000007,64.30820360000001,3.8638122000000004,5.2097755999999995,1.36371516,1
9893,407.72,35.740778,81.13237952,4.557958480000001,10.804756480000002,1.3174276799999998,0
9894,570.4,48.4617644,343.32721599999996,3.7718669199999995,13.9009868,1.3238876400000001,1
9895,59.72,29.306522120000004,59.11700240000001,2.69622156,5.6708324,1.2752771199999997,0
9896,737.88,37.494230400000006,85.7530088,3.9036967199999997,10.402297199999998,1.31628364,0
9897,183.64,22.704568399999992,45.77760119999999,4.97881472,6.214663399999999,1.30472032,0
9898,128.72,23.582741599999995,113.11926840000002,4.179208559999999,6.048118320000001,1.2876012399999999,0
9899,66.6,17.5198992,174.96344399999998,4.45017872,3.789883879999999,1.30083684,0
9900,250.16,26.355773199999998,172.66534400000003,3.886887400000001,6.084161919999999,1.3072655599999998,1
9901,206.68,26.653886120000006,138.724,5.652988240000001,8.434283174439999,1.29941072,1
9902,169.28,29.740756799999996,138.170744,4.14773644,7.789222840000001,1.30559104,1
9903,217.44,19.657174,178.45141199999998,3.869676360000001,4.01635996,1.29830444,0
9904,162.4,33.2751428,243.57624400000003,5.1194668000000005,12.391999680000001,1.33957388,0
9905,261.8,27.591220000000003,165.66437200000001,4.483853160000001,7.769406320000002,1.3174335199999998,1
9906,24.72,37.682931200000006,52.22128159999999,3.4656265999999993,9.348654840000002,1.1456934799999998,1
9907,97.84,25.56622656,122.88472399999995,3.14869704,4.65478388,1.2921638,0
9908,606.36,46.412497599999995,215.99846399999996,4.42245988,15.277095200000002,1.3328913199999999,1
9909,331.36,34.04479919999999,250.361008,3.56801916,8.366186999999998,1.3063866400000002,1
9910,65.2,19.2915772,74.77365759999999,4.041461160000001,3.67387388,1.28794144,0
9911,463.96,23.3963148,149.90176400000001,4.050240800000001,5.25762384,1.32852916,1
9912,161.12,34.196222,52.6121936,3.78954952,8.6858294,1.33872716,1
9913,653.08,27.83577719999999,172.6282,5.473629560000001,9.152144639999998,1.3378215199999997,0
9914,109.12,30.08713332,116.7731012,5.6336644,10.145988318,1.3542908000000002,0
9915,203.32,29.86669479999999,113.42791199999998,4.500154880000001,8.29610912,1.2757738399999998,0
9916,293.28,35.900155600000005,278.172356,5.528709760000001,13.216649199999999,1.2815500400000002,0
9917,246.36,38.256314,116.76376880000002,3.962505239999999,10.56887772,1.33037704,1
9918,90.68,12.2702084,194.400008,4.933671599999999,3.7090728240000006,1.17771224,0
9919,372.0,28.74942376,161.23264,3.1423164800000007,6.25050282,1.30481736,1
9920,204.6,12.649397520000003,105.54959199999999,3.64812344,2.0195964360000005,1.30041364,0
9921,324.84,16.756253320000003,176.29744000000002,4.2299386000000005,3.4273738840000014,1.31236124,0
9922,718.76,52.245499599999995,264.707492,2.56471116,11.978485239999996,1.3184488400000003,0
9923,98.16,26.183643599999993,101.25380480000001,4.11801892,6.38302568,1.2770090000000003,0
9924,77.08,30.497084399999995,165.221636,4.12163836,7.98691812,1.1087305600000001,0
9925,92.6,16.323750799999996,346.16343599999993,4.95020476,3.8356061999999995,1.27967156,0
9926,210.48,21.195522399999994,150.01570400000003,6.193961199999999,7.1743524400000025,1.28085212,0
9927,126.56,27.399932000000003,211.44364,3.7470931200000006,5.90755834,1.2795628000000001,0
9928,281.04,23.314365600000002,108.14372616000003,3.348825679999999,4.75868484,1.2930226399999998,0
9929,164.88,32.81318319999998,199.90189199999998,4.17256172,8.857218479999998,1.3091712800000002,0
9930,320.44,46.013221600000016,145.34299599999997,3.02076684,11.22310112,1.3010133199999998,1
9931,120.44,22.765709880000003,282.71183560000003,4.13289156,5.321943967999999,1.1795287200000002,0
9932,452.76,19.443653639999994,241.62956000000003,5.28864468,4.8772001754800005,1.3177131599999998,0
9933,62.28,29.664696800000005,30.627471680000003,3.9019888,7.184454120000002,1.2706860399999997,0
9934,282.36,36.0128408,323.07503199999996,4.273843480000001,10.27131308,1.29649656,1
9935,162.72,24.454143199999994,64.20853320000002,4.78225288,6.558390680000001,1.13454704,0
9936,24.68,31.144229199999995,95.82913120000003,2.60636852,6.050437003999999,1.1217600399999998,0
9937,64.48,28.014677199999998,88.320182,4.71549792,7.92613592,1.2766487199999998,0
9938,337.24,30.431568799999994,227.90964399999996,4.13486932,8.16738472,1.2812286800000001,0
9939,204.48,24.644217999999995,112.56910920000001,3.69431696,5.4148513199999995,1.3527163999999998,0
9940,532.68,26.924096,192.27871600000003,4.87901732,6.9202368000000005,1.3226835999999997,1
9941,18.36,25.58565612,313.310628,4.16998224,6.13452124996,1.3662610800000001,0
9942,24.16,35.89264039999998,152.387468,4.1589766,10.047064680000002,1.23380468,0
9943,59.64,29.230931599999998,278.893872,3.3111498799999994,6.448133919999999,1.2918414,1
9944,167.52,34.87596399999999,330.11120000000005,3.2598849999999997,8.11348648,1.3343054800000003,1
9945,410.84,26.158340399999993,295.5186984,4.991989280000001,7.532775920000001,1.3527605600000001,0
9946,630.8,36.454319999999996,225.63691199999997,3.33286516,8.76643484,1.3369816,0
9947,743.4,34.41044559999999,286.383184,4.099074079999999,9.35542616,1.33938984,0
9948,243.92,45.52097359999999,161.33990615999997,4.03789832,13.214822199999997,1.35760876,0
9949,119.56,27.213911600000003,195.02964399999993,4.562819160000001,7.38898044,1.27403184,0
9950,209.52,24.165542799999994,153.61335599999998,4.43601008,6.136154600000001,1.2853460800000003,0
9951,308.08,35.8603004,294.34381599999995,4.682418960000001,11.097904400000003,1.3625913199999997,1
9952,160.64,21.7369596,55.2955496,4.1330830800000005,4.846921719999999,1.3654726000000001,0
9953,414.56,36.8082544,143.63913200000002,6.302131079999999,16.037452400000003,1.3345365200000001,0
9954,73.08,32.056832799999995,243.22030800000005,4.58915344,9.34752588,1.3556780000000004,0
9955,331.08,31.4841308,252.73010399999998,3.28157756,7.05660172,1.3014465599999996,1
9956,648.2,34.4324624,77.7039152,5.11633932,11.500897920000002,1.36492008,0
9957,133.36,43.14854120000001,312.0203519999999,4.078599,12.42602036,1.33329076,1
9958,320.88,33.8233992,175.49579999999997,5.093504040000001,11.107143239999997,1.3407746,1
9959,277.84,35.99966199999999,157.81741599999998,3.6023128000000004,8.99808924,1.30992248,0
9960,80.04,35.8459,43.797898800000006,5.36617164,12.738613360000002,1.26118204,0
9961,197.96,26.215297199999995,150.668708,5.677903280000001,8.70001552,1.2842924,0
9962,228.64,34.5632852,301.8966877600001,3.5101130400000007,8.310092519999998,1.2992269200000002,1
9963,226.68,37.7511808,199.904584,3.256379880000001,9.05555396,1.30698504,1
9964,419.32,37.559864399999995,158.04130279999998,5.58565112,14.39191372,1.32973924,0
9965,30.64,22.084225999999997,66.1571836,3.5618669199999995,4.481152119999999,1.2316891200000004,0
9966,90.84,25.601982280000005,202.788408,3.5563940799999996,5.817258935840001,1.30667272,0
9967,183.88,20.2780252,147.607136,4.127325720000001,4.644890999999999,1.2665234800000005,0
9968,406.16,30.14149719999999,57.67035008,5.13197104,9.40424752,1.3342917600000002,1
9969,120.28,35.25445800000001,106.13346800000004,3.662020079999999,8.860497079999998,1.34680784,0
9970,206.08,27.19870879999999,350.25669999999997,4.695614920000001,7.5728823599999995,1.22620748,0
9971,209.08,33.460396800000005,93.19702680000002,3.7915874799999996,8.24073712,1.3073830800000001,1
9972,96.12,25.820853999999994,286.98615799999993,4.89619192,7.31020536,1.11951724,0
9973,247.64,34.076547600000005,93.44560959999998,4.4035913199999985,9.80663732,1.3064463999999998,0
9974,30.76,17.944046800000002,260.654692,5.42665644,4.835651159999999,1.2946017600000002,1
9975,140.92,27.806951200000004,138.544912,3.479048,6.373377280000001,1.3060019999999997,1
9976,242.16,33.5257452,252.00603600000005,3.6640705199999997,8.25592092,1.3676203600000003,0
9977,20.64,18.96120244,90.85305599999998,5.50560496,5.25167795776,1.25618324,0
9978,130.2,34.69634,265.58982000000003,4.34421624,9.981607200000001,1.35899424,1
9979,127.64,29.341232799999993,140.35805599999998,5.019108360000001,9.133874480000001,1.3117732400000002,0
9980,114.44,28.112196800000007,303.5103092,3.97437784,6.854235559999999,1.2936066799999997,0
9981,116.52,19.7019568,319.0589836000001,5.07051332,5.161771152,1.28942644,0
9982,48.04,22.788745199999997,294.0216519999999,5.605908959999999,7.286501519999999,1.13352492,0
9983,36.16,28.829911599999996,120.9397976,3.8551038400000004,6.9390174,1.09985296,0
9984,450.08,36.9597972,211.74330799999993,4.42773684,11.03053324,1.31334032,0
9985,320.12,25.254681199999997,134.0314032,4.221865600000001,6.17145592,1.28200652,0
9986,208.68,16.518222279999996,307.81813200000005,3.8272544799999997,3.12377728,1.2470933999999998,0
9987,184.56,35.90972559999999,325.4277888800001,4.2357302,10.14748428,1.3598688,1
9988,243.16,19.805434679999998,264.418556,5.23376996,5.57119116,1.1443618,0
9989,92.12,25.600516,296.799268,3.8464925199999995,6.09670492,1.2751811599999998,0
9990,439.2,34.301205599999996,57.87897584,3.6103741999999994,8.4561198,1.37036872,0
9991,300.84,19.9274092,348.891912,4.36753164,4.21036704,1.2891823599999999,0
9992,66.36,20.136160959999994,139.3546028,3.5521840400000007,3.8053418039999998,1.1025105599999998,0
9993,202.84,24.686223719999997,88.36026799999999,5.899524360000002,8.600288688,1.29728176,0
9994,330.24,29.961062400000007,235.53538,4.17602008,8.271375560000001,1.3685245999999998,1
9995,192.88,26.016125999999996,89.03325560000002,3.6143679200000007,5.836301800000001,1.3524007599999996,0
9996,428.48,25.166256399999995,113.59637839999999,3.34072568,5.24301384,1.3229166799999998,0
9997,13.72,25.668761599999996,148.97391199999996,4.628524760000001,6.1831236,1.22256596,0
9998,173.8,12.94055,98.674792,4.7688429999999995,2.58558644,1.2977720400000001,0
9999,80.12,32.757804,339.11660399999994,4.34862516,9.193444119999999,1.3354662400000001,0
10000,280.92,27.812837199999993,186.639576,3.6934505600000005,6.4325966800000005,1.3151066399999995,1
10001,264.04,30.29315759999999,164.75763999999992,4.85169144,9.07402204,1.30653552,0
10002,46.2,21.290384000000003,293.47741199999996,3.6765338400000003,4.332077,1.2925647999999998,0
10003,201.28,28.3722288,53.75330840000001,4.5826563600000005,7.7850265200000015,1.33263972,1
10004,47.4,22.413038800000002,246.91665600000005,6.491741760000001,6.461694382759999,1.3451881600000004,0
10005,53.16,19.121992,183.749252,3.6160857199999996,3.72284024,1.32193296,0
10006,81.32,30.668444799999996,126.19033279999998,3.0913381199999996,6.522464599999998,1.3218373600000002,1
10007,106.16,25.103645600000004,232.90644935999998,5.97758696,8.77383896,1.2511786399999996,0
10008,280.92,24.927118799999995,209.33144000000004,3.7626989600000003,5.5551812400000005,1.2871289600000002,0
10009,17.12,22.786774519999998,127.10223880000004,3.2978867199999993,4.25259756992,1.2903456,0
10010,154.64,23.38184864,176.08050800000004,3.7899109999999996,5.594845320000001,1.28480136,0
10011,20.32,18.44931824,160.294454,5.00216612,3.0434999425600004,1.3096642399999996,0
10012,193.72,27.568725599999993,190.57691720000003,4.71571868,7.95488884,1.30418252,1
10013,158.84,28.94826399999999,163.19209199999997,3.9567602799999997,7.087541480000001,1.3114629199999999,1
10014,246.08,22.01215119999999,241.855204,4.84765252,6.1732390399999995,1.3040920000000003,0
10015,366.6,33.6465092,163.89982399999997,3.5358467200000008,8.1275462,1.30465508,1
10016,279.0,25.45732679999999,105.610266,5.20542776,7.618374640000002,1.3136039599999998,0
10017,237.12,33.26406440000001,125.68243720000002,3.8538507199999996,8.08656528,1.3121238,0
10018,65.92,22.0218864,166.47304848,4.98225744,5.951302400000002,1.28229796,0
10019,194.36,16.8510888,211.572624,5.888357600000002,4.877774959999999,1.1092092,0
10020,134.68,30.152802000000005,105.72247080000001,4.90440936,9.052394880000001,1.1004802800000002,0
10021,399.96,19.34777068,143.471292,6.50708464,6.674268520000001,1.3140621199999996,0
10022,489.8,50.724979600000005,184.70180799999997,2.966276680000001,12.466065199999997,1.310686,0
10023,163.44,14.257373999999997,60.47218880000001,4.018325519999999,2.3371362479999997,1.2773978799999999,0
10024,13.16,17.727494679999996,174.22494959999997,4.3661445200000015,3.237741084,1.1333296,0
10025,118.12,28.342365200000003,96.6498836,5.2790878,8.8664142,1.2925774799999998,0
10026,229.32,26.249893200000006,150.832684,3.7875517999999992,5.9867338,1.1087935199999999,0
10027,249.04,26.9945096,283.35088400000006,3.6742756399999994,6.110363719999999,1.2728802399999999,0
10028,10.4,16.80140856,121.796374,5.668239160000001,2.94979427592,1.3057870399999998,0
10029,599.96,43.57523719999999,62.36423999999998,3.52988812,11.528528040000001,1.3542780799999996,1
10030,224.36,24.229295199999996,326.66818399999994,3.63148032,5.237847319999998,1.2888920799999999,0
10031,219.52,27.545989199999998,100.13996999999999,3.7366560399999997,6.474471319999999,1.3306017599999997,1
10032,261.88,29.9112976,239.845288,3.332448640000001,6.63222356,1.3626176,1
10033,181.4,28.138526399999993,256.12403199999994,3.80379528,6.734745480000003,1.3037904800000002,0
10034,219.28,37.635666,98.308944,3.77679028,9.90034576,1.29287936,1
10035,450.0,28.207729599999997,208.11906399999995,5.00418864,8.453732119999998,1.3291866,0
10036,55.88,20.56487052,118.50619999999999,4.79031628,6.533595640000001,1.3390434000000002,0
10037,274.88,19.1040292,316.523554,3.7253732000000004,3.7411508399999995,1.3351089200000001,0
10038,50.92,29.264346800000002,147.09022399999998,3.59462476,6.64013076,1.3386645199999998,1
10039,638.04,35.169304399999994,129.88148079999996,4.41100236,10.324909119999997,1.3666687599999998,0
10040,151.8,19.242132799999993,181.456656,5.58704884,4.97638604,1.1563253599999999,0
10041,114.88,20.703844399999998,318.851382,5.08071664,5.4700698800000005,1.35206932,0
10042,389.2,21.191011600000003,317.212188,4.149691919999999,4.71452564,1.2904229200000001,0
10043,100.04,19.162172679999998,213.36680199999998,3.4064184800000006,3.5887734640000004,1.2769433200000002,0
10044,151.84,28.617420399999993,156.969588,3.7338440399999997,6.707569920000001,1.29376172,0
10045,444.16,17.744969079999997,194.806692,3.4146427999999998,3.0214372800000002,1.28466456,0
10046,185.12,27.272320799999992,87.43342200000001,6.302925159999998,10.55828636,1.2622397600000002,0
10047,359.8,22.193458399999994,264.3024279999999,4.67551344,5.508405639999999,1.3093076,0
10048,142.44,26.4181068,249.28538799999995,5.386977880000001,8.252985079999998,1.3185241999999997,0
10049,65.68,14.656870800000004,181.23657999999995,4.612590240000001,2.9862176799999998,1.2931800000000002,0
10050,509.4,16.667567199999997,58.89884760000001,5.48628384,4.91361796,1.35119408,0
10051,53.84,13.455858039999999,180.846448,8.33990944,3.6401709032800005,1.2841561999999995,0
10052,30.44,28.065066799999997,313.89526008,5.158611560000001,8.690672040000003,1.2350127999999998,0
10053,150.72,26.316637199999995,163.041148,4.3017081600000004,6.686671560000001,1.1938777200000001,0
10054,403.92,20.413717999999992,153.04233600000003,6.482997719999999,5.900609395760001,1.28740504,0
10055,123.04,19.687770119999993,217.62380399999995,4.28256172,4.055578389559999,1.12214428,0
10056,259.96,31.385551599999996,288.76240512,3.3407192799999996,7.22865924,1.29543224,1
10057,389.12,34.6004968,291.8216314,3.8002996799999993,8.9699564,1.3226806400000002,1
10058,187.32,27.662361600000008,308.127608,4.2507762,7.132037239999999,1.2213684800000004,0
10059,327.76,26.408813600000002,204.87746808,5.30871984,7.865071400000001,1.3322073999999997,0
10060,29.2,33.27786544000001,109.94056199999999,5.6812622,11.00212008,1.24864408,0
10061,274.84,29.64230347999999,274.73144800000006,5.22920032,9.462324200000001,1.29821388,0
10062,273.76,36.915493999999995,35.5230028,4.900615400000001,12.130655959999999,1.3571608,0
10063,149.16,36.2815216,209.41896799999995,4.43607596,10.457783079999999,1.3090457999999998,1
10064,467.12,34.7522216,302.68522799999994,4.692930759999999,10.68422916,1.32586332,0
10065,228.2,29.346943599999985,326.863976,4.18234704,7.5417331600000015,1.28548876,1
10066,13.92,10.88815712,228.31500119999998,4.74725168,3.19291234,1.27390812,0
10067,442.56,30.853848799999994,235.72492800000003,4.3320393600000004,8.4367086,1.3594844000000001,1
10068,166.44,28.550758799999997,162.71696400000002,3.44531192,6.385275439999999,1.2936759199999996,1
10069,157.16,30.440226400000007,271.320548,4.23573448,8.091528720000001,1.2781438000000003,0
10070,120.84,11.106449200000002,268.20000400000004,6.293770240000002,1.35847067896,1.30311428,0
10071,412.6,52.2237556,263.224636,3.2089838399999997,14.792459600000003,1.36381016,0
10072,347.24,28.608466800000002,297.55378,3.76856116,6.76882588,1.31667196,0
10073,385.4,28.744923600000007,190.35320800000002,5.543134519999999,9.77502032,1.32735728,0
10074,276.6,28.11311279999999,270.978696,5.224296639999999,8.813364559999998,1.28573252,0
10075,36.32,23.568309879999997,220.31178799999998,3.78985504,4.9309992,1.34412848,0
10076,187.4,28.124243599999986,297.132476,4.20547132,7.254967519999999,1.3098406800000004,1
10077,21.84,18.750328319999994,232.72123600000006,6.7642472399999996,5.35536427232,1.26442348,0
10078,84.32,30.498344400000004,297.69749200000007,3.3988281600000003,6.83569272,1.3002215199999998,0
10079,310.52,18.361692399999995,308.657996,3.6049078399999996,3.4536767239999993,1.2877579600000002,0
10080,313.44,36.28613279999998,61.857798399999986,3.930753120000001,9.629932400000001,1.30262592,1
10081,120.64,25.2515976,295.3749764,4.01234316,5.872463920000001,1.3325695199999996,0
10082,542.16,37.739871599999994,171.14468,4.29621076,11.422585760000002,1.3186632799999998,0
10083,189.72,25.845089199999993,184.93255599999998,3.95557564,6.150131,1.3100794,0
10084,299.68,34.05634919999999,112.529834,3.44713212,8.23264748,1.28327528,1
10085,214.68,12.6723848,296.460624,3.82560196,2.673380328,1.31490504,0
10086,111.44,22.0385712,279.80319999999995,3.8352644400000004,5.022620799999999,1.2642473599999997,0
10087,165.04,27.308561599999994,167.4609,4.276992440000002,6.9883896000000005,1.3613709999999997,0
10088,88.32,27.969311199999993,252.11050400000005,5.72098932,9.576559,1.3040463599999998,0
10089,532.04,34.913038399999984,131.25465199999996,3.256022560000001,8.0180344,1.34701548,0
10090,175.68,21.85468428,116.775288,5.79644964,7.0994182000000015,1.35361884,0
10091,398.12,19.863392800000007,307.50894400000004,3.8228838399999994,4.05690248,1.27796392,0
10092,322.88,22.707894919999994,102.1883136,3.5263839200000002,4.752198227999999,1.2897055999999998,0
10093,144.76,33.50011999999999,137.41712400000003,3.84893332,8.563730119999999,1.24978692,0
10094,188.32,27.319298000000007,64.68052319999998,4.82154008,7.71611364,1.25863888,0
10095,130.2,26.496778,128.39645615999999,4.242272839999999,6.713829680000001,1.2629615200000002,0
10096,74.84,25.2872288,62.41481719999998,4.19435224,6.248408639999999,1.3397864000000002,0
10097,315.48,36.5419116,129.709348,3.4446598799999997,8.93598012,1.3038614000000002,1
10098,229.28,38.00125760000001,231.92756735999998,4.70630916,12.102929600000003,1.36297728,0
10099,361.16,35.128978399999994,108.28118239999999,4.21260968,9.813716719999999,1.27818916,1
10100,138.24,32.7167168,243.34295927999995,4.84936732,10.40732276,1.2736911199999998,0
10101,515.12,41.869722800000005,174.59276799999992,4.4786630800000005,13.332017600000002,1.31327152,1
10102,187.08,26.93271039999999,122.69630000000001,3.4366295200000003,5.8417442799999995,1.3647498000000002,0
10103,376.72,34.42569280000001,180.62328800000003,4.06462132,9.27510664,1.3127537200000001,1
10104,405.96,33.452329199999994,258.7444760000001,4.17202016,9.1304578,1.3340670000000001,0
10105,405.04,31.232066,289.22772263999997,4.861343,10.526906519999997,1.3295328,0
10106,236.88,25.88151080000001,270.09691480000004,3.2517877200000003,5.368592440000001,1.33207624,1
10107,168.08,30.629646799999986,187.58688,3.152909199999999,6.59908168,1.15200428,0
10108,185.12,40.702830799999994,127.22023200000001,3.3787732400000006,10.23653948,1.3086351600000001,0
10109,64.72,19.031437439999998,134.5475996,9.39496436,1.6765950038799995,1.3399814400000003,0
10110,31.8,17.658215840000004,324.391524,4.66070564,5.340408552,1.2739547599999999,0
10111,59.04,18.249260800000005,161.331452,4.963827840000001,4.5521169200000005,1.3054602800000001,0
10112,424.24,33.28440839999999,190.82073888,5.51633508,12.861205200000002,1.3537818800000003,0
10113,38.32,27.074586399999998,97.332628,5.7319572,9.23979568,1.29220464,0
10114,141.44,38.4829464,321.183316,4.30529128,11.421416520000001,1.32774968,0
10115,157.52,31.4910788,80.6778372,5.763340760000001,11.873972039999996,1.30543564,0
10116,177.36,38.57509519999999,120.663852,3.7602358000000002,10.216427560000001,1.2928840400000001,0
10117,404.88,27.86702839999999,86.12855760000001,5.2111997599999995,8.617799159999999,1.2871094799999998,0
10118,130.68,27.705910799999998,95.41505160000001,4.29977284,7.12644488,1.2348738799999999,0
10119,419.24,36.99611639999999,81.33667800000002,5.17161168,12.862919080000001,1.3499615200000001,0
10120,171.48,24.922497599999996,212.43517200000005,3.7239830800000004,5.476564719999999,1.1088000399999998,0
10121,127.12,30.387935600000002,65.7791412,3.8619902,7.4148770000000015,1.10602324,1
10122,118.56,34.69971176000001,92.15547799999999,3.94985712,8.22151237632,1.2950786000000003,1
10123,267.52,25.526498000000007,316.191964,4.7072908,6.59931836,1.2703026800000001,0
10124,270.28,37.584856800000004,102.65772199999999,3.5809245999999995,9.56072744,1.30559048,1
10125,225.8,43.841272,324.69149200000004,4.081317039999999,13.308123999999998,1.30722664,0
10126,452.36,33.729089599999995,36.1680924,5.5916844800000005,12.187344040000003,1.32583012,0
10127,173.16,34.696159200000004,78.75241280000002,3.93176968,9.1131092,1.33423428,1
10128,363.24,46.797652400000004,85.81171680000001,3.4398803599999996,12.391085599999998,1.3602956400000001,0
10129,118.84,29.14467159999999,207.76941600000006,3.809667800000001,6.938666799999997,1.3397010800000002,0
10130,301.16,27.056391999999992,96.525476,4.1147763600000005,6.687385680000001,1.3366670799999998,0
10131,76.76,28.3576484,83.53895800000002,4.0833264,7.08688192,1.35438372,1
10132,276.8,23.7557232,197.14824000000004,4.6921842400000005,6.291439440000001,1.3047150800000002,0
10133,101.12,25.8788888,61.24759839999999,5.63797148,8.535950640000001,1.26305888,0
10134,245.76,23.535908399999997,307.3476199999999,5.809309359999999,7.6718012799999995,1.2865047999999997,0
10135,87.24,27.192813200000003,269.0092187999999,3.3443313199999993,5.942519519999999,1.3441814399999998,1
10136,241.6,31.222600799999995,121.8667196,4.06570984,8.050657320000001,1.36553992,1
10137,355.44,30.803152000000004,259.1126,5.4956813600000025,11.529529080000005,1.3110675999999999,0
10138,63.0,25.580567480000003,93.5818792,4.78631924,7.114740119999999,1.29271988,0
10139,386.68,30.694189999999995,342.15949199999994,5.572187479999999,10.78302684,1.3468166,0
10140,92.24,27.875180400000005,233.76484800000006,3.5614114,6.2939298,1.3500752,1
10141,246.32,31.441337600000008,176.598012,4.2427028,8.5753384,1.3628592,0
10142,209.48,30.67652439999999,291.1913440000001,4.427710600000001,8.50171996,1.33988108,0
10143,270.84,31.867553199999996,53.02649879999999,5.0842304799999996,10.20399104,1.3476811599999998,1
10144,127.6,23.2658352,46.094806399999996,3.42688132,4.77150396,1.27588368,0
10145,81.48,15.308839399999997,125.333408,4.05462528,3.3600260999999993,1.3120019600000001,0
10146,362.84,28.793467999999997,346.18167199999993,6.18881032,11.739374559999998,1.32981216,0
10147,274.16,29.66326707999999,196.56644400000002,5.549592040000001,10.43911892,1.31898112,0
10148,322.68,17.254505320000003,293.027996,5.8140000800000005,4.139458558720001,1.29950768,0
10149,440.72,24.0836664,93.8152736,3.7237059200000004,5.183575920000001,1.29621544,0
10150,61.72,41.7587336,212.842886,5.60116052,16.414337399999997,1.28742888,0
10151,56.08,37.369402799999996,129.519964,3.9056890000000006,10.060221479999997,1.2752775200000002,1
10152,190.16,34.27387679999999,311.2299279999999,5.0087747600000005,11.12114044,1.35528012,0
10153,77.68,17.9847176,61.640854,6.9827273599999975,6.236126719999999,1.3448478,0
10154,37.68,14.77099252,253.81812800000003,6.897388720000001,6.010786434199998,1.30918884,0
10155,183.04,28.135504800000007,121.15341599999999,3.5688770800000005,6.375577079999999,1.3054908,1
10156,73.16,24.4273316,143.50598799999997,4.499950960000001,6.2139248,1.28341496,0
10157,115.88,25.6331628,147.034272,5.20235428,7.680955600000001,1.26592336,0
10158,269.96,16.344630679999998,275.00988799999993,4.7923965200000005,4.80838276,1.3217752399999998,0
10159,24.56,28.526061999999996,243.3858840000001,5.057493640000001,8.68948724,1.1945862,0
10160,453.76,30.7751976,180.9774,4.186634199999999,8.079972240000002,1.31667744,1
10161,598.64,29.9069364,57.44158527999999,5.3611068400000015,9.842941000000001,1.3242112400000001,0
10162,684.96,48.59946960000001,112.4371156,2.89484356,11.756396640000002,1.3160322400000002,0
10163,195.72,34.493203199999996,153.98701599999998,3.860852999999999,9.04897772,1.28468128,0
10164,711.76,26.047520399999993,230.14473999999998,5.4387095599999995,8.26200532,1.35581548,0
10165,93.64,25.127670520000002,108.5567692,3.439158,4.97056652,1.3536517600000002,1
10166,86.16,35.5598004,234.93953856000005,5.01837164,11.221856120000002,1.24399652,0
10167,115.48,24.06907919999999,131.79075999999998,3.7863652400000003,5.360938759999999,1.33926844,1
10168,73.04,22.3711688,68.96829120000001,4.01014656,5.00985384,1.12768228,0
10169,205.2,38.3220456,341.64,4.5870298400000005,11.78746316,1.36702436,1
10170,228.76,27.481315199999997,81.2091596,5.6732830000000005,9.241573800000001,1.3034483199999998,0
10171,451.36,37.11270359999999,93.8205448,3.4905482800000005,9.1956172,1.36118052,0
10172,431.52,22.401772399999995,246.851412,3.3432696799999992,4.389024480000001,1.3099584000000002,0
10173,98.6,24.894811599999997,93.28006959999999,2.950009400000001,4.74217064,1.10340148,0
10174,122.32,29.27950164,203.0065724,4.628289879999999,7.6195362,1.2989134800000002,0
10175,126.44,24.75825920000001,123.94222848,4.20931372,6.071588479999999,1.29934204,0
10176,72.32,33.436609999999995,141.71381919999996,3.90252548,8.74581756,1.1476059600000001,0
10177,197.36,21.108000920000006,139.4077532,5.79248232,6.385575148639999,1.3507789999999997,0
10178,194.76,31.1245756,94.49663575999999,4.710288319999999,9.258669759999998,1.274808,1
10179,291.08,35.3942256,94.41966199999999,3.3563712799999994,8.32261292,1.3545640000000003,0
10180,193.16,27.699756679999997,331.03114400000004,3.3966614400000004,6.112473844,1.30872304,0
10181,89.28,30.505857200000005,154.06726,3.7867127199999997,7.399230519999999,1.0985301199999997,0
10182,376.16,35.731794399999984,146.66746400000002,4.83376604,11.42834256,1.363915,0
10183,407.28,23.02866228,233.380752,3.87169408,4.838184719999999,1.3267557599999997,0
10184,148.64,24.1971232,134.0532024,5.375437559999998,7.40631232,1.27584384,0
10185,266.4,34.82803092,135.246776,4.3814404399999995,10.102935440000003,1.3001024,1
10186,30.92,16.52884868,163.68137079999997,6.857050879999997,3.8166880129200003,1.34002756,0
10187,167.16,16.83450848,229.89884799999993,5.5663544,2.7482696452799997,1.2721230799999999,0
10188,193.52,32.50869799999999,178.50156799999996,3.50147536,7.674242799999999,1.36059172,0
10189,304.88,23.415693999999995,266.181896,5.3107139199999995,7.000482000000002,1.2832658799999999,0
10190,219.16,30.11791879999998,227.12762376000003,3.6982899600000008,7.1709996799999995,1.26656916,0
10191,73.08,18.24058588,217.30079999999998,5.609526,4.926844644,1.3043037199999998,0
10192,32.96,22.183508799999995,278.663184,4.712069639999998,5.559153080000001,1.36640608,0
10193,45.12,16.683248000000003,228.98549599999998,4.035704319999999,3.238859679999999,1.35685468,0
10194,70.16,30.363109599999994,328.38213375999993,4.85266056,9.137796879999998,1.1088277200000003,0
10195,174.24,26.609767600000005,249.46241200000003,5.59741716,8.853570359999999,1.3124495599999997,0
10196,172.0,40.5207084,300.04986399999984,3.65157692,10.716532120000002,1.29141404,0
10197,150.4,29.42786239999999,260.030176,3.348607840000001,6.430006519999998,1.30273548,0
10198,135.4,42.18927520000001,265.846744,3.3935492800000007,10.4005404,1.3049887599999999,1
10199,89.68,27.8066756,126.03827199999998,4.15988776,7.01284756,1.10080764,0
10200,160.92,30.145777840000004,267.78611008,4.08782296,7.38070604,1.29491244,1
10201,259.32,33.84757279999999,302.022968,4.572021439999999,10.047726439999998,1.2831934,0
10202,274.64,34.39140919999999,276.49183199999993,5.171818840000001,11.828343679999998,1.29200332,1
10203,420.36,31.4690008,70.4344044,4.06148984,8.263071599999998,1.32823692,1
10204,254.68,35.5474292,241.52656528,4.64878884,10.715880239999999,1.2968666400000002,1
10205,573.36,32.8707928,286.591464,3.9629641199999996,8.495365920000001,1.32259748,0
10206,399.12,14.196934959999997,211.368012,6.05248472,4.015503262479999,1.31036388,0
10207,145.04,32.6931972,31.519442719999997,3.597779079999999,7.882121240000001,1.3486328400000003,0
10208,398.32,22.636205359999998,222.33235200000001,5.42454708,6.323869904800001,1.3263240800000002,0
10209,66.08,20.732938399999995,90.90478999999999,5.2252398399999995,6.75596696,1.2632094799999998,0
10210,431.56,26.565959200000005,230.2066639999999,3.6738070800000004,5.955593000000001,1.3172658400000001,0
10211,437.52,16.669132960000002,148.4464492,8.13900424,4.18002751544,1.3217851999999999,0
10212,22.92,31.856070799999998,183.06147600000003,5.568089839999999,11.293093640000002,1.18353244,1
10213,75.88,35.395798,335.3479400000001,4.04048164,9.568597440000001,1.3130658800000001,1
10214,85.2,30.029395200000003,219.88029999999998,4.14712308,7.796866480000001,1.3508336799999998,1
10215,607.4,43.617250799999994,25.56900736,4.868432080000001,15.5428044,1.3488181600000002,0
10216,316.24,30.726302119999996,111.5687724,3.8890844799999993,7.003548929439998,1.3243976000000002,1
10217,385.88,25.953033079999997,171.39959759999994,3.7223726000000013,5.911433,1.3173009999999998,1
10218,119.8,20.75060588,132.152558,5.086296440000001,5.838902879999999,1.3096789999999998,0
10219,105.72,17.412700800000003,297.79274000000004,6.082232799999999,4.362212959999999,1.3063421599999998,0
10220,151.92,33.0238744,344.0459599999999,4.22127876,9.065944240000002,1.3473209600000002,1
10221,181.88,32.6479404,179.54266800000005,5.1951764,10.78582364,1.3600101999999998,1
10222,531.56,46.94815280000001,192.285808,4.045904080000001,14.3868684,1.33138336,1
10223,187.56,34.537812399999986,144.263516,4.1369060399999995,9.56309424,1.30515964,1
10224,89.56,8.45793252,210.925208,4.391587959999999,2.61363947032,1.32201848,0
10225,212.96,25.0727792,317.26366240000004,4.179267039999999,6.055433119999999,1.3193036800000002,0
10226,159.84,36.4856436,322.47023600000006,4.630726320000001,11.255710599999997,1.35649004,0
10227,328.36,42.24063679999999,210.306052,4.801469879999999,14.13477916,1.3267761599999996,0
10228,146.88,39.9538072,74.60201799999999,4.2028268,11.538767840000002,1.29767532,0
10229,49.28,10.93327412,252.4524,11.571091240000001,0.00140310572,1.30370492,0
10230,268.0,12.70197812,272.125208,5.812521079999998,2.35821664532,1.3001968,0
10231,328.72,42.099121999999994,185.96319999999997,3.9336396399999995,11.936175519999999,1.3186336,1
10232,197.84,26.062496000000007,233.83223960000007,5.7688066,8.43546668,1.27594252,0
10233,20.44,31.041745600000002,148.332084,4.223259919999999,8.25458184,1.22081736,1
10234,159.28,30.68794999999999,75.57476679999999,3.674283,7.341391319999999,1.3654376000000006,0
10235,36.56,19.91113068,92.645356,6.224283400000001,6.878224800000001,1.34059644,0
10236,36.64,19.98255724,133.44532279999999,5.328137039999999,3.9267331488799995,1.341418,0
10237,169.6,16.643689199999997,231.48270800000003,5.351598279999999,4.35332876,1.2998630800000002,0
10238,819.12,48.208649199999996,348.6428839999999,4.15771704,14.943864799999998,1.320625,0
10239,61.28,32.287015600000004,121.22205279999999,3.7554258399999996,7.944401039999999,1.3571617599999999,0
10240,231.76,25.357589599999997,189.59308399999998,4.18604144,6.176295880000001,1.28577856,0
10241,220.24,28.4442188,165.265128,5.5957402400000005,8.941542560000002,1.3164600000000002,1
10242,205.4,31.762994800000005,226.19644400000004,4.730421839999999,9.48265776,1.29581632,0
10243,143.88,34.39730399999999,119.17781599999998,4.36989364,9.863296559999998,1.36446848,0
10244,168.48,34.17042840000001,205.76684,4.240771960000001,10.7169096,1.33851352,0
10245,299.8,18.4541772,91.14960359999999,4.718679880000001,4.3143812399999995,1.2870782,0
10246,112.6,31.990344399999984,68.3360204,5.106136639999999,10.326854639999999,1.3069376400000001,1
10247,94.96,29.13180919999999,204.87535200000002,4.00132712,7.251132560000001,1.1151482000000001,0
10248,122.2,27.160529599999997,188.20552399999997,5.07982948,8.16483864,1.2966171199999998,1
10249,287.8,39.2399688,246.78756400000003,4.487358799999999,12.109983639999998,1.3210274000000002,1
10250,117.24,29.48524400000001,91.87390599999999,4.109668159999999,7.4799782399999994,1.33208312,0
10251,130.52,29.364474399999995,176.12602800000005,5.22375412,9.23108832,1.2771596800000002,0
10252,782.28,29.796862,142.532736,5.02768716,9.195541120000001,1.33766404,0
10253,269.32,28.195328399999994,99.81423360000001,4.131145360000001,7.117222480000001,1.3242741599999999,0
10254,153.64,35.82670480000001,83.0277348,3.70064384,9.180019680000001,1.3064558,1
10255,126.4,25.003937999999994,333.1360000000001,3.666906519999999,5.458273680000002,1.11252824,0
10256,149.56,18.82345,116.96860600000002,3.9448392,3.7765197599999993,1.1435981999999998,0
10257,364.48,30.835472799999994,260.38733599999995,4.666039120000001,8.980762720000003,1.3438516399999998,1
10258,280.72,28.926877200000007,268.13392799999997,3.4233176399999996,6.45836504,1.2838832000000002,1
10259,278.6,34.948013599999996,190.12358400000002,5.766733999999999,13.329399720000001,1.3088325600000001,0
10260,301.88,41.5123304,194.08172,5.62078044,16.399452399999998,1.30809452,0
10261,184.0,21.469809599999998,126.837896,3.8295652799999997,4.52838724,1.3513453599999996,0
10262,100.96,17.712912399999997,298.09979200000004,6.3107672400000006,5.6259530799999995,1.2885802000000002,0
10263,287.44,34.98107879999999,242.574612,3.5734816399999993,8.564732240000001,1.3046232,1
10264,297.64,33.8490436,150.446472,3.42846636,7.997528519999999,1.2880717199999998,1
10265,118.36,33.5522292,69.48982960000001,3.46377956,7.972272920000003,1.3024838399999998,0
10266,18.32,28.066628400000003,327.13320000000004,5.18572168,8.71711556,1.3355171199999998,1
10267,117.84,29.586052799999997,25.5565524,3.8590154800000005,7.367783400000002,1.3065706,0
10268,179.44,22.95391119999999,110.45993039999999,3.59479984,4.80244208,1.3268698,0
10269,55.12,26.616937320000005,249.18365800000004,7.70282124,0.6602318344400001,1.304558,0
10270,52.0,20.50194748,103.60425919999997,3.473351079999999,3.9597447999999997,1.0957645200000001,0
10271,325.0,16.405207200000003,287.30937600000004,5.448229000000001,3.5217620840000006,1.3185875200000001,0
10272,252.2,25.361914799999994,206.56251999999998,4.80048636,6.95335092,1.33576256,0
10273,192.48,17.9555036,146.95918400000002,4.56369388,4.0239350400000005,1.2988407200000003,0
10274,353.64,30.791987199999998,171.23047599999998,4.2406896,8.185376519999998,1.30486304,1
10275,208.56,28.816854799999998,240.73576800000004,3.9466904000000005,7.093105600000001,1.29936352,1
10276,148.08,24.72869399999999,66.8414428,4.1137634400000005,5.97674332,1.2964374799999998,0
10277,228.68,34.043206399999995,142.151872,3.12003236,7.611898600000001,1.3655356799999998,1
10278,170.32,25.09491279999999,178.557792,4.2449096,6.085676080000001,1.2520189599999998,0
10279,72.48,27.487480800000004,103.42651880000001,6.592599159999999,9.01205959628,1.2848387600000002,0
10280,296.16,25.3353432,305.087452,3.88893004,6.212954880000002,1.30487348,1
10281,396.92,33.860796,296.58028399999995,2.92042364,7.24116364,1.3648983600000002,0
10282,96.12,35.330542400000006,317.98011696000003,3.7401175199999996,9.045438559999997,1.2815186,1
10283,374.28,15.94131588,327.767396,4.700386119999999,3.5321135199999993,1.2840806000000002,0
10284,247.04,31.157496000000002,224.36167199999997,4.25579052,8.32174604,1.2762853600000001,0
10285,478.64,27.142303599999995,291.9127920000001,5.695546,9.228326880000003,1.36624912,0
10286,324.76,16.03375908,190.886992,5.1216098,4.430957289879999,1.300164,0
10287,257.96,28.32128639999998,190.03443600000006,4.432933320000001,7.596957519999998,1.33144876,0
10288,124.04,21.001902719999993,163.082188,3.63584032,4.30643366648,1.25288028,0
10289,273.32,24.590904000000002,120.10985799999999,5.594754320000001,8.21857068,1.2917461600000002,0
10290,259.68,24.269192799999995,173.69222800000003,4.657161320000001,6.377055319999999,1.32509676,0
10291,544.48,27.67186279999999,114.8507676,4.939325080000001,8.34665072,1.3238461999999998,0
10292,329.32,17.8210376,307.43458400000003,5.95799892,5.6041742,1.3159824400000002,0
10293,165.96,32.342447199999995,269.749288,4.2895072800000005,9.0370146,1.3606188000000004,1
10294,116.88,20.0715316,225.904784,5.300034519999998,5.569648560000001,1.32999644,0
10295,70.12,17.91606067999999,110.96558600000002,7.18477836,6.267812803679998,1.34170144,0
10296,194.44,34.01602839999999,290.80107200000003,4.479774480000001,10.387141960000001,1.3517023999999997,1
10297,617.2,41.91745,222.24900799999995,3.7361133999999994,11.418868160000002,1.31487548,1
10298,198.44,33.1081612,116.85497040000004,3.318174640000001,7.6708276,1.35098108,1
10299,394.64,18.8362028,187.407592,4.109177,3.9910812399999998,1.3041403200000001,0
10300,59.4,11.40979108,159.04844359999998,6.33545712,2.4754506580399993,1.2737499599999997,0
10301,730.96,40.5017408,190.41978000000006,3.60298968,10.606677999999997,1.33496796,0
10302,21.92,29.013424399999998,125.8739652,4.376855160000001,6.41375042784,1.3091124000000003,0
10303,176.04,21.7843828,176.999196,5.062360920000001,5.936853,1.3279667200000003,0
10304,145.36,24.773069999999993,77.04118880000001,3.9111627200000005,5.65863884,1.3043452399999997,0
10305,328.64,17.485734639999997,254.89533199999997,6.286453120000001,4.81957634,1.3257228000000003,0
10306,96.8,23.380624400000002,119.18691600000002,4.94467872,6.445715,1.26869216,0
10307,107.44,19.48759588,231.50137600000002,3.8334669200000002,3.893855720000001,1.33270588,1
10308,602.56,41.499475200000006,282.714972,5.0948115199999995,14.77308,1.3186745599999998,0
10309,332.96,30.119513999999995,283.337124,3.1308817999999996,6.43541712,1.3116148,0
10310,113.76,29.5650776,224.58761599999997,3.0779833199999995,6.15353184,1.2557162,0
10311,492.4,25.120268399999997,266.45732399999997,4.503411519999999,6.47151612,1.31914056,0
10312,271.2,33.8507044,54.30261039999999,4.0403915999999995,9.0327096,1.1397837999999996,0
10313,199.04,20.6569832,190.893888,5.783415080000001,6.285980719999999,1.3311776800000001,0
10314,348.64,26.572848639999997,113.54901400000003,5.43457848,7.884561820599999,1.3689591200000002,0
10315,96.76,14.123562240000004,314.37824800000004,5.070097519999999,2.61956981524,1.1041829200000002,0
10316,208.68,25.2817404,159.8497208,3.69373308,5.789713439999999,1.3277878,0
10317,504.56,22.980748679999998,139.8299872,3.20272028,4.46302458,1.3466517999999998,0
10318,480.52,15.071697999999994,207.0,3.8423827999999998,2.7180986399999996,1.3277212,0
10319,176.88,24.608926,205.42803600000002,4.459258480000001,6.187849880000001,1.30363148,0
10320,188.84,31.0285652,261.66406399999994,6.032934999999998,11.915793359999999,1.2840356400000001,0
10321,294.16,17.859076,129.4381108,5.879618599999999,4.56944854268,1.36938516,0
10322,555.0,19.242436559999998,97.5337556,5.028965719999999,4.746500800000001,1.3237700000000001,0
10323,111.6,26.2265692,106.73117760000001,4.66730304,7.19421692,1.24953572,0
10324,112.84,30.547774,258.25448399999993,4.223321680000001,7.999430399999999,1.2640137999999999,0
10325,217.76,24.585848800000004,315.75396800000004,3.7103884000000007,5.38145704,1.10887664,0
10326,839.52,23.0865044,64.2586644,3.19163236,4.448457040000001,1.34035516,0
10327,239.28,34.860748,218.38983200000007,4.7553034400000005,10.877948239999998,1.29243328,0
10328,141.96,28.410068399999997,95.53451960000002,3.9912836400000002,6.973691320000001,1.2940604800000002,1
10329,313.32,35.819441999999995,164.393364,4.1796766,10.05937932,1.3065775999999998,1
10330,58.0,18.095897599999997,288.297002,4.13198804,3.87758048,1.2772640400000002,0
10331,60.88,25.412058400000006,312.01980000000003,4.83045096,6.960171559999997,1.3347080399999998,0
10332,155.4,25.39212,313.47422800000004,4.675517639999999,6.84631332,1.2783068000000002,0
10333,206.28,32.271047599999996,132.86331600000003,4.0633672,8.4377526,1.2683396800000002,0
10334,111.0,17.999079720000005,175.54200799999998,4.03170192,3.514426088,1.33307328,0
10335,58.12,27.075241600000005,278.08360400000004,5.18417672,8.31105844,1.1937315199999998,0
10336,35.12,19.8276092,218.69519999999997,3.85895828,4.1106187599999995,1.23283696,0
10337,178.76,24.271268799999994,317.80032800000004,4.02829568,5.633027200000002,1.1354886400000002,0
10338,389.44,41.57636359999999,72.66126647999997,3.2741278,10.300270480000002,1.3693651199999999,0
10339,102.96,22.121698000000002,150.09060799999997,3.8827830799999994,4.737057248,1.30247944,0
10340,367.72,18.5261124,130.18900799999994,3.368785639999999,3.38908924,1.2844826400000002,0
10341,49.92,29.117036000000002,227.50881600000005,4.954777719999999,8.8495016,1.3548097199999998,0
10342,160.64,27.183217999999997,183.86541599999998,5.4492195599999995,8.74608792,1.2550708799999997,0
10343,73.76,29.5355048,52.08294639999999,4.202247800000001,7.675614400000001,1.3440940799999999,1
10344,449.52,17.770630399999995,80.34103999999999,3.6144371200000007,3.2917857,1.3134895200000003,0
10345,85.16,16.78547264,280.1168599999999,4.712778960000001,3.1564948055200004,1.3324177599999998,0
10346,36.56,37.2627016,174.240572,4.92846868,12.104857359999999,1.3393867599999998,0
10347,231.6,36.8579976,224.93200799999994,3.3693934399999996,8.88135728,1.2794505199999997,0
10348,25.84,27.7243428,204.87215759999998,4.16497888,3.8025255592000007,1.3068004,0
10349,128.24,25.9370788,273.32805999999994,3.9298575600000003,6.098073120000001,1.3173229199999996,0
10350,323.24,24.375478119999997,269.01036559999994,3.4404713200000003,5.130849243999998,1.2842780800000002,1
10351,19.04,23.661450520000002,302.88945199999995,4.2735356,6.09617292,1.2929476,0
10352,191.04,39.0108028,279.167396,4.45885392,11.558989560000002,1.3028582400000002,0
10353,95.76,51.09882600000001,267.51792000000006,2.9623852,12.729882519999999,1.3024447600000002,1
10354,228.24,22.441280400000004,123.14457160000002,4.88258704,6.451150560000002,1.3015905200000004,1
10355,246.64,21.559862799999998,198.81777599999998,6.109549520000002,7.21518308,1.2856254,0
10356,734.36,44.0966128,25.742385160000005,4.46389132,14.334211680000001,1.3214622399999998,0
10357,166.4,28.326546519999994,302.08104,6.273583919999998,9.7021679156,1.36042648,0
10358,304.44,35.153341999999995,159.954864,4.3777808799999995,10.360654400000001,1.3399762799999997,1
10359,141.16,28.983218,118.15686399999998,5.5061596,10.10229268,1.2944138400000003,1
10360,49.88,31.783921199999998,196.63240399999998,5.3548542,10.695593120000002,1.28258556,0
10361,310.28,29.048897999999994,148.9451448,4.52018592,8.243447360000001,1.31579924,0
10362,365.56,31.308913999999994,166.195416,4.0607364,8.126312919999998,1.3045512,1
10363,582.04,40.661224,247.1975600000001,3.98973956,11.480115399999999,1.3167957199999998,1
10364,124.84,35.520622,141.899008,4.112637599999999,9.705303160000001,1.31063116,1
10365,187.88,40.44799839999999,315.86337199999997,4.09024788,11.638607200000003,1.33224612,1
10366,101.44,23.919338399999997,337.823012,3.4905263199999994,5.0855574,1.3522655600000002,0
10367,122.56,22.6668084,267.31334000000004,4.49392636,5.530178560000001,1.2994148799999998,0
10368,238.6,44.507415599999995,81.5118912,3.907083,12.9394732,1.29995748,1
10369,29.12,30.446974,137.31188791999998,5.725505880000001,8.2672851,1.2832548400000001,0
10370,157.84,22.736331600000003,323.960252,3.8466234800000008,4.81461192,1.2722250000000002,0
10371,48.16,23.431004400000003,172.5133616,5.0989191200000015,7.1386242399999995,1.3613272799999998,1
10372,160.96,31.971560399999998,272.436276,5.272194999999999,11.076693719999998,1.3383176,0
10373,81.04,18.8112896,186.362108,3.7257025999999986,3.67807184,1.30555128,0
10374,238.48,21.4095628,147.13452200000003,3.2339746,4.138231787999999,1.33315936,0
10375,542.52,30.18257839999999,265.781236,4.834091959999999,9.00091416,1.3202634,1
10376,19.56,28.91776292,167.47086,4.483427240000001,6.762934000000001,1.3036928799999998,0
10377,9.96,26.876456799999996,149.50166399999998,5.787431240000002,9.26334024,1.2696044400000002,0
10378,775.88,34.13883799999999,164.064204,4.10877292,9.22938492,1.3202317200000002,0
10379,403.48,30.207633199999997,301.1206840000001,4.6157062,8.671456319999999,1.31642772,0
10380,85.68,22.629385199999998,242.56666559999996,4.72430336,5.723193719999999,1.10545768,0
10381,769.28,42.42122439999999,314.636072,4.219435399999999,12.876822399999998,1.34036856,0
10382,15.6,27.662213480000005,188.66866800000003,4.33059964,7.5548269160000014,1.2853915599999999,0
10383,200.56,32.323350399999995,32.62255,4.9632008,10.151256799999997,1.3537362,0
10384,11.04,18.16133015999999,135.69265800000002,3.96340612,3.8222421839999994,1.2581477600000002,0
10385,222.0,12.414672600000001,177.137398,8.740098480000002,1.0396895868800002,1.28377628,0
10386,176.6,16.8277618,198.47554519999997,5.51429036,3.39653088128,1.3439033599999999,0
10387,41.96,19.283471559999995,129.2429712,5.897471760000001,5.01455930204,1.3194258799999998,0
10388,518.4,47.38705760000002,160.71337599999998,4.191147280000001,14.795016799999999,1.3165252400000003,1
10389,69.28,22.17348668,187.91880000000003,4.31653008,5.408781160000001,1.2811990400000002,0
10390,324.44,23.450897080000004,114.39415759999999,3.478163120000001,4.8169438399999995,1.3235956399999997,1
10391,360.4,32.596225999999994,253.24707600000002,5.026958680000002,10.477793320000004,1.3283402000000002,1
10392,147.48,34.7209492,311.861924,4.22086828,9.71812872,1.3016062799999997,1
10393,143.0,27.578078,146.959844,5.063526919999998,8.26606756,1.29632084,0
10394,170.76,22.50047852,157.2789148,4.8799759599999994,5.89655728,1.36202676,0
10395,161.92,31.2145316,121.53283599999999,4.49565888,8.834306720000002,1.1936058399999998,0
10396,87.24,28.687445879999995,201.01219120000002,4.164833000000001,3.680320089879999,1.33967608,0
10397,72.64,21.730783199999998,151.16058800000005,3.52509276,4.278988000000001,1.28543096,0
10398,218.24,19.9083224,169.03339599999998,5.74514604,5.356087479999998,1.30993676,0
10399,29.32,13.819349479999998,137.94958919999996,3.6339375199999995,2.2552313199999996,1.27118296,0
10400,285.6,18.434465600000006,220.00066079999996,6.501538479999998,6.14897516,1.305001,0
10401,384.32,28.915568399999998,147.68823200000003,3.55795592,6.593374999999998,1.28886128,1
10402,500.36,24.352788800000003,243.19075200000003,6.105127319999999,8.57797456,1.36405668,0
10403,34.76,24.983192399999997,61.38296040000003,3.80341292,5.60236368,1.0954830400000002,0
10404,213.12,42.0693376,89.3272556,3.2300386000000003,10.41594828,1.3440178400000002,0
10405,405.4,31.864127600000003,94.094204,3.74004272,7.910590600000002,1.3252010400000003,1
10406,533.68,26.692914799999993,72.12422000000001,3.742173880000001,6.0575149999999995,1.3475280400000003,0
10407,255.0,25.243369199999997,267.974348,3.7093996,5.5568230000000005,1.30866748,0
10408,476.56,33.12990919999999,82.24068759999996,4.627516799999999,9.85316764,1.3288318799999999,0
10409,63.36,18.3083552,186.64555600000003,5.31898788,4.339114144,1.3057311200000001,0
10410,265.68,26.9785712,282.133052,3.5187096799999993,6.1571672,1.3034845199999998,1
10411,77.36,27.906537199999992,207.64430000000002,3.93086796,6.735734559999998,1.1096938,0
10412,311.8,38.166719199999996,257.126204,3.0882074399999997,8.791057239999997,1.3075612,0
10413,64.92,31.418995999999993,274.90424400000006,3.5293064,7.409140960000001,1.2446275199999999,0
10414,80.24,18.779850399999994,213.55155599999998,4.4111556400000005,4.25412388,1.19161368,0
10415,160.2,37.5158816,113.25624040000002,3.8413838800000004,10.10179872,1.2994076799999998,0
10416,466.84,33.19594279999999,195.61269928000004,6.224665279999998,13.55961908,1.36958208,0
10417,232.64,39.981762,135.09276000000003,4.8001780400000005,13.89314664,1.3054886399999999,0
10418,188.36,34.321896,176.23471999999998,4.91732332,10.999059120000002,1.2973761199999998,1
10419,111.64,23.308402800000003,289.8421159999999,6.239586920000001,8.6337776,1.25753372,0
10420,397.88,47.2770972,285.469556,3.5288617600000003,12.8320872,1.36753468,0
10421,189.88,20.405355200000002,128.20260800000003,4.290210840000001,4.775998479999999,1.3020207999999998,0
10422,97.64,18.086013959999995,176.4055,6.723641239999998,4.542005474800001,1.3324433999999998,0
10423,117.68,28.845993200000006,215.03937200000001,5.0425882,8.80592236,1.3410168400000004,0
10424,189.52,14.294163640000004,274.9007999999999,6.0670146,4.11596492,1.3199492400000004,0
10425,243.28,26.158531200000006,144.967032,4.322082040000001,6.62928312,1.32882216,0
10426,151.52,20.948681199999992,226.90300799999997,3.8366105999999998,4.385650440000001,1.29513828,0
10427,414.16,22.5717112,294.255484,4.811513399999999,5.957541879999999,1.30430664,0
10428,182.2,29.07911520000001,219.91223999999994,4.73547936,8.38054964,1.29514456,0
10429,147.24,20.836281479999997,208.285884,4.87792508,5.196802843999999,1.28635588,0
10430,170.68,22.217860799999997,114.4891896,4.686530199999998,5.92240624,1.2791136,0
10431,53.84,24.646425199999996,198.41596,5.50531396,7.82140688,1.109969,0
10432,251.2,30.913916,222.10752399999998,5.66307612,11.284961599999997,1.3076042799999998,0
10433,137.08,22.498038519999994,114.96847079999999,4.02575096,4.5589779759999995,1.2993451999999999,0
10434,362.12,20.6712728,135.187492,4.70870456,5.01624952,1.28296828,0
10435,50.08,28.49150611999999,134.4922188,3.5831148000000006,6.27257808,1.269233,0
10436,189.28,29.76577056000001,252.97309599999997,3.0799691600000005,6.319243963999998,1.30268504,0
10437,647.36,15.21199092,104.0949,5.180687959999999,2.5542748489600005,1.3691550399999999,0
10438,84.88,27.2340976,144.62987200000003,4.783464,7.4957809200000005,1.26086428,0
10439,174.8,24.9483532,217.54059600000005,4.4949696800000005,6.423273439999999,1.10962296,0
10440,460.88,34.1000504,306.994652,3.18532588,7.750132760000001,1.3282941200000005,0
10441,61.32,13.97816912,222.038864,5.958384719999999,3.347632894719999,1.2634909199999997,0
10442,27.28,39.63977159999999,42.36370279999999,2.9181924799999996,8.88691408,1.26814696,0
10443,265.6,34.8675792,112.92557280000001,3.3799562799999996,8.009244759999998,1.3044170800000001,1
10444,407.52,27.791595199999996,82.48709919999999,3.52201336,6.115098240000001,1.3232140800000003,1
10445,167.68,30.48205399999999,281.3116880000001,4.1499580400000005,7.954593959999999,1.3113781199999996,0
10446,111.48,31.947902399999993,98.09255200000001,4.354890640000001,8.88363188,1.3622629999999998,0
10447,12.68,28.00686799999999,236.86395199999993,5.470975360000001,9.1870046,1.1951091999999999,0
10448,299.08,32.11995759999999,299.707372,3.8875218800000004,8.16202768,1.28558788,0
10449,26.88,18.079215879999996,119.693244,4.730169480000002,3.9395760799999993,1.277526,0
10450,98.2,36.02898108000001,248.02819200000002,6.049178159999999,6.662064932840001,1.29852696,0
10451,106.56,30.6819168,28.835952799999994,4.41402556,8.30584804,1.3242544000000003,0
10452,108.92,31.81519999999999,42.368468400000005,4.37329196,8.663462,1.2954811999999998,0
10453,461.52,19.430987999999996,299.86918600000007,6.353759920000001,2.93705140372,1.31544692,0
10454,508.08,20.6214168,329.36741200000006,4.446338680000001,5.2631779199999995,1.36929448,0
10455,123.44,23.523992799999995,161.69379800000002,5.793680480000001,7.631783640000001,1.3248046399999998,0
10456,118.08,30.164792920000004,99.76185439999999,5.47238668,9.813381799999998,1.30814024,0
10457,222.36,26.258427999999995,58.46459040000003,4.99251964,7.646867920000001,1.3327731999999997,0
10458,146.6,17.104778959999997,230.906656,3.3441761199999998,3.01983232,1.28183988,0
10459,109.08,27.616169320000004,140.75008920000005,2.8286028799999996,5.273225512,1.30364624,0
10460,266.24,19.061941199999996,48.22500399999999,4.322864280000001,4.187841839999999,1.3653952800000002,0
10461,713.64,29.493804,208.49122799999995,6.828903080000001,13.105812160000003,1.33681172,0
10462,143.36,41.27245440000001,73.92167159999998,3.4637039999999994,10.52279584,1.3010324799999997,0
10463,378.04,33.7425648,307.91974000000005,3.4611456,7.92028804,1.3032375999999999,1
10464,99.44,23.8210268,163.26996079999998,3.1770167600000003,4.780032599999999,1.2740563200000001,1
10465,326.16,24.417916800000004,273.7065772,4.470840239999999,5.96720867884,1.2871793599999999,0
10466,20.76,44.39953879999999,321.14644400000003,4.2264676,13.581518000000003,1.30458656,0
10467,345.28,34.3620552,270.52857207999995,4.22394092,9.446807480000002,1.3015755999999998,1
10468,63.6,29.813795599999995,326.572688,3.56065404,6.870481759999999,1.27468876,0
10469,375.24,28.67240279999999,282.6782840000001,5.36516652,9.34140024,1.28132864,0
10470,111.68,21.566799999999994,278.18266,5.987402039999999,6.154837679999999,1.33322652,0
10471,114.36,31.329035999999995,261.824816,3.29167004,6.9848454800000015,1.3441336400000004,0
10472,96.28,40.037570800000005,119.01868736,3.7519156799999998,10.77656444,1.2992908400000003,0
10473,82.36,34.35780239999999,157.45034799999996,3.6047626800000008,8.448887639999999,1.2751748799999998,0
10474,235.12,25.987474399999996,114.776508,4.87864268,7.3069622800000005,1.2789057999999998,1
10475,28.6,20.600381199999998,254.48162888,5.5994182399999985,7.14298604,1.30200852,0
10476,342.36,45.80827199999998,310.7459,3.6004404399999994,12.48819328,1.36223612,1
10477,20.84,13.186552999999998,289.4893972,5.386772800000001,2.8038551149999993,1.24231472,0
10478,194.64,28.5346732,204.077488,4.8579006399999995,8.35828704,1.33840512,1
10479,122.0,38.559731199999995,116.11666360000001,3.0588672400000005,8.76627696,1.2942738400000002,1
10480,65.12,38.95640908,322.86744000000004,4.0252279600000005,9.376482189000003,1.2589622000000003,0
10481,264.84,31.115051599999997,116.63860131999999,3.0083223999999995,6.593244799999999,1.35690112,1
10482,109.16,15.965010800000002,72.913346,4.126768,3.1219644360000003,1.1300522000000002,0
10483,34.76,23.500479600000002,312.260512,4.48328036,6.01106928,1.2892006400000002,0
10484,97.88,30.016550800000005,125.13626400000001,4.446827440000001,8.400976399999998,1.31744496,0
10485,56.04,27.1233156,201.231488,4.430021999999999,7.187042879999999,1.3115566399999998,0
10486,161.2,18.39723263999999,109.90354400000002,3.706276,3.412240192,1.2773144400000003,0
10487,487.48,24.2683096,283.29911999999996,3.9702708799999997,5.543384479999999,1.33072328,0
10488,327.96,31.445420799999997,195.321548,4.1136567600000005,8.297864839999999,1.31702272,0
10489,390.8,16.423269599999994,56.537398,5.54053336,4.379943159999999,1.3193400800000001,0
10490,213.44,29.090886280000003,149.8229956,3.7335458399999992,5.7598881440000005,1.3081368800000002,0
10491,104.44,29.012168120000005,144.9345588,5.35451408,8.134482888079999,1.3061322000000002,0
10492,220.12,36.2361676,306.97429199999993,3.8761852,9.63558928,1.3677526,1
10493,458.28,30.674250400000002,313.26197632,3.78014884,7.49345644,1.3693861600000004,1
10494,155.4,38.40383719999999,52.100724,3.74230284,10.11761652,1.3298262,1
10495,90.96,30.7017392,193.7924104,2.62623016,5.785691359999999,1.3024948800000002,0
10496,40.44,30.7923608,53.06180967999999,4.92276396,10.256820920000001,1.31638852,0
10497,277.92,18.8995308,290.9782528,4.75919896,5.1954465999999995,1.2874608000000003,0
10498,146.4,30.615269199999997,108.71589920000002,4.0154635999999995,7.806188120000001,1.29724612,0
10499,249.28,27.125696,212.397184,4.37394056,7.114708799999997,1.3205194400000002,0
10500,653.84,43.58500960000001,278.08235199999996,4.774402640000002,14.8969164,1.3178512399999998,0
10501,101.92,24.537292,302.63376400000004,3.4507417599999997,5.119970679999999,1.11352344,0
10502,153.56,25.624858400000004,71.21085760000001,5.186377240000001,7.6326611999999985,1.29803084,1
10503,442.56,22.912500799999997,316.6488320000001,3.34176744,4.5915324,1.3034456,0
10504,613.0,37.4935404,265.20494799999994,2.690453319999999,7.968506319999998,1.3124549199999997,0
10505,134.76,33.87478428000001,77.9818656,3.8865707600000015,8.278232959999999,1.3013378800000002,1
10506,29.76,30.7439672,317.84448800000007,5.17468412,6.867717865360001,1.28981256,0
10507,195.32,39.2864,143.73883199999997,3.2449759600000005,9.543323960000002,1.29988756,1
10508,266.72,23.180998799999998,60.806479999999986,5.22065924,7.0961307599999985,1.28353952,0
10509,36.04,26.962257599999994,293.06435200000004,5.45691548,9.500454040000001,1.28229344,0
10510,167.32,47.692727600000005,238.080424,3.92489608,14.082835320000001,1.3282526799999999,0
10511,248.2,32.758320799999986,157.199256,4.21608264,8.953503079999999,1.2803503600000001,1
10512,362.04,22.851138560000003,289.46914799999996,3.7561255599999988,5.063786743999999,1.28390588,1
10513,66.04,23.038483599999996,337.747344,5.6368240400000005,7.2124951200000025,1.2892270800000003,0
10514,352.56,32.17309719999999,276.04981200000003,6.489645679999998,13.689201719999998,1.31619616,0
10515,295.4,16.80303696,216.737408,3.4319636000000004,2.9931815280000005,1.30693256,0
10516,229.32,20.2460304,105.78975999999999,4.889623520000001,5.079630560000001,1.3212680000000003,0
10517,361.96,25.465750399999997,154.152324,4.59530596,6.865055960000001,1.3256289599999997,0
10518,275.08,30.869330400000003,138.2867,4.455417920000001,8.635926920000001,1.2811416400000002,0
10519,99.6,30.054922800000003,139.4567448,4.95149672,9.19290424,1.3115879599999998,1
10520,95.24,32.08402068,134.08551600000004,4.3326628,8.622022679999997,1.2568645199999997,0
10521,53.24,14.866213519999997,229.631988,6.332530999999998,4.483372599999999,1.2764216,0
10522,32.44,19.945862000000005,45.2009876,5.0835832,5.214491799999999,1.3584137199999997,0
10523,213.64,25.15085559999999,61.76978840000001,3.2872018400000003,5.10879684,1.1741102,0
10524,174.64,17.525462399999995,296.68437760000006,4.31822008,3.84743144,1.1912912400000002,0
10525,334.0,21.922501999999994,177.19276,4.30946216,5.12337928,1.3003185199999998,0
10526,226.36,21.131319999999995,120.40487999999999,4.74026392,5.2932586000000015,1.3207307599999998,0
10527,18.24,26.401205599999997,295.37129600000003,5.7179426000000015,8.86596232,1.26000444,1
10528,207.44,38.76108159999999,314.42211599999996,4.9001058,12.922314799999995,1.1396722000000001,0
10529,30.0,29.266391999999996,313.857248,3.56259116,6.837366919999999,1.32469932,0
10530,439.36,35.1137168,315.8065399999999,3.508467519999999,8.66399808,1.30780336,0
10531,161.36,27.658504799999996,40.8754404,6.42022956,10.798276879999998,1.33749324,0
10532,163.08,26.1340268,70.3035532,4.10791832,6.289600560000001,1.3356232,0
10533,272.72,30.697563999999993,72.60642360000001,4.1731726,8.056884280000002,1.3664848800000005,1
10534,237.48,30.531047999999995,277.20912175999996,3.9220376400000005,7.69221568,1.33173148,1
10535,215.24,18.356801199999996,189.904792,7.021440879999999,6.867717919999999,1.31321964,0
10536,400.68,30.0146632,310.32906008000003,3.80738504,7.354385480000001,1.31872792,1
10537,148.28,28.72393,139.5478368,5.31094224,8.76084508,1.2996916399999998,1
10538,80.72,17.429042400000004,279.98217200000005,4.53782172,3.8439235199999997,1.27925396,0
10539,139.72,33.163258799999994,240.213636,3.2120578400000004,7.378744600000001,1.1486951600000002,1
10540,852.56,23.215871200000002,273.76831880000003,4.117065040000001,5.360742800000001,1.34052388,0
10541,132.88,16.461284120000002,109.977906,4.6572848,3.6996026880000006,1.29486336,0
10542,169.96,30.131037599999996,302.62675088000003,3.6189455199999996,7.088224239999999,1.36685964,1
10543,418.12,18.47845588,290.390116,3.6711732400000003,3.57099336,1.2947845599999999,0
10544,371.36,30.508411199999998,111.53786480000001,4.025773279999999,7.916557280000002,1.3087258400000001,0
10545,316.84,10.107934400000003,183.6,4.78286388,1.79355640896,1.28648336,0
10546,395.12,38.53109719999999,229.28973999999994,3.9783335200000005,10.67509984,1.3113382000000002,1
10547,295.64,25.42014412,233.56163999999998,3.911460400000001,5.875770879999999,1.3054567999999998,0
10548,225.84,37.368254,46.918882719999985,3.8997326000000005,10.098798319999998,1.3624036000000002,0
10549,197.96,28.2598228,300.81245200000006,5.126385720000001,8.620933560000001,1.2784698000000003,0
10550,338.16,32.033429599999984,286.96976800000004,5.335741240000001,10.802619320000002,1.3308516,0
10551,374.56,33.009839199999995,223.87377119999996,4.55345648,9.229177720000001,1.3176585600000001,0
10552,43.08,26.738099720000005,260.59605200000004,3.9082419600000007,6.6814597,1.30807976,0
10553,48.76,27.0293728,58.72471088,3.8567052000000013,6.2560910000000005,1.2528118799999999,0
10554,50.32,12.538142279999997,297.521244,5.107880760000001,2.8654294925199997,1.3427461600000001,0
10555,33.0,27.1387376,197.07476400000004,5.010751679999999,8.05549524,1.28557604,0
10556,143.04,22.052907200000007,171.623412,4.3416032,5.2204552799999995,1.29794396,0
10557,375.32,21.191851999999994,115.28700199999999,4.992458320000001,5.72089076,1.28423216,0
10558,789.12,26.9372812,78.59426936000001,4.00651236,6.47955268,1.3210351600000003,0
10559,124.4,28.70874399999999,42.009109360000004,4.59224372,7.99196012,1.3352238000000003,0
10560,403.12,29.74839,340.018648,4.5178388400000005,8.292237040000002,1.3267661599999996,0
10561,155.84,18.091121479999998,115.993614,5.024629479999999,4.7540322800000006,1.3106432800000005,0
10562,298.6,40.326417600000006,325.143384,4.44707196,12.420488440000002,1.29677076,1
10563,294.28,28.810295599999996,294.8574536,3.6092445200000007,6.59434068,1.3249456000000002,0
10564,25.48,16.100315640000005,289.86444,4.682706680000001,2.914923545719999,1.2787899600000001,1
10565,79.72,23.028678799999994,312.8338319999999,5.10315856,6.42161148,1.3372382800000002,0
10566,358.16,36.4018756,238.04355999999999,3.2445650800000005,8.545353279999999,1.31144036,1
10567,466.32,25.748476119999996,184.982592,3.1849749199999997,5.305584680000001,1.31791884,0
10568,136.08,27.1111276,93.23155040000003,3.2966285999999996,5.739348760000001,1.18993512,0
10569,67.4,19.52173416,301.65105600000004,5.0299475199999995,5.070311450759999,1.3510151200000002,0
10570,139.0,26.281034399999996,74.01697200000001,3.7421649600000007,6.052271000000001,1.31932724,0
10571,91.36,23.15132708,111.52448960000001,6.6733934800000005,8.593678079999998,1.2957897600000001,0
10572,98.68,28.994519600000004,329.36688399999997,6.109646640000002,10.973073159999998,1.10875332,0
10573,337.68,26.644563999999995,317.45464239999995,4.275955159999999,6.822841760000001,1.3679417999999999,0
10574,173.48,33.13601,221.44595199999995,4.76228024,10.205004800000001,1.29225728,1
10575,59.32,13.789331080000002,121.42439999999999,5.557323120000001,2.587375788880001,1.2964296400000004,0
10576,54.32,15.686409479999998,246.83625200000003,6.120941519999999,4.662439600000002,1.27491164,0
10577,52.72,22.856820559999996,212.155376,5.526473839999999,7.354731080000001,1.1601295999999999,1
10578,111.28,13.381675320000001,272.64448799999997,4.5925178,2.4057810468399996,1.36178272,0
10579,260.48,35.515956,209.807432,4.51615008,10.33947404,1.2802454399999998,1
10580,284.96,22.3421272,113.0203668,5.884172640000002,7.238539879999999,1.32071456,0
10581,153.44,31.81403,197.26721600000005,5.0453823600000005,10.241198880000002,1.28495004,0
10582,627.52,29.250551999999992,263.44260799999995,5.16887704,9.2357254,1.36642392,0
10583,542.72,34.182803199999995,163.45513599999995,4.644212040000001,10.3407542,1.31984128,0
10584,367.4,24.810536799999994,119.55535679999998,4.79784444,7.5090492,1.31354056,0
10585,81.12,17.472563319999995,181.181236,3.56507124,4.63723,1.3027739600000001,0
10586,22.2,15.390465599999997,243.58815200000004,5.946222919999999,4.171040469560001,1.2745122,0
10587,560.04,33.421467199999995,333.382672,3.2525630000000003,7.58203552,1.34401644,0
10588,172.6,25.292278,275.44878000000006,6.44660724,10.14892852,1.34578984,0
10589,290.04,16.31758084,121.700844,7.169291799999999,6.228563564,1.3092178799999998,0
10590,81.76,25.608114399999998,289.15210160000004,5.03718208,7.43804596,1.353715,0
10591,213.2,28.869461840000003,115.79399920000002,5.28982108,7.967262358,1.2953087600000002,1
10592,40.4,18.702723279999997,166.31563728,6.7887704,3.0962066751599995,1.3117321999999998,0
10593,406.12,33.44619959999998,167.48297599999998,3.50485228,7.981984239999998,1.2885388000000004,1
10594,275.04,35.6313364,191.41048400000003,4.234271040000001,10.09274024,1.3136002000000002,1
10595,195.92,39.0202428,296.527244,3.893996359999999,10.758126240000001,1.3607804800000003,1
10596,231.24,35.777384000000005,107.85386480000001,5.550889999999999,13.110754920000002,1.2799328,0
10597,83.76,26.8419904,183.80759999999998,4.70729896,7.583339959999998,1.3483623599999999,0
10598,74.72,28.28425304,101.77528039999997,3.3656456400000003,5.559714396,1.31248444,1
10599,128.72,28.031688000000003,167.565912,4.32431812,5.5254012,1.3160447600000003,0
10600,238.56,17.21437532,250.72124,4.1493312399999995,2.9685151822799996,1.2731147200000001,0
10601,147.72,47.02305012,296.33511960000004,3.740133839999999,12.351337723999997,1.3327970000000002,1
10602,42.44,19.479828279999996,56.183549199999995,3.55502496,3.358537348,1.2697178800000002,0
10603,238.52,23.176144,47.01810439999999,4.025224120000001,5.26958312,1.3418182800000003,0
10604,262.44,26.18316092000001,262.7144248,3.366114079999999,5.703465971999999,1.3009718,1
10605,142.12,23.029506000000005,257.952404,5.34121856,6.7137107999999985,1.2591013199999999,0
10606,40.32,19.794574279999996,169.08864000000003,3.76427216,3.541044228,1.3166672799999999,0
10607,74.76,15.7778484,264.22603760000004,5.36094252,3.9181970399999995,1.3441936399999996,0
10608,418.4,27.867562399999994,132.50251927999997,6.948208040000001,12.85943556,1.3521732,0
10609,281.2,26.222778,309.900136,4.66266812,6.911945279999998,1.30199336,1
10610,70.68,32.561555199999994,72.05801360000001,5.2399894,10.897936159999999,1.2948494,0
10611,255.16,33.26203239999998,203.44741599999998,4.32673536,9.330873279999999,1.34071976,1
10612,96.28,19.993803599999996,300.5069628,3.9489968399999986,4.28141812,1.27801244,0
10613,123.48,20.6679724,198.38549600000002,5.6857446000000005,6.294892560000001,1.2915219999999998,0
10614,79.64,30.7794432,72.90365560000001,5.514944320000001,10.53424736,1.14654976,0
10615,475.84,30.689666,147.597904,3.24373236,6.740312399999999,1.3454784399999997,0
10616,380.04,21.102754,210.61907199999993,7.87281316,9.895760640000002,1.3187629200000002,0
10617,344.08,34.83291159999999,325.090908,3.9280571999999996,9.181084279999999,1.27923996,0
10618,252.28,32.2564936,159.408484,3.54865288,7.58230576,1.3210754400000002,0
10619,183.72,33.49268959999999,62.20369968,4.929191159999999,10.639013440000001,1.2824730000000002,1
10620,350.44,39.310181199999995,164.544976,2.9269967199999996,9.00619032,1.2936645599999996,1
10621,70.76,14.890457759999999,70.85040799999999,3.599034200000001,2.893547236,1.28912464,0
10622,238.16,36.44803319999999,254.739768,5.421489120000001,13.29532244,1.30894804,1
10623,255.72,18.824728159999996,123.08863200000002,4.0712894,4.08128548,1.28046964,0
10624,78.2,24.1138864,133.05724647999998,6.576541879999999,6.623291388,1.31714252,0
10625,178.36,13.741467999999996,126.65590799999998,5.07454048,2.9547406283999993,1.32089148,0
10626,317.28,31.962495999999998,107.88882840000002,5.83125436,11.9142394,1.3308890799999997,1
10627,318.44,41.87619479999999,128.161188,3.4198653199999995,10.78336388,1.30704648,1
10628,254.24,36.1523108,64.53824799999998,5.041496640000001,12.135123599999996,1.3481157199999998,0
10629,110.84,21.31368388,226.14409600000002,6.217077559999999,7.15616764,1.3437738,0
10630,273.28,28.609958000000006,137.715552,3.236034919999999,6.064664080000001,1.22751516,0
10631,322.48,38.565338399999995,243.47360799999998,3.0398064000000007,8.875739600000001,1.3099472399999998,1
10632,214.08,10.697940999999998,164.53740000000002,5.73024592,2.73857843308,1.33011448,0
10633,514.88,32.47514759999999,130.12428799999998,3.6471605600000006,7.88377692,1.3254340399999998,0
10634,515.24,37.9335592,267.215392,4.947433840000001,12.63339364,1.3377363599999998,1
10635,211.84,32.67559760000001,267.395672,4.255634919999999,8.97097696,1.3630124799999999,1
10636,362.32,44.47733640000001,81.64912879999999,3.8090346,13.508709799999998,1.31519092,0
10637,296.28,20.090746399999997,177.22635199999996,4.266145000000001,4.78548188,1.3235558400000003,0
10638,32.6,18.773124799999994,263.46947199999994,6.11510624,6.1017977199999995,1.3465369600000003,0
10639,76.24,25.94095039999999,311.36679688,3.79619352,5.874499280000001,1.11522328,0
10640,302.28,21.367616399999996,143.334672,4.57312068,5.469527560000001,1.3183027200000001,0
10641,153.4,37.4815368,49.2732012,3.76454088,9.827813759999998,1.2821028399999996,0
10642,295.6,34.8381324,48.28755128000002,5.01091688,11.547046120000003,1.3679150799999997,0
10643,191.2,20.90384652,113.602076,3.8784741999999994,4.581830492,1.1455524799999997,0
10644,136.88,19.727476399999997,129.739668,4.268821800000001,4.357185319999999,1.30758048,0
10645,237.48,25.749588400000007,312.0176120000001,3.4573506800000002,5.490275480000001,1.330744,0
10646,89.4,32.38631719999999,153.01951415999997,5.032047800000001,10.35542104,1.31715456,0
10647,207.6,21.402519999999996,126.95550399999996,5.194889400000001,5.90869596,1.3165332800000002,0
10648,365.12,38.2199772,329.49011200000007,4.53587984,11.740306639999998,1.3006084399999998,1
10649,578.24,11.223690919999997,189.523204,4.5985967599999995,1.8846949891599996,1.3690948400000003,0
10650,148.36,20.52141479999999,106.1900956,3.5549066000000007,3.9784992399999997,1.2954263600000002,0
10651,158.88,29.398061199999987,200.03466400000002,4.28904808,7.78023316,1.2845111599999999,0
10652,424.08,30.132680000000008,156.434084,4.713732719999999,8.96651168,1.31679204,1
10653,63.16,27.383068120000008,159.8414476,4.238113080000001,6.32390591532,1.2664174800000003,0
10654,44.16,20.150126800000002,287.35454,5.4056353600000016,5.641240520000001,1.2929466000000003,0
10655,199.48,27.619037999999996,300.007044,5.92590092,9.96366312,1.3659672,0
10656,219.84,25.021972,176.8492756,4.5790137600000005,6.554791359999999,1.33705324,0
10657,52.76,28.69325999999999,43.30086688,5.91172596,9.97595732,1.27705424,0
10658,148.96,30.778172799999997,279.14897599999995,4.008857879999999,7.824165199999999,1.35944168,1
10659,50.2,29.749916279999994,317.74254799999994,4.42729924,8.435017119999998,1.3508211599999997,0
10660,160.04,30.432435599999994,88.8926584,5.063991000000001,9.456265719999998,1.3392968799999998,0
10661,178.16,14.615634519999997,118.4778464,6.926305440000001,4.42479144468,1.3225172400000003,0
10662,215.92,28.666184799999996,96.83540640000001,5.234435039999999,9.2504756,1.2723734400000002,0
10663,225.96,18.616891999999993,202.66455599999998,5.383942599999998,4.991848200000001,1.3051125199999998,0
10664,268.76,31.1392004,271.25074800000004,3.49670724,7.034205359999999,1.35169172,1
10665,83.72,31.996861999999986,104.83976160000002,3.9002564800000004,8.099278759999999,1.27770908,0
10666,389.28,22.800923600000004,300.683452,4.984391159999999,6.172826720000001,1.3181733200000003,1
10667,450.08,36.967530800000006,281.6531999999999,4.40559072,10.90829072,1.3202911600000005,0
10668,21.32,11.81162936,289.47479200000004,5.004009119999999,1.6870920592799996,1.1119022,0
10669,107.56,28.367876399999997,261.29001199999993,5.09074312,8.68167264,1.2966240400000004,0
10670,168.8,33.41675,129.48792519999998,2.7997108399999995,7.000762799999999,1.30032776,0
10671,98.96,24.266109320000005,196.39909480000003,4.436722880000001,3.4475903733600006,1.3020067200000003,0
10672,121.12,21.981497599999997,252.32906,6.4435742000000005,7.882367999999999,1.34262004,0
10673,452.6,25.63426919999999,177.94500400000004,6.53962184,11.3760064,1.33309496,0
10674,81.56,21.635448399999994,235.909048,3.0313288800000002,3.714128319999999,1.29294656,0
10675,195.76,15.604885239999998,145.71300000000002,5.4969613200000005,4.691842688,1.3156629600000003,0
10676,158.44,28.099671599999997,86.817084,4.709501039999999,7.953578160000001,1.2935632,1
10677,296.6,30.495298399999996,46.19230200000001,5.3312912400000005,10.07439712,1.3374720400000002,0
10678,35.28,16.772294560000002,198.445792,5.7403692,4.099075943440001,1.29552936,0
10679,100.24,30.8520172,271.879552,3.9298036400000003,7.963074399999999,1.31299396,1
10680,456.44,39.3877696,160.00744799999998,4.54158412,12.411688400000003,1.3124913200000001,1
10681,501.08,30.22285479999999,274.44192000000004,5.484384280000001,10.25177288,1.3618215599999997,0
10682,241.68,37.5596016,337.16165263999994,3.9149042000000005,10.172605919999999,1.30595368,0
10683,112.28,20.9977672,175.61799599999998,5.130842600000001,5.6984473200000005,1.29670364,0
10684,26.68,22.098409319999995,146.390116,5.34162352,6.180372175999997,1.2895917200000002,0
10685,256.96,31.248766800000002,310.525632,4.900551799999999,9.73865184,1.3108800399999998,0
10686,453.8,34.2271924,206.81360415999998,3.752761719999999,8.648007680000001,1.32331628,1
10687,60.6,23.8178808,267.136412,5.854264239999999,7.909503599999998,1.2755477600000003,0
10688,107.08,29.565697199999985,292.3552680000001,4.68883816,8.51483932,1.30439324,0
10689,50.08,26.135842000000004,270.58384,3.4822704799999995,5.524440687999999,1.3137819999999996,0
10690,99.4,22.66456228,346.750112,5.07755532,5.84914468,1.3335680000000005,0
10691,94.8,28.940814399999994,320.16903199999996,4.60648784,8.16654512,1.33752536,0
10692,505.12,27.976081199999996,333.4435979999999,3.33020872,6.1375810400000015,1.3308352800000003,0
10693,175.4,31.528479080000007,206.83766200000002,3.25016296,6.758786439999999,1.3054165599999998,1
10694,124.04,25.317167199999993,283.1905960000001,5.03973152,7.382418600000001,1.35128756,0
10695,309.4,30.21524639999999,269.740268,4.7929154800000004,8.9576686,1.2861496399999999,1
10696,53.96,21.850292519999996,84.01076407999999,5.60849464,6.55643899436,1.2743339200000001,0
10697,233.28,33.2123396,199.22334000000004,4.5549018,9.80092516,1.2804951199999999,1
10698,101.52,30.334150960000002,331.991212,5.62509168,9.37346767188,1.29804088,0
10699,185.64,39.712928399999996,209.64268399999997,4.2728413199999995,7.433193685520001,1.2986336799999998,0
10700,119.52,36.84250188,99.3753488,3.8765155999999994,8.67143641632,1.2950634399999998,1
10701,183.6,34.275210400000006,190.47786800000003,4.133593439999999,9.376757959999997,1.3008822400000002,1
10702,313.44,36.4910248,89.50496559999998,4.01615084,10.039519920000002,1.36850744,1
10703,192.0,34.409784,232.67942000000005,3.95345908,9.17873648,1.2854443599999998,0
10704,543.24,34.8781776,127.03182000000001,4.9083094,11.168181479999998,1.34632552,0
10705,521.48,33.458537199999995,249.7697119999999,3.8480064800000005,8.55464128,1.3208673600000003,0
10706,491.2,40.8677748,104.62281519999999,3.6565469200000003,10.806774080000002,1.31741512,0
10707,230.64,29.998273200000003,131.67903199999998,5.10608948,9.485500080000001,1.3053556,0
10708,131.96,30.041236400000003,275.912728,4.325318239999999,8.25072496,1.3611349199999998,1
10709,183.92,23.537672279999992,91.14715640000003,6.16339184,8.214116319999999,1.3526427200000004,0
10710,82.12,21.907334839999997,138.6964636,4.070155199999999,4.486900243999999,1.2760357599999999,0
10711,293.72,38.96932160000001,186.8682,5.597878560000001,15.01701568,1.36148216,0
10712,112.88,38.046715999999996,308.743,5.53717184,14.498035680000003,1.3363290399999999,0
10713,20.44,30.629572120000002,135.2480496,5.06909092,6.955995327879999,1.2510930400000002,0
10714,144.76,40.892286,235.73676800000004,4.0138342399999996,11.756777199999998,1.29667676,0
10715,139.96,37.082283600000004,48.66006759999999,3.78090732,9.611688319999999,1.2946240800000002,1
10716,193.76,20.750769879999996,256.22221600000006,3.4468477200000005,4.026685680000001,1.3058553600000002,0
10717,82.36,25.9571512,355.81937999999997,4.466584159999999,6.74536196,1.3645825200000001,0
10718,209.24,25.861961999999995,161.42149199999997,3.3324418800000006,5.38371512,1.2796707600000001,0
10719,100.6,27.317077599999994,332.70003599999995,4.477692999999999,6.8996012800000015,1.29864488,0
10720,37.28,21.89554256,78.20870200000002,3.2351444800000007,3.6852363519999995,1.3088076000000002,0
10721,157.08,19.6505936,177.86326,6.60203916,6.83784948,1.3158496400000002,0
10722,356.36,51.5673704,138.88120880000002,5.40064436,19.90474670424,1.3255665599999997,0
10723,89.2,17.947828360000003,294.072492,3.84691636,3.489540000679999,1.3305129199999999,0
10724,53.56,11.935823079999999,179.095208,8.578789399999998,2.6939174396400007,1.31135392,0
10725,210.84,35.543738399999995,179.21734399999997,4.25629544,10.099873200000001,1.2825504799999998,1
10726,536.28,49.937432400000006,159.643988,3.3230137600000003,13.187483599999997,1.3115846,1
10727,62.08,10.546350679999998,96.69884959999999,5.50575008,2.2471385588799997,1.3458473199999998,0
10728,26.72,22.24467548,185.58430959999998,3.6121444400000007,3.9100402655999993,1.3410491999999998,0
10729,45.52,17.872571479999998,143.3410372,6.255058000000002,5.5990962,1.11222548,0
10730,334.0,37.673592,241.48216799999997,4.0907038,10.631933840000002,1.3274029999999999,1
10731,117.52,31.19726959999999,145.472172,2.7859956799999996,6.39294672,1.2850930799999998,0
10732,287.96,34.00518199999999,254.71167200000002,3.1628382000000004,7.6476887599999985,1.3678413200000004,1
10733,210.2,12.062917519999996,175.78979800000002,3.466333839999999,1.8593696400000002,1.3519503600000002,0
10734,220.8,32.940149999999996,273.16773600000005,5.028752200000001,10.62506152,1.2938851599999999,1
10735,725.24,39.29151320000001,224.45079199999998,3.45904888,9.88556264,1.3157932799999998,0
10736,646.44,25.80115719999999,222.7294656,6.02776224,9.182884600000001,1.3481246399999998,0
10737,329.68,38.9247408,295.96492,2.8632999199999993,8.65563932,1.31010928,1
10738,53.08,34.11624628,176.39414399999998,2.71165744,6.708386924,1.3140263599999997,0
10739,83.92,31.629015199999998,148.68638800000002,4.4147026799999995,8.804680000000001,1.234992,0
10740,301.08,36.7787044,214.91289600000005,3.0273844800000003,8.248201360000001,1.3060840000000002,1
10741,83.16,29.524268399999997,259.38891199999995,6.179709679999999,12.46656544,1.2841010800000001,0
10742,160.8,34.33850199999999,50.8283828,4.24638396,9.550410800000002,1.3399786000000002,0
10743,226.36,27.7668156,126.73837040000001,3.36413728,5.9808341600000015,1.3166625200000002,0
10744,246.16,30.177989199999992,175.823472,2.9108996400000002,6.212776544,1.2874189200000001,0
10745,354.72,36.38194359999999,148.5268196,3.1231532799999995,8.391056200000001,1.29855684,1
10746,368.04,30.8098624,78.29492959999999,4.544354120000001,8.887727359999998,1.3289027999999998,0
10747,71.76,32.431990799999994,95.81362640000002,3.37875764,7.446208799999999,1.2758796000000001,1
10748,142.64,30.764307999999996,45.2539036,5.326041879999999,10.03930472,1.33922136,0
10749,155.32,35.45013079999999,328.237048,4.07202912,9.678249960000002,1.3398455999999999,0
10750,41.76,28.33386279999999,88.48030679999998,6.3534644,11.159256440000002,1.30796752,1
10751,400.12,30.144862399999997,233.90950799999996,4.478939840000001,8.3776202,1.32867468,1
10752,463.56,30.2213848,257.43746344,5.11896352,9.74915748,1.3256231600000001,0
10753,401.4,42.50531280000001,162.641,5.079737799999999,15.252117599999998,1.3097005599999998,1
10754,327.8,39.97785520000001,268.259472,4.258813839999999,11.831333399999998,1.27683228,1
10755,91.36,15.56687628,130.59375639999996,8.21166812,5.72404561268,1.3600806400000003,0
10756,87.64,33.238962799999996,187.081324,3.31147328,7.501639400000001,1.2964598799999998,0
10757,303.92,22.97396948,224.34707200000005,4.16736696,5.217483879999999,1.2891193200000002,0
10758,89.24,14.924538680000001,185.39999999999998,6.139696919999999,4.14073936,1.1191540399999997,0
10759,174.76,20.7660484,291.670824,3.7638017999999995,4.24667476,1.3428593199999994,0
10760,556.16,34.0431932,285.030504,3.5766104400000005,8.425390160000003,1.31369124,1
10761,102.76,18.367001840000004,180.68668800000003,5.45055464,4.28349490268,1.3046636799999995,0
10762,23.6,39.7669132,183.67176388,4.0036603600000005,6.8862858299599985,1.2940026800000004,0
10763,292.84,40.830844400000004,244.63835600000004,3.6705228,10.83794676,1.3610540800000002,1
10764,126.44,21.20096692,74.01641599999999,5.03449608,6.023330639999999,1.3067613599999999,0
10765,659.72,27.005633599999996,69.4891208,2.9479743199999997,5.3156198,1.3421686,0
10766,305.04,32.9368436,129.7023744,3.32381192,7.57142504,1.3213913199999998,0
10767,361.84,31.020109599999998,50.78711568000001,5.89869604,11.4144714,1.3269204399999999,0
10768,221.64,36.108374399999995,88.10807160000002,4.02248156,9.792977479999998,1.3036757600000002,1
10769,71.52,31.1145444,252.27550800000006,3.3343712799999996,7.0612337200000015,1.2836868,0
10770,251.44,27.528133599999997,120.66954000000001,4.58023708,7.502673199999999,1.3102393999999997,0
10771,332.68,25.8016352,138.996236,4.684050200000001,6.9986096,1.3190775600000004,0
10772,375.76,35.167689200000005,75.8876748,3.5973666400000006,8.7211546,1.3691970800000002,0
10773,297.4,18.642560999999997,187.970592,5.39539676,4.223919073239999,1.32484476,0
10774,156.96,28.0270108,101.94305120000001,3.5414064400000003,6.414106479999999,1.3379401999999998,1
10775,320.12,8.867748959999997,128.2122,3.86668496,1.2794523680000003,1.2966366399999996,0
10776,98.32,30.06619479999999,75.00751000000002,5.23808624,9.690268880000001,1.30711112,1
10777,244.08,24.803819600000008,327.46668,4.4236929599999995,6.30012312,1.3333617600000003,0
10778,88.64,19.55190308,102.9708996,3.476150399999999,3.7046572599999994,1.28184708,0
10779,131.64,29.455541199999985,106.08621360000001,4.6530632800000005,8.3866694,1.1606280399999997,0
10780,409.08,34.802739199999984,255.71189599999994,5.687910959999999,13.07494564,1.3354544,0
10781,224.44,32.350068400000005,99.65170719999998,3.34574944,7.186669240000001,1.2989071599999997,0
10782,56.84,21.195421999999997,161.29644,5.890726279999999,6.50565488,1.2696254799999998,0
10783,66.28,25.228560400000003,262.93835200000007,5.20727096,7.499355119999999,1.35749492,0
10784,41.6,18.02227692,159.27856247999998,4.313989680000001,4.04718423104,1.32042216,0
10785,121.04,13.485279760000001,194.40000000000003,6.7708238399999985,3.3203610909599997,1.3077281600000001,0
10786,48.2,28.015592000000005,244.63491199999996,3.7741099199999995,6.299018719999998,1.12655936,0
10787,266.4,19.524225079999997,114.865208,5.30192648,5.12925632,1.33330648,0
10788,279.2,15.912337200000001,122.35100599999998,3.5485555599999996,2.77337354,1.3244699200000003,0
10789,24.96,47.43693000000001,217.47303999999994,3.2185954800000007,12.138723319999999,1.2980538000000001,1
10790,250.56,29.114246399999992,104.90859640000002,3.78947812,7.0248607199999995,1.3083684400000004,1
10791,74.2,9.95424048,109.47479399999999,5.47577356,2.2530381183599997,1.1303303599999999,0
10792,23.56,25.556104799999993,41.282728800000015,5.770927400000001,8.886405360000001,1.2296833200000001,0
10793,156.68,31.704895599999986,166.12948400000002,3.97771524,8.11332624,1.253873,0
10794,424.08,21.0986884,273.867892,5.705206759999999,6.32786336,1.2862352799999999,0
10795,57.12,33.54208,208.4618839999999,4.9983296,10.82301284,1.2919237199999998,1
10796,193.72,32.87229628,274.1407204000001,4.327831400000001,9.050095537439999,1.29809016,0
10797,18.24,27.231476800000014,302.946588,4.22615472,6.916376039999999,1.31624056,0
10798,172.52,27.664689999999986,283.2432200000001,4.6691210000000005,7.73590288,1.3462134800000003,0
10799,524.32,33.59572839999999,236.65534000000008,3.8543251999999995,8.615984000000001,1.32089144,0
10800,577.96,33.53276519999999,71.23524119999999,5.759140719999998,12.678634679999998,1.3648637599999998,0
10801,145.68,16.260597759999996,143.693968,4.835515720000001,4.368869844520001,1.1081915199999999,0
10802,18.24,15.610135040000005,93.6231504,4.931928920000001,2.7372981148799997,1.2548219999999999,0
10803,148.64,34.80235079999999,148.40322799999998,4.84920476,11.06706772,1.3312988,1
10804,309.36,30.312559599999986,75.74927359999998,4.139654,7.906487080000002,1.28936352,0
10805,252.6,33.750873199999994,176.44072400000002,3.90015468,8.82264852,1.34123324,0
10806,41.44,28.209103759999994,95.68380599999996,3.9778776,6.969668760000001,1.2531965999999999,0
10807,397.32,41.78287360000001,163.772064,5.10792504,14.984199199999999,1.3096648,1
10808,84.24,29.190393999999998,202.78706800000003,4.06478224,7.4393940800000005,1.34338776,1
10809,266.0,28.5184492,156.813112,4.11935092,7.108777160000001,1.28493212,1
10810,196.4,23.681870800000006,257.353268,4.0793655200000005,5.43148612,1.31472244,1
10811,481.04,40.4645184,117.025164,5.5835568,15.739466400000001,1.33291684,1
10812,313.0,28.2378796,320.4102519999999,3.6765788399999995,6.969870920000001,1.29834004,0
10813,531.64,22.548693200000002,319.43396400000006,4.762050919999999,5.845169079999998,1.3321099199999997,0
10814,148.72,32.95667159999999,92.58224959999998,3.55213868,7.887800039999999,1.3064628799999998,1
10815,399.32,31.805396799999993,207.38265320000002,5.6627161599999996,12.162815160000005,1.3244593999999998,0
10816,117.08,27.732760400000004,174.75128000000004,5.16243516,8.503485399999999,1.3593487199999998,1
10817,61.36,29.707687600000014,219.10326400000005,3.5752011600000007,6.967110160000001,1.3221825199999997,1
10818,361.32,17.57796508,181.823158,3.2100675199999995,3.138516368,1.28346648,0
10819,496.68,45.00130519999999,128.92869599999997,4.294730960000001,13.957693240000003,1.31413052,0
10820,327.72,24.6870692,112.65202200000002,4.41644788,6.16795768,1.32483864,1
10821,88.72,14.283728879999998,164.230344,6.459568440000002,4.3250272800000005,1.3162566,0
10822,378.64,30.44067439999999,114.61629520000002,3.3204042400000002,6.734567320000001,1.3244245600000002,0
10823,207.12,16.895179600000002,327.9960279999999,4.13991024,3.2467006211200005,1.3591542399999996,0
10824,166.92,24.4062428,204.49590800000001,5.1596961199999996,7.10135236,1.3163147600000003,1
10825,396.68,34.397682,100.9973276,5.3014866,11.890036159999998,1.327917,1
10826,215.96,27.737623599999996,157.731436,3.3006899999999986,5.884255760000001,1.2581346,0
10827,129.84,26.256904400000003,296.320396,5.0459073199999995,7.732434559999999,1.1594121199999998,0
10828,393.72,21.513540399999997,291.68142800000004,4.6376675999999994,5.226694159999999,1.28374096,0
10829,270.88,42.80633159999999,321.825404,4.72173276,14.2818164,1.3553428000000003,0
10830,247.12,30.818110399999995,40.844670799999996,4.74630452,9.2831576,1.36396436,1
10831,190.84,32.27003,160.60100400000002,5.091501599999999,9.01606848,1.29235564,1
10832,211.56,21.18883828,133.5320284,5.076822279999999,4.401038991999999,1.27138328,0
10833,19.64,13.861208560000005,225.45238800000004,5.12097456,2.15167744124,1.2726577199999998,0
10834,155.12,26.739098400000007,42.503196880000004,3.8708740400000003,6.349948960000002,1.33906588,0
10835,302.8,25.708585999999997,115.11101760000001,4.691677639999999,7.05298724,1.3678529600000002,0
10836,254.64,24.542256000000005,190.06701040000004,3.777598679999999,5.61651084,1.32003452,0
10837,207.4,12.30383284,183.05864719999997,6.8383901200000015,1.5468350689999997,1.28570296,0
10838,173.28,32.253654000000004,256.140392,3.676120319999999,7.752760799999999,1.3393083199999998,0
10839,142.68,36.9961572,124.84985599999999,3.95030648,10.0300682,1.2625699599999998,0
10840,398.68,22.862715199999997,48.5454892,4.9226500799999995,5.97423404,1.28953876,0
10841,24.44,26.662727600000004,321.53266399999995,4.521638519999999,7.108326600000002,1.2459029999999998,1
10842,128.64,31.67632,258.86747088000004,4.980900159999999,9.400797279999999,1.2491148399999998,0
10843,287.48,33.65667719999998,152.76197599999998,5.83664896,13.226166720000002,1.29573136,0
10844,44.44,20.92465144,225.83445839999996,4.1508629599999995,4.3954761394799995,1.2787585600000002,0
10845,96.44,20.19730536,231.59176000000002,3.77101764,4.089748759999999,1.2767468800000001,0
10846,251.72,40.6344128,109.250404,3.997257479999999,11.4281164,1.2974562,0
10847,130.64,27.4759988,86.6231444,6.1728134,10.287794839999998,1.3613703999999998,0
10848,58.96,30.06281479999999,212.79476640000001,3.3710097199999995,5.99599065988,1.2610790800000002,0
10849,363.24,34.06596160000001,161.651792,3.6870791599999997,8.4519022,1.30474288,1
10850,316.6,37.85519719999999,317.201444,5.543232199999998,13.978718840000004,1.30820176,0
10851,154.68,33.8166044,307.804688,3.535959319999999,8.21433024,1.3655656000000003,1
10852,180.96,21.123639999999995,284.874468,5.28643816,6.077460440000001,1.3354898800000004,0
10853,105.68,40.199552399999995,144.915736,4.38263504,12.300897720000002,1.31146352,0
10854,643.72,32.3692732,324.35305600000004,5.372321199999999,11.13425252,1.3157464,0
10855,28.52,23.16495508,192.89945959999997,4.392964440000001,3.138341644880001,1.3070436800000003,0
10856,187.88,31.877177200000002,119.54781279999999,3.1821218800000004,7.016344959999998,1.3053678400000004,1
10857,231.04,34.1642152,144.249172,4.136840000000001,9.34905648,1.27411564,0
10858,176.84,31.50113240000001,214.10744399999996,3.2453318400000013,7.054897520000001,1.3001269599999998,1
10859,239.0,33.2352512,91.61726879999998,4.133724760000001,8.963896120000001,1.3228990399999998,1
10860,198.04,20.321682399999997,118.451976,4.002013959999999,4.039821772,1.27218108,0
10861,424.32,28.673108799999994,150.606208,3.4818908000000004,6.449958000000001,1.331094,1
10862,335.44,40.161621999999994,136.401204,3.72830448,10.775079480000004,1.29831848,1
10863,96.64,35.370752800000005,253.1842599999999,3.8022398799999992,9.18351472,1.3551444799999999,0
10864,236.76,26.0899044,301.85793200000006,4.75018312,7.09782016,1.3305906,1
